17-Feb-2025 00:12:35.817 INFO [main] org.apache.catalina.core.StandardServer.await A valid shutdown command was received via the shutdown port. Stopping the Server instance.
17-Feb-2025 00:12:35.861 INFO [main] org.apache.coyote.AbstractProtocol.pause Pausing ProtocolHandler ["http-nio-8080"]
17-Feb-2025 00:12:35.914 INFO [main] org.apache.catalina.core.StandardService.stopInternal Stopping service [Catalina]
17-Feb-2025 00:12:36.043 WARNING [main] org.apache.catalina.loader.WebappClassLoaderBase.clearReferencesObjectStreamClassCaches Failed to clear soft references from ObjectStreamClass$Caches for web application [ROOT]
	java.lang.ClassCastException: class java.io.ObjectStreamClass$Caches$1 cannot be cast to class java.util.Map (java.io.ObjectStreamClass$Caches$1 and java.util.Map are in module java.base of loader 'bootstrap')
		at org.apache.catalina.loader.WebappClassLoaderBase.clearCache(WebappClassLoaderBase.java:2363)
		at org.apache.catalina.loader.WebappClassLoaderBase.clearReferencesObjectStreamClassCaches(WebappClassLoaderBase.java:2338)
		at org.apache.catalina.loader.WebappClassLoaderBase.clearReferences(WebappClassLoaderBase.java:1706)
		at org.apache.catalina.loader.WebappClassLoaderBase.stop(WebappClassLoaderBase.java:1634)
		at org.apache.catalina.loader.WebappLoader.stopInternal(WebappLoader.java:429)
		at org.apache.catalina.util.LifecycleBase.stop(LifecycleBase.java:257)
		at org.apache.catalina.core.StandardContext.stopInternal(StandardContext.java:5464)
		at org.apache.catalina.util.LifecycleBase.stop(LifecycleBase.java:257)
		at org.apache.catalina.core.ContainerBase$StopChild.call(ContainerBase.java:1412)
		at org.apache.catalina.core.ContainerBase$StopChild.call(ContainerBase.java:1401)
		at java.base/java.util.concurrent.FutureTask.run(FutureTask.java:264)
		at org.apache.tomcat.util.threads.InlineExecutorService.execute(InlineExecutorService.java:75)
		at java.base/java.util.concurrent.AbstractExecutorService.submit(AbstractExecutorService.java:140)
		at org.apache.catalina.core.ContainerBase.stopInternal(ContainerBase.java:986)
		at org.apache.catalina.util.LifecycleBase.stop(LifecycleBase.java:257)
		at org.apache.catalina.core.ContainerBase$StopChild.call(ContainerBase.java:1412)
		at org.apache.catalina.core.ContainerBase$StopChild.call(ContainerBase.java:1401)
		at java.base/java.util.concurrent.FutureTask.run(FutureTask.java:264)
		at org.apache.tomcat.util.threads.InlineExecutorService.execute(InlineExecutorService.java:75)
		at java.base/java.util.concurrent.AbstractExecutorService.submit(AbstractExecutorService.java:140)
		at org.apache.catalina.core.ContainerBase.stopInternal(ContainerBase.java:986)
		at org.apache.catalina.util.LifecycleBase.stop(LifecycleBase.java:257)
		at org.apache.catalina.core.StandardService.stopInternal(StandardService.java:497)
		at org.apache.catalina.util.LifecycleBase.stop(LifecycleBase.java:257)
		at org.apache.catalina.core.StandardServer.stopInternal(StandardServer.java:979)
		at org.apache.catalina.util.LifecycleBase.stop(LifecycleBase.java:257)
		at org.apache.catalina.startup.Catalina.stop(Catalina.java:872)
		at org.apache.catalina.startup.Catalina.start(Catalina.java:834)
		at java.base/jdk.internal.reflect.NativeMethodAccessorImpl.invoke0(Native Method)
		at java.base/jdk.internal.reflect.NativeMethodAccessorImpl.invoke(NativeMethodAccessorImpl.java:62)
		at java.base/jdk.internal.reflect.DelegatingMethodAccessorImpl.invoke(DelegatingMethodAccessorImpl.java:43)
		at java.base/java.lang.reflect.Method.invoke(Method.java:566)
		at org.apache.catalina.startup.Bootstrap.start(Bootstrap.java:345)
		at org.apache.catalina.startup.Bootstrap.main(Bootstrap.java:476)
17-Feb-2025 00:12:36.101 WARNING [main] org.apache.catalina.loader.WebappClassLoaderBase.clearReferencesObjectStreamClassCaches Failed to clear soft references from ObjectStreamClass$Caches for web application [examples]
	java.lang.ClassCastException: class java.io.ObjectStreamClass$Caches$1 cannot be cast to class java.util.Map (java.io.ObjectStreamClass$Caches$1 and java.util.Map are in module java.base of loader 'bootstrap')
		at org.apache.catalina.loader.WebappClassLoaderBase.clearCache(WebappClassLoaderBase.java:2363)
		at org.apache.catalina.loader.WebappClassLoaderBase.clearReferencesObjectStreamClassCaches(WebappClassLoaderBase.java:2338)
		at org.apache.catalina.loader.WebappClassLoaderBase.clearReferences(WebappClassLoaderBase.java:1706)
		at org.apache.catalina.loader.WebappClassLoaderBase.stop(WebappClassLoaderBase.java:1634)
		at org.apache.catalina.loader.WebappLoader.stopInternal(WebappLoader.java:429)
		at org.apache.catalina.util.LifecycleBase.stop(LifecycleBase.java:257)
		at org.apache.catalina.core.StandardContext.stopInternal(StandardContext.java:5464)
		at org.apache.catalina.util.LifecycleBase.stop(LifecycleBase.java:257)
		at org.apache.catalina.core.ContainerBase$StopChild.call(ContainerBase.java:1412)
		at org.apache.catalina.core.ContainerBase$StopChild.call(ContainerBase.java:1401)
		at java.base/java.util.concurrent.FutureTask.run(FutureTask.java:264)
		at org.apache.tomcat.util.threads.InlineExecutorService.execute(InlineExecutorService.java:75)
		at java.base/java.util.concurrent.AbstractExecutorService.submit(AbstractExecutorService.java:140)
		at org.apache.catalina.core.ContainerBase.stopInternal(ContainerBase.java:986)
		at org.apache.catalina.util.LifecycleBase.stop(LifecycleBase.java:257)
		at org.apache.catalina.core.ContainerBase$StopChild.call(ContainerBase.java:1412)
		at org.apache.catalina.core.ContainerBase$StopChild.call(ContainerBase.java:1401)
		at java.base/java.util.concurrent.FutureTask.run(FutureTask.java:264)
		at org.apache.tomcat.util.threads.InlineExecutorService.execute(InlineExecutorService.java:75)
		at java.base/java.util.concurrent.AbstractExecutorService.submit(AbstractExecutorService.java:140)
		at org.apache.catalina.core.ContainerBase.stopInternal(ContainerBase.java:986)
		at org.apache.catalina.util.LifecycleBase.stop(LifecycleBase.java:257)
		at org.apache.catalina.core.StandardService.stopInternal(StandardService.java:497)
		at org.apache.catalina.util.LifecycleBase.stop(LifecycleBase.java:257)
		at org.apache.catalina.core.StandardServer.stopInternal(StandardServer.java:979)
		at org.apache.catalina.util.LifecycleBase.stop(LifecycleBase.java:257)
		at org.apache.catalina.startup.Catalina.stop(Catalina.java:872)
		at org.apache.catalina.startup.Catalina.start(Catalina.java:834)
		at java.base/jdk.internal.reflect.NativeMethodAccessorImpl.invoke0(Native Method)
		at java.base/jdk.internal.reflect.NativeMethodAccessorImpl.invoke(NativeMethodAccessorImpl.java:62)
		at java.base/jdk.internal.reflect.DelegatingMethodAccessorImpl.invoke(DelegatingMethodAccessorImpl.java:43)
		at java.base/java.lang.reflect.Method.invoke(Method.java:566)
		at org.apache.catalina.startup.Bootstrap.start(Bootstrap.java:345)
		at org.apache.catalina.startup.Bootstrap.main(Bootstrap.java:476)
17-Feb-2025 00:12:36.106 WARNING [main] org.apache.catalina.loader.WebappClassLoaderBase.clearReferencesObjectStreamClassCaches Failed to clear soft references from ObjectStreamClass$Caches for web application [host-manager]
	java.lang.ClassCastException: class java.io.ObjectStreamClass$Caches$1 cannot be cast to class java.util.Map (java.io.ObjectStreamClass$Caches$1 and java.util.Map are in module java.base of loader 'bootstrap')
		at org.apache.catalina.loader.WebappClassLoaderBase.clearCache(WebappClassLoaderBase.java:2363)
		at org.apache.catalina.loader.WebappClassLoaderBase.clearReferencesObjectStreamClassCaches(WebappClassLoaderBase.java:2338)
		at org.apache.catalina.loader.WebappClassLoaderBase.clearReferences(WebappClassLoaderBase.java:1706)
		at org.apache.catalina.loader.WebappClassLoaderBase.stop(WebappClassLoaderBase.java:1634)
		at org.apache.catalina.loader.WebappLoader.stopInternal(WebappLoader.java:429)
		at org.apache.catalina.util.LifecycleBase.stop(LifecycleBase.java:257)
		at org.apache.catalina.core.StandardContext.stopInternal(StandardContext.java:5464)
		at org.apache.catalina.util.LifecycleBase.stop(LifecycleBase.java:257)
		at org.apache.catalina.core.ContainerBase$StopChild.call(ContainerBase.java:1412)
		at org.apache.catalina.core.ContainerBase$StopChild.call(ContainerBase.java:1401)
		at java.base/java.util.concurrent.FutureTask.run(FutureTask.java:264)
		at org.apache.tomcat.util.threads.InlineExecutorService.execute(InlineExecutorService.java:75)
		at java.base/java.util.concurrent.AbstractExecutorService.submit(AbstractExecutorService.java:140)
		at org.apache.catalina.core.ContainerBase.stopInternal(ContainerBase.java:986)
		at org.apache.catalina.util.LifecycleBase.stop(LifecycleBase.java:257)
		at org.apache.catalina.core.ContainerBase$StopChild.call(ContainerBase.java:1412)
		at org.apache.catalina.core.ContainerBase$StopChild.call(ContainerBase.java:1401)
		at java.base/java.util.concurrent.FutureTask.run(FutureTask.java:264)
		at org.apache.tomcat.util.threads.InlineExecutorService.execute(InlineExecutorService.java:75)
		at java.base/java.util.concurrent.AbstractExecutorService.submit(AbstractExecutorService.java:140)
		at org.apache.catalina.core.ContainerBase.stopInternal(ContainerBase.java:986)
		at org.apache.catalina.util.LifecycleBase.stop(LifecycleBase.java:257)
		at org.apache.catalina.core.StandardService.stopInternal(StandardService.java:497)
		at org.apache.catalina.util.LifecycleBase.stop(LifecycleBase.java:257)
		at org.apache.catalina.core.StandardServer.stopInternal(StandardServer.java:979)
		at org.apache.catalina.util.LifecycleBase.stop(LifecycleBase.java:257)
		at org.apache.catalina.startup.Catalina.stop(Catalina.java:872)
		at org.apache.catalina.startup.Catalina.start(Catalina.java:834)
		at java.base/jdk.internal.reflect.NativeMethodAccessorImpl.invoke0(Native Method)
		at java.base/jdk.internal.reflect.NativeMethodAccessorImpl.invoke(NativeMethodAccessorImpl.java:62)
		at java.base/jdk.internal.reflect.DelegatingMethodAccessorImpl.invoke(DelegatingMethodAccessorImpl.java:43)
		at java.base/java.lang.reflect.Method.invoke(Method.java:566)
		at org.apache.catalina.startup.Bootstrap.start(Bootstrap.java:345)
		at org.apache.catalina.startup.Bootstrap.main(Bootstrap.java:476)
17-Feb-2025 00:12:36.134 WARNING [main] org.apache.catalina.loader.WebappClassLoaderBase.clearReferencesObjectStreamClassCaches Failed to clear soft references from ObjectStreamClass$Caches for web application [my_webapp]
	java.lang.ClassCastException: class java.io.ObjectStreamClass$Caches$1 cannot be cast to class java.util.Map (java.io.ObjectStreamClass$Caches$1 and java.util.Map are in module java.base of loader 'bootstrap')
		at org.apache.catalina.loader.WebappClassLoaderBase.clearCache(WebappClassLoaderBase.java:2363)
		at org.apache.catalina.loader.WebappClassLoaderBase.clearReferencesObjectStreamClassCaches(WebappClassLoaderBase.java:2338)
		at org.apache.catalina.loader.WebappClassLoaderBase.clearReferences(WebappClassLoaderBase.java:1706)
		at org.apache.catalina.loader.WebappClassLoaderBase.stop(WebappClassLoaderBase.java:1634)
		at org.apache.catalina.loader.WebappLoader.stopInternal(WebappLoader.java:429)
		at org.apache.catalina.util.LifecycleBase.stop(LifecycleBase.java:257)
		at org.apache.catalina.core.StandardContext.stopInternal(StandardContext.java:5464)
		at org.apache.catalina.util.LifecycleBase.stop(LifecycleBase.java:257)
		at org.apache.catalina.core.ContainerBase$StopChild.call(ContainerBase.java:1412)
		at org.apache.catalina.core.ContainerBase$StopChild.call(ContainerBase.java:1401)
		at java.base/java.util.concurrent.FutureTask.run(FutureTask.java:264)
		at org.apache.tomcat.util.threads.InlineExecutorService.execute(InlineExecutorService.java:75)
		at java.base/java.util.concurrent.AbstractExecutorService.submit(AbstractExecutorService.java:140)
		at org.apache.catalina.core.ContainerBase.stopInternal(ContainerBase.java:986)
		at org.apache.catalina.util.LifecycleBase.stop(LifecycleBase.java:257)
		at org.apache.catalina.core.ContainerBase$StopChild.call(ContainerBase.java:1412)
		at org.apache.catalina.core.ContainerBase$StopChild.call(ContainerBase.java:1401)
		at java.base/java.util.concurrent.FutureTask.run(FutureTask.java:264)
		at org.apache.tomcat.util.threads.InlineExecutorService.execute(InlineExecutorService.java:75)
		at java.base/java.util.concurrent.AbstractExecutorService.submit(AbstractExecutorService.java:140)
		at org.apache.catalina.core.ContainerBase.stopInternal(ContainerBase.java:986)
		at org.apache.catalina.util.LifecycleBase.stop(LifecycleBase.java:257)
		at org.apache.catalina.core.StandardService.stopInternal(StandardService.java:497)
		at org.apache.catalina.util.LifecycleBase.stop(LifecycleBase.java:257)
		at org.apache.catalina.core.StandardServer.stopInternal(StandardServer.java:979)
		at org.apache.catalina.util.LifecycleBase.stop(LifecycleBase.java:257)
		at org.apache.catalina.startup.Catalina.stop(Catalina.java:872)
		at org.apache.catalina.startup.Catalina.start(Catalina.java:834)
		at java.base/jdk.internal.reflect.NativeMethodAccessorImpl.invoke0(Native Method)
		at java.base/jdk.internal.reflect.NativeMethodAccessorImpl.invoke(NativeMethodAccessorImpl.java:62)
		at java.base/jdk.internal.reflect.DelegatingMethodAccessorImpl.invoke(DelegatingMethodAccessorImpl.java:43)
		at java.base/java.lang.reflect.Method.invoke(Method.java:566)
		at org.apache.catalina.startup.Bootstrap.start(Bootstrap.java:345)
		at org.apache.catalina.startup.Bootstrap.main(Bootstrap.java:476)
17-Feb-2025 00:12:36.157 WARNING [main] org.apache.catalina.loader.WebappClassLoaderBase.clearReferencesObjectStreamClassCaches Failed to clear soft references from ObjectStreamClass$Caches for web application [manager]
	java.lang.ClassCastException: class java.io.ObjectStreamClass$Caches$1 cannot be cast to class java.util.Map (java.io.ObjectStreamClass$Caches$1 and java.util.Map are in module java.base of loader 'bootstrap')
		at org.apache.catalina.loader.WebappClassLoaderBase.clearCache(WebappClassLoaderBase.java:2363)
		at org.apache.catalina.loader.WebappClassLoaderBase.clearReferencesObjectStreamClassCaches(WebappClassLoaderBase.java:2338)
		at org.apache.catalina.loader.WebappClassLoaderBase.clearReferences(WebappClassLoaderBase.java:1706)
		at org.apache.catalina.loader.WebappClassLoaderBase.stop(WebappClassLoaderBase.java:1634)
		at org.apache.catalina.loader.WebappLoader.stopInternal(WebappLoader.java:429)
		at org.apache.catalina.util.LifecycleBase.stop(LifecycleBase.java:257)
		at org.apache.catalina.core.StandardContext.stopInternal(StandardContext.java:5464)
		at org.apache.catalina.util.LifecycleBase.stop(LifecycleBase.java:257)
		at org.apache.catalina.core.ContainerBase$StopChild.call(ContainerBase.java:1412)
		at org.apache.catalina.core.ContainerBase$StopChild.call(ContainerBase.java:1401)
		at java.base/java.util.concurrent.FutureTask.run(FutureTask.java:264)
		at org.apache.tomcat.util.threads.InlineExecutorService.execute(InlineExecutorService.java:75)
		at java.base/java.util.concurrent.AbstractExecutorService.submit(AbstractExecutorService.java:140)
		at org.apache.catalina.core.ContainerBase.stopInternal(ContainerBase.java:986)
		at org.apache.catalina.util.LifecycleBase.stop(LifecycleBase.java:257)
		at org.apache.catalina.core.ContainerBase$StopChild.call(ContainerBase.java:1412)
		at org.apache.catalina.core.ContainerBase$StopChild.call(ContainerBase.java:1401)
		at java.base/java.util.concurrent.FutureTask.run(FutureTask.java:264)
		at org.apache.tomcat.util.threads.InlineExecutorService.execute(InlineExecutorService.java:75)
		at java.base/java.util.concurrent.AbstractExecutorService.submit(AbstractExecutorService.java:140)
		at org.apache.catalina.core.ContainerBase.stopInternal(ContainerBase.java:986)
		at org.apache.catalina.util.LifecycleBase.stop(LifecycleBase.java:257)
		at org.apache.catalina.core.StandardService.stopInternal(StandardService.java:497)
		at org.apache.catalina.util.LifecycleBase.stop(LifecycleBase.java:257)
		at org.apache.catalina.core.StandardServer.stopInternal(StandardServer.java:979)
		at org.apache.catalina.util.LifecycleBase.stop(LifecycleBase.java:257)
		at org.apache.catalina.startup.Catalina.stop(Catalina.java:872)
		at org.apache.catalina.startup.Catalina.start(Catalina.java:834)
		at java.base/jdk.internal.reflect.NativeMethodAccessorImpl.invoke0(Native Method)
		at java.base/jdk.internal.reflect.NativeMethodAccessorImpl.invoke(NativeMethodAccessorImpl.java:62)
		at java.base/jdk.internal.reflect.DelegatingMethodAccessorImpl.invoke(DelegatingMethodAccessorImpl.java:43)
		at java.base/java.lang.reflect.Method.invoke(Method.java:566)
		at org.apache.catalina.startup.Bootstrap.start(Bootstrap.java:345)
		at org.apache.catalina.startup.Bootstrap.main(Bootstrap.java:476)
17-Feb-2025 00:12:36.171 WARNING [main] org.apache.catalina.loader.WebappClassLoaderBase.clearReferencesObjectStreamClassCaches Failed to clear soft references from ObjectStreamClass$Caches for web application [docs]
	java.lang.ClassCastException: class java.io.ObjectStreamClass$Caches$1 cannot be cast to class java.util.Map (java.io.ObjectStreamClass$Caches$1 and java.util.Map are in module java.base of loader 'bootstrap')
		at org.apache.catalina.loader.WebappClassLoaderBase.clearCache(WebappClassLoaderBase.java:2363)
		at org.apache.catalina.loader.WebappClassLoaderBase.clearReferencesObjectStreamClassCaches(WebappClassLoaderBase.java:2338)
		at org.apache.catalina.loader.WebappClassLoaderBase.clearReferences(WebappClassLoaderBase.java:1706)
		at org.apache.catalina.loader.WebappClassLoaderBase.stop(WebappClassLoaderBase.java:1634)
		at org.apache.catalina.loader.WebappLoader.stopInternal(WebappLoader.java:429)
		at org.apache.catalina.util.LifecycleBase.stop(LifecycleBase.java:257)
		at org.apache.catalina.core.StandardContext.stopInternal(StandardContext.java:5464)
		at org.apache.catalina.util.LifecycleBase.stop(LifecycleBase.java:257)
		at org.apache.catalina.core.ContainerBase$StopChild.call(ContainerBase.java:1412)
		at org.apache.catalina.core.ContainerBase$StopChild.call(ContainerBase.java:1401)
		at java.base/java.util.concurrent.FutureTask.run(FutureTask.java:264)
		at org.apache.tomcat.util.threads.InlineExecutorService.execute(InlineExecutorService.java:75)
		at java.base/java.util.concurrent.AbstractExecutorService.submit(AbstractExecutorService.java:140)
		at org.apache.catalina.core.ContainerBase.stopInternal(ContainerBase.java:986)
		at org.apache.catalina.util.LifecycleBase.stop(LifecycleBase.java:257)
		at org.apache.catalina.core.ContainerBase$StopChild.call(ContainerBase.java:1412)
		at org.apache.catalina.core.ContainerBase$StopChild.call(ContainerBase.java:1401)
		at java.base/java.util.concurrent.FutureTask.run(FutureTask.java:264)
		at org.apache.tomcat.util.threads.InlineExecutorService.execute(InlineExecutorService.java:75)
		at java.base/java.util.concurrent.AbstractExecutorService.submit(AbstractExecutorService.java:140)
		at org.apache.catalina.core.ContainerBase.stopInternal(ContainerBase.java:986)
		at org.apache.catalina.util.LifecycleBase.stop(LifecycleBase.java:257)
		at org.apache.catalina.core.StandardService.stopInternal(StandardService.java:497)
		at org.apache.catalina.util.LifecycleBase.stop(LifecycleBase.java:257)
		at org.apache.catalina.core.StandardServer.stopInternal(StandardServer.java:979)
		at org.apache.catalina.util.LifecycleBase.stop(LifecycleBase.java:257)
		at org.apache.catalina.startup.Catalina.stop(Catalina.java:872)
		at org.apache.catalina.startup.Catalina.start(Catalina.java:834)
		at java.base/jdk.internal.reflect.NativeMethodAccessorImpl.invoke0(Native Method)
		at java.base/jdk.internal.reflect.NativeMethodAccessorImpl.invoke(NativeMethodAccessorImpl.java:62)
		at java.base/jdk.internal.reflect.DelegatingMethodAccessorImpl.invoke(DelegatingMethodAccessorImpl.java:43)
		at java.base/java.lang.reflect.Method.invoke(Method.java:566)
		at org.apache.catalina.startup.Bootstrap.start(Bootstrap.java:345)
		at org.apache.catalina.startup.Bootstrap.main(Bootstrap.java:476)
17-Feb-2025 00:12:36.173 INFO [main] org.apache.coyote.AbstractProtocol.stop Stopping ProtocolHandler ["http-nio-8080"]
17-Feb-2025 00:12:36.243 INFO [main] org.apache.coyote.AbstractProtocol.destroy Destroying ProtocolHandler ["http-nio-8080"]
17-Feb-2025 00:12:36.559 INFO [main] org.apache.catalina.startup.VersionLoggerListener.log Server version name:   Apache Tomcat/10.0.10
17-Feb-2025 00:12:36.564 INFO [main] org.apache.catalina.startup.VersionLoggerListener.log Server built:          Jul 30 2021 09:51:27 UTC
17-Feb-2025 00:12:36.564 INFO [main] org.apache.catalina.startup.VersionLoggerListener.log Server version number: 10.0.10.0
17-Feb-2025 00:12:36.564 INFO [main] org.apache.catalina.startup.VersionLoggerListener.log OS Name:               Linux
17-Feb-2025 00:12:36.564 INFO [main] org.apache.catalina.startup.VersionLoggerListener.log OS Version:            5.15.0-92-generic
17-Feb-2025 00:12:36.564 INFO [main] org.apache.catalina.startup.VersionLoggerListener.log Architecture:          amd64
17-Feb-2025 00:12:36.564 INFO [main] org.apache.catalina.startup.VersionLoggerListener.log Java Home:             /usr/lib/jvm/java-11-openjdk-amd64
17-Feb-2025 00:12:36.564 INFO [main] org.apache.catalina.startup.VersionLoggerListener.log JVM Version:           11.0.26+4-post-Ubuntu-1ubuntu122.04
17-Feb-2025 00:12:36.564 INFO [main] org.apache.catalina.startup.VersionLoggerListener.log JVM Vendor:            Ubuntu
17-Feb-2025 00:12:36.564 INFO [main] org.apache.catalina.startup.VersionLoggerListener.log CATALINA_BASE:         /home/alumne/proj/FIB-PTI/servlets/apache-tomcat-10.0.10
17-Feb-2025 00:12:36.564 INFO [main] org.apache.catalina.startup.VersionLoggerListener.log CATALINA_HOME:         /home/alumne/proj/FIB-PTI/servlets/apache-tomcat-10.0.10
17-Feb-2025 00:12:36.588 INFO [main] org.apache.catalina.startup.VersionLoggerListener.log Command line argument: --add-opens=java.base/java.lang=ALL-UNNAMED
17-Feb-2025 00:12:36.588 INFO [main] org.apache.catalina.startup.VersionLoggerListener.log Command line argument: --add-opens=java.base/java.io=ALL-UNNAMED
17-Feb-2025 00:12:36.588 INFO [main] org.apache.catalina.startup.VersionLoggerListener.log Command line argument: --add-opens=java.base/java.util=ALL-UNNAMED
17-Feb-2025 00:12:36.588 INFO [main] org.apache.catalina.startup.VersionLoggerListener.log Command line argument: --add-opens=java.base/java.util.concurrent=ALL-UNNAMED
17-Feb-2025 00:12:36.588 INFO [main] org.apache.catalina.startup.VersionLoggerListener.log Command line argument: --add-opens=java.rmi/sun.rmi.transport=ALL-UNNAMED
17-Feb-2025 00:12:36.588 INFO [main] org.apache.catalina.startup.VersionLoggerListener.log Command line argument: -Djava.util.logging.config.file=/home/alumne/proj/FIB-PTI/servlets/apache-tomcat-10.0.10/conf/logging.properties
17-Feb-2025 00:12:36.588 INFO [main] org.apache.catalina.startup.VersionLoggerListener.log Command line argument: -Djava.util.logging.manager=org.apache.juli.ClassLoaderLogManager
17-Feb-2025 00:12:36.588 INFO [main] org.apache.catalina.startup.VersionLoggerListener.log Command line argument: -Djdk.tls.ephemeralDHKeySize=2048
17-Feb-2025 00:12:36.589 INFO [main] org.apache.catalina.startup.VersionLoggerListener.log Command line argument: -Djava.protocol.handler.pkgs=org.apache.catalina.webresources
17-Feb-2025 00:12:36.589 INFO [main] org.apache.catalina.startup.VersionLoggerListener.log Command line argument: -Dorg.apache.catalina.security.SecurityListener.UMASK=0027
17-Feb-2025 00:12:36.589 INFO [main] org.apache.catalina.startup.VersionLoggerListener.log Command line argument: -Dignore.endorsed.dirs=
17-Feb-2025 00:12:36.589 INFO [main] org.apache.catalina.startup.VersionLoggerListener.log Command line argument: -Dcatalina.base=/home/alumne/proj/FIB-PTI/servlets/apache-tomcat-10.0.10
17-Feb-2025 00:12:36.589 INFO [main] org.apache.catalina.startup.VersionLoggerListener.log Command line argument: -Dcatalina.home=/home/alumne/proj/FIB-PTI/servlets/apache-tomcat-10.0.10
17-Feb-2025 00:12:36.589 INFO [main] org.apache.catalina.startup.VersionLoggerListener.log Command line argument: -Djava.io.tmpdir=/home/alumne/proj/FIB-PTI/servlets/apache-tomcat-10.0.10/temp
17-Feb-2025 00:12:36.595 INFO [main] org.apache.catalina.core.AprLifecycleListener.lifecycleEvent The Apache Tomcat Native library which allows using OpenSSL was not found on the java.library.path: [/home/alumne/catkin_ws/devel/lib:/opt/ros/noetic/lib:/usr/java/packages/lib:/usr/lib/x86_64-linux-gnu/jni:/lib/x86_64-linux-gnu:/usr/lib/x86_64-linux-gnu:/usr/lib/jni:/lib:/usr/lib]
17-Feb-2025 00:12:36.869 INFO [main] org.apache.coyote.AbstractProtocol.init Initializing ProtocolHandler ["http-nio-8080"]
17-Feb-2025 00:12:36.905 INFO [main] org.apache.catalina.startup.Catalina.load Server initialization in [695] milliseconds
17-Feb-2025 00:12:36.975 INFO [main] org.apache.catalina.core.StandardService.startInternal Starting service [Catalina]
17-Feb-2025 00:12:36.976 INFO [main] org.apache.catalina.core.StandardEngine.startInternal Starting Servlet engine: [Apache Tomcat/10.0.10]
17-Feb-2025 00:12:36.982 INFO [main] org.apache.catalina.startup.HostConfig.deployDirectory Deploying web application directory [/home/alumne/proj/FIB-PTI/servlets/apache-tomcat-10.0.10/webapps/host-manager]
17-Feb-2025 00:12:37.168 INFO [main] org.apache.jasper.servlet.TldScanner.scanJars At least one JAR was scanned for TLDs yet contained no TLDs. Enable debug logging for this logger for a complete list of JARs that were scanned but no TLDs were found in them. Skipping unneeded JARs during scanning can improve startup time and JSP compilation time.
17-Feb-2025 00:12:37.215 INFO [main] org.apache.catalina.startup.HostConfig.deployDirectory Deployment of web application directory [/home/alumne/proj/FIB-PTI/servlets/apache-tomcat-10.0.10/webapps/host-manager] has finished in [232] ms
17-Feb-2025 00:12:37.215 INFO [main] org.apache.catalina.startup.HostConfig.deployDirectory Deploying web application directory [/home/alumne/proj/FIB-PTI/servlets/apache-tomcat-10.0.10/webapps/ROOT]
17-Feb-2025 00:12:37.229 INFO [main] org.apache.jasper.servlet.TldScanner.scanJars At least one JAR was scanned for TLDs yet contained no TLDs. Enable debug logging for this logger for a complete list of JARs that were scanned but no TLDs were found in them. Skipping unneeded JARs during scanning can improve startup time and JSP compilation time.
17-Feb-2025 00:12:37.230 INFO [main] org.apache.catalina.startup.HostConfig.deployDirectory Deployment of web application directory [/home/alumne/proj/FIB-PTI/servlets/apache-tomcat-10.0.10/webapps/ROOT] has finished in [15] ms
17-Feb-2025 00:12:37.230 INFO [main] org.apache.catalina.startup.HostConfig.deployDirectory Deploying web application directory [/home/alumne/proj/FIB-PTI/servlets/apache-tomcat-10.0.10/webapps/my_webapp]
17-Feb-2025 00:12:37.257 INFO [main] org.apache.jasper.servlet.TldScanner.scanJars At least one JAR was scanned for TLDs yet contained no TLDs. Enable debug logging for this logger for a complete list of JARs that were scanned but no TLDs were found in them. Skipping unneeded JARs during scanning can improve startup time and JSP compilation time.
17-Feb-2025 00:12:37.263 INFO [main] org.apache.catalina.startup.HostConfig.deployDirectory Deployment of web application directory [/home/alumne/proj/FIB-PTI/servlets/apache-tomcat-10.0.10/webapps/my_webapp] has finished in [33] ms
17-Feb-2025 00:12:37.263 INFO [main] org.apache.catalina.startup.HostConfig.deployDirectory Deploying web application directory [/home/alumne/proj/FIB-PTI/servlets/apache-tomcat-10.0.10/webapps/manager]
17-Feb-2025 00:12:37.279 INFO [main] org.apache.jasper.servlet.TldScanner.scanJars At least one JAR was scanned for TLDs yet contained no TLDs. Enable debug logging for this logger for a complete list of JARs that were scanned but no TLDs were found in them. Skipping unneeded JARs during scanning can improve startup time and JSP compilation time.
17-Feb-2025 00:12:37.280 INFO [main] org.apache.catalina.startup.HostConfig.deployDirectory Deployment of web application directory [/home/alumne/proj/FIB-PTI/servlets/apache-tomcat-10.0.10/webapps/manager] has finished in [17] ms
17-Feb-2025 00:12:37.280 INFO [main] org.apache.catalina.startup.HostConfig.deployDirectory Deploying web application directory [/home/alumne/proj/FIB-PTI/servlets/apache-tomcat-10.0.10/webapps/docs]
17-Feb-2025 00:12:37.292 INFO [main] org.apache.jasper.servlet.TldScanner.scanJars At least one JAR was scanned for TLDs yet contained no TLDs. Enable debug logging for this logger for a complete list of JARs that were scanned but no TLDs were found in them. Skipping unneeded JARs during scanning can improve startup time and JSP compilation time.
17-Feb-2025 00:12:37.293 INFO [main] org.apache.catalina.startup.HostConfig.deployDirectory Deployment of web application directory [/home/alumne/proj/FIB-PTI/servlets/apache-tomcat-10.0.10/webapps/docs] has finished in [13] ms
17-Feb-2025 00:12:37.293 INFO [main] org.apache.catalina.startup.HostConfig.deployDirectory Deploying web application directory [/home/alumne/proj/FIB-PTI/servlets/apache-tomcat-10.0.10/webapps/examples]
17-Feb-2025 00:12:37.449 INFO [main] org.apache.jasper.servlet.TldScanner.scanJars At least one JAR was scanned for TLDs yet contained no TLDs. Enable debug logging for this logger for a complete list of JARs that were scanned but no TLDs were found in them. Skipping unneeded JARs during scanning can improve startup time and JSP compilation time.
17-Feb-2025 00:12:37.460 INFO [main] org.apache.catalina.startup.HostConfig.deployDirectory Deployment of web application directory [/home/alumne/proj/FIB-PTI/servlets/apache-tomcat-10.0.10/webapps/examples] has finished in [167] ms
17-Feb-2025 00:12:37.486 INFO [main] org.apache.coyote.AbstractProtocol.start Starting ProtocolHandler ["http-nio-8080"]
17-Feb-2025 00:12:37.505 INFO [main] org.apache.catalina.startup.Catalina.start Server startup in [599] milliseconds
17-Feb-2025 00:14:17.438 INFO [main] org.apache.catalina.core.StandardServer.await A valid shutdown command was received via the shutdown port. Stopping the Server instance.
17-Feb-2025 00:14:17.440 INFO [main] org.apache.coyote.AbstractProtocol.pause Pausing ProtocolHandler ["http-nio-8080"]
17-Feb-2025 00:14:17.449 INFO [main] org.apache.catalina.core.StandardService.stopInternal Stopping service [Catalina]
17-Feb-2025 00:14:17.455 WARNING [main] org.apache.catalina.loader.WebappClassLoaderBase.clearReferencesObjectStreamClassCaches Failed to clear soft references from ObjectStreamClass$Caches for web application [ROOT]
	java.lang.ClassCastException: class java.io.ObjectStreamClass$Caches$1 cannot be cast to class java.util.Map (java.io.ObjectStreamClass$Caches$1 and java.util.Map are in module java.base of loader 'bootstrap')
		at org.apache.catalina.loader.WebappClassLoaderBase.clearCache(WebappClassLoaderBase.java:2363)
		at org.apache.catalina.loader.WebappClassLoaderBase.clearReferencesObjectStreamClassCaches(WebappClassLoaderBase.java:2338)
		at org.apache.catalina.loader.WebappClassLoaderBase.clearReferences(WebappClassLoaderBase.java:1706)
		at org.apache.catalina.loader.WebappClassLoaderBase.stop(WebappClassLoaderBase.java:1634)
		at org.apache.catalina.loader.WebappLoader.stopInternal(WebappLoader.java:429)
		at org.apache.catalina.util.LifecycleBase.stop(LifecycleBase.java:257)
		at org.apache.catalina.core.StandardContext.stopInternal(StandardContext.java:5464)
		at org.apache.catalina.util.LifecycleBase.stop(LifecycleBase.java:257)
		at org.apache.catalina.core.ContainerBase$StopChild.call(ContainerBase.java:1412)
		at org.apache.catalina.core.ContainerBase$StopChild.call(ContainerBase.java:1401)
		at java.base/java.util.concurrent.FutureTask.run(FutureTask.java:264)
		at org.apache.tomcat.util.threads.InlineExecutorService.execute(InlineExecutorService.java:75)
		at java.base/java.util.concurrent.AbstractExecutorService.submit(AbstractExecutorService.java:140)
		at org.apache.catalina.core.ContainerBase.stopInternal(ContainerBase.java:986)
		at org.apache.catalina.util.LifecycleBase.stop(LifecycleBase.java:257)
		at org.apache.catalina.core.ContainerBase$StopChild.call(ContainerBase.java:1412)
		at org.apache.catalina.core.ContainerBase$StopChild.call(ContainerBase.java:1401)
		at java.base/java.util.concurrent.FutureTask.run(FutureTask.java:264)
		at org.apache.tomcat.util.threads.InlineExecutorService.execute(InlineExecutorService.java:75)
		at java.base/java.util.concurrent.AbstractExecutorService.submit(AbstractExecutorService.java:140)
		at org.apache.catalina.core.ContainerBase.stopInternal(ContainerBase.java:986)
		at org.apache.catalina.util.LifecycleBase.stop(LifecycleBase.java:257)
		at org.apache.catalina.core.StandardService.stopInternal(StandardService.java:497)
		at org.apache.catalina.util.LifecycleBase.stop(LifecycleBase.java:257)
		at org.apache.catalina.core.StandardServer.stopInternal(StandardServer.java:979)
		at org.apache.catalina.util.LifecycleBase.stop(LifecycleBase.java:257)
		at org.apache.catalina.startup.Catalina.stop(Catalina.java:872)
		at org.apache.catalina.startup.Catalina.start(Catalina.java:834)
		at java.base/jdk.internal.reflect.NativeMethodAccessorImpl.invoke0(Native Method)
		at java.base/jdk.internal.reflect.NativeMethodAccessorImpl.invoke(NativeMethodAccessorImpl.java:62)
		at java.base/jdk.internal.reflect.DelegatingMethodAccessorImpl.invoke(DelegatingMethodAccessorImpl.java:43)
		at java.base/java.lang.reflect.Method.invoke(Method.java:566)
		at org.apache.catalina.startup.Bootstrap.start(Bootstrap.java:345)
		at org.apache.catalina.startup.Bootstrap.main(Bootstrap.java:476)
17-Feb-2025 00:14:17.479 WARNING [main] org.apache.catalina.loader.WebappClassLoaderBase.clearReferencesObjectStreamClassCaches Failed to clear soft references from ObjectStreamClass$Caches for web application [examples]
	java.lang.ClassCastException: class java.io.ObjectStreamClass$Caches$1 cannot be cast to class java.util.Map (java.io.ObjectStreamClass$Caches$1 and java.util.Map are in module java.base of loader 'bootstrap')
		at org.apache.catalina.loader.WebappClassLoaderBase.clearCache(WebappClassLoaderBase.java:2363)
		at org.apache.catalina.loader.WebappClassLoaderBase.clearReferencesObjectStreamClassCaches(WebappClassLoaderBase.java:2338)
		at org.apache.catalina.loader.WebappClassLoaderBase.clearReferences(WebappClassLoaderBase.java:1706)
		at org.apache.catalina.loader.WebappClassLoaderBase.stop(WebappClassLoaderBase.java:1634)
		at org.apache.catalina.loader.WebappLoader.stopInternal(WebappLoader.java:429)
		at org.apache.catalina.util.LifecycleBase.stop(LifecycleBase.java:257)
		at org.apache.catalina.core.StandardContext.stopInternal(StandardContext.java:5464)
		at org.apache.catalina.util.LifecycleBase.stop(LifecycleBase.java:257)
		at org.apache.catalina.core.ContainerBase$StopChild.call(ContainerBase.java:1412)
		at org.apache.catalina.core.ContainerBase$StopChild.call(ContainerBase.java:1401)
		at java.base/java.util.concurrent.FutureTask.run(FutureTask.java:264)
		at org.apache.tomcat.util.threads.InlineExecutorService.execute(InlineExecutorService.java:75)
		at java.base/java.util.concurrent.AbstractExecutorService.submit(AbstractExecutorService.java:140)
		at org.apache.catalina.core.ContainerBase.stopInternal(ContainerBase.java:986)
		at org.apache.catalina.util.LifecycleBase.stop(LifecycleBase.java:257)
		at org.apache.catalina.core.ContainerBase$StopChild.call(ContainerBase.java:1412)
		at org.apache.catalina.core.ContainerBase$StopChild.call(ContainerBase.java:1401)
		at java.base/java.util.concurrent.FutureTask.run(FutureTask.java:264)
		at org.apache.tomcat.util.threads.InlineExecutorService.execute(InlineExecutorService.java:75)
		at java.base/java.util.concurrent.AbstractExecutorService.submit(AbstractExecutorService.java:140)
		at org.apache.catalina.core.ContainerBase.stopInternal(ContainerBase.java:986)
		at org.apache.catalina.util.LifecycleBase.stop(LifecycleBase.java:257)
		at org.apache.catalina.core.StandardService.stopInternal(StandardService.java:497)
		at org.apache.catalina.util.LifecycleBase.stop(LifecycleBase.java:257)
		at org.apache.catalina.core.StandardServer.stopInternal(StandardServer.java:979)
		at org.apache.catalina.util.LifecycleBase.stop(LifecycleBase.java:257)
		at org.apache.catalina.startup.Catalina.stop(Catalina.java:872)
		at org.apache.catalina.startup.Catalina.start(Catalina.java:834)
		at java.base/jdk.internal.reflect.NativeMethodAccessorImpl.invoke0(Native Method)
		at java.base/jdk.internal.reflect.NativeMethodAccessorImpl.invoke(NativeMethodAccessorImpl.java:62)
		at java.base/jdk.internal.reflect.DelegatingMethodAccessorImpl.invoke(DelegatingMethodAccessorImpl.java:43)
		at java.base/java.lang.reflect.Method.invoke(Method.java:566)
		at org.apache.catalina.startup.Bootstrap.start(Bootstrap.java:345)
		at org.apache.catalina.startup.Bootstrap.main(Bootstrap.java:476)
17-Feb-2025 00:14:17.485 WARNING [main] org.apache.catalina.loader.WebappClassLoaderBase.clearReferencesObjectStreamClassCaches Failed to clear soft references from ObjectStreamClass$Caches for web application [host-manager]
	java.lang.ClassCastException: class java.io.ObjectStreamClass$Caches$1 cannot be cast to class java.util.Map (java.io.ObjectStreamClass$Caches$1 and java.util.Map are in module java.base of loader 'bootstrap')
		at org.apache.catalina.loader.WebappClassLoaderBase.clearCache(WebappClassLoaderBase.java:2363)
		at org.apache.catalina.loader.WebappClassLoaderBase.clearReferencesObjectStreamClassCaches(WebappClassLoaderBase.java:2338)
		at org.apache.catalina.loader.WebappClassLoaderBase.clearReferences(WebappClassLoaderBase.java:1706)
		at org.apache.catalina.loader.WebappClassLoaderBase.stop(WebappClassLoaderBase.java:1634)
		at org.apache.catalina.loader.WebappLoader.stopInternal(WebappLoader.java:429)
		at org.apache.catalina.util.LifecycleBase.stop(LifecycleBase.java:257)
		at org.apache.catalina.core.StandardContext.stopInternal(StandardContext.java:5464)
		at org.apache.catalina.util.LifecycleBase.stop(LifecycleBase.java:257)
		at org.apache.catalina.core.ContainerBase$StopChild.call(ContainerBase.java:1412)
		at org.apache.catalina.core.ContainerBase$StopChild.call(ContainerBase.java:1401)
		at java.base/java.util.concurrent.FutureTask.run(FutureTask.java:264)
		at org.apache.tomcat.util.threads.InlineExecutorService.execute(InlineExecutorService.java:75)
		at java.base/java.util.concurrent.AbstractExecutorService.submit(AbstractExecutorService.java:140)
		at org.apache.catalina.core.ContainerBase.stopInternal(ContainerBase.java:986)
		at org.apache.catalina.util.LifecycleBase.stop(LifecycleBase.java:257)
		at org.apache.catalina.core.ContainerBase$StopChild.call(ContainerBase.java:1412)
		at org.apache.catalina.core.ContainerBase$StopChild.call(ContainerBase.java:1401)
		at java.base/java.util.concurrent.FutureTask.run(FutureTask.java:264)
		at org.apache.tomcat.util.threads.InlineExecutorService.execute(InlineExecutorService.java:75)
		at java.base/java.util.concurrent.AbstractExecutorService.submit(AbstractExecutorService.java:140)
		at org.apache.catalina.core.ContainerBase.stopInternal(ContainerBase.java:986)
		at org.apache.catalina.util.LifecycleBase.stop(LifecycleBase.java:257)
		at org.apache.catalina.core.StandardService.stopInternal(StandardService.java:497)
		at org.apache.catalina.util.LifecycleBase.stop(LifecycleBase.java:257)
		at org.apache.catalina.core.StandardServer.stopInternal(StandardServer.java:979)
		at org.apache.catalina.util.LifecycleBase.stop(LifecycleBase.java:257)
		at org.apache.catalina.startup.Catalina.stop(Catalina.java:872)
		at org.apache.catalina.startup.Catalina.start(Catalina.java:834)
		at java.base/jdk.internal.reflect.NativeMethodAccessorImpl.invoke0(Native Method)
		at java.base/jdk.internal.reflect.NativeMethodAccessorImpl.invoke(NativeMethodAccessorImpl.java:62)
		at java.base/jdk.internal.reflect.DelegatingMethodAccessorImpl.invoke(DelegatingMethodAccessorImpl.java:43)
		at java.base/java.lang.reflect.Method.invoke(Method.java:566)
		at org.apache.catalina.startup.Bootstrap.start(Bootstrap.java:345)
		at org.apache.catalina.startup.Bootstrap.main(Bootstrap.java:476)
17-Feb-2025 00:14:17.487 WARNING [main] org.apache.catalina.loader.WebappClassLoaderBase.clearReferencesObjectStreamClassCaches Failed to clear soft references from ObjectStreamClass$Caches for web application [my_webapp]
	java.lang.ClassCastException: class java.io.ObjectStreamClass$Caches$1 cannot be cast to class java.util.Map (java.io.ObjectStreamClass$Caches$1 and java.util.Map are in module java.base of loader 'bootstrap')
		at org.apache.catalina.loader.WebappClassLoaderBase.clearCache(WebappClassLoaderBase.java:2363)
		at org.apache.catalina.loader.WebappClassLoaderBase.clearReferencesObjectStreamClassCaches(WebappClassLoaderBase.java:2338)
		at org.apache.catalina.loader.WebappClassLoaderBase.clearReferences(WebappClassLoaderBase.java:1706)
		at org.apache.catalina.loader.WebappClassLoaderBase.stop(WebappClassLoaderBase.java:1634)
		at org.apache.catalina.loader.WebappLoader.stopInternal(WebappLoader.java:429)
		at org.apache.catalina.util.LifecycleBase.stop(LifecycleBase.java:257)
		at org.apache.catalina.core.StandardContext.stopInternal(StandardContext.java:5464)
		at org.apache.catalina.util.LifecycleBase.stop(LifecycleBase.java:257)
		at org.apache.catalina.core.ContainerBase$StopChild.call(ContainerBase.java:1412)
		at org.apache.catalina.core.ContainerBase$StopChild.call(ContainerBase.java:1401)
		at java.base/java.util.concurrent.FutureTask.run(FutureTask.java:264)
		at org.apache.tomcat.util.threads.InlineExecutorService.execute(InlineExecutorService.java:75)
		at java.base/java.util.concurrent.AbstractExecutorService.submit(AbstractExecutorService.java:140)
		at org.apache.catalina.core.ContainerBase.stopInternal(ContainerBase.java:986)
		at org.apache.catalina.util.LifecycleBase.stop(LifecycleBase.java:257)
		at org.apache.catalina.core.ContainerBase$StopChild.call(ContainerBase.java:1412)
		at org.apache.catalina.core.ContainerBase$StopChild.call(ContainerBase.java:1401)
		at java.base/java.util.concurrent.FutureTask.run(FutureTask.java:264)
		at org.apache.tomcat.util.threads.InlineExecutorService.execute(InlineExecutorService.java:75)
		at java.base/java.util.concurrent.AbstractExecutorService.submit(AbstractExecutorService.java:140)
		at org.apache.catalina.core.ContainerBase.stopInternal(ContainerBase.java:986)
		at org.apache.catalina.util.LifecycleBase.stop(LifecycleBase.java:257)
		at org.apache.catalina.core.StandardService.stopInternal(StandardService.java:497)
		at org.apache.catalina.util.LifecycleBase.stop(LifecycleBase.java:257)
		at org.apache.catalina.core.StandardServer.stopInternal(StandardServer.java:979)
		at org.apache.catalina.util.LifecycleBase.stop(LifecycleBase.java:257)
		at org.apache.catalina.startup.Catalina.stop(Catalina.java:872)
		at org.apache.catalina.startup.Catalina.start(Catalina.java:834)
		at java.base/jdk.internal.reflect.NativeMethodAccessorImpl.invoke0(Native Method)
		at java.base/jdk.internal.reflect.NativeMethodAccessorImpl.invoke(NativeMethodAccessorImpl.java:62)
		at java.base/jdk.internal.reflect.DelegatingMethodAccessorImpl.invoke(DelegatingMethodAccessorImpl.java:43)
		at java.base/java.lang.reflect.Method.invoke(Method.java:566)
		at org.apache.catalina.startup.Bootstrap.start(Bootstrap.java:345)
		at org.apache.catalina.startup.Bootstrap.main(Bootstrap.java:476)
17-Feb-2025 00:14:17.489 WARNING [main] org.apache.catalina.loader.WebappClassLoaderBase.clearReferencesObjectStreamClassCaches Failed to clear soft references from ObjectStreamClass$Caches for web application [manager]
	java.lang.ClassCastException: class java.io.ObjectStreamClass$Caches$1 cannot be cast to class java.util.Map (java.io.ObjectStreamClass$Caches$1 and java.util.Map are in module java.base of loader 'bootstrap')
		at org.apache.catalina.loader.WebappClassLoaderBase.clearCache(WebappClassLoaderBase.java:2363)
		at org.apache.catalina.loader.WebappClassLoaderBase.clearReferencesObjectStreamClassCaches(WebappClassLoaderBase.java:2338)
		at org.apache.catalina.loader.WebappClassLoaderBase.clearReferences(WebappClassLoaderBase.java:1706)
		at org.apache.catalina.loader.WebappClassLoaderBase.stop(WebappClassLoaderBase.java:1634)
		at org.apache.catalina.loader.WebappLoader.stopInternal(WebappLoader.java:429)
		at org.apache.catalina.util.LifecycleBase.stop(LifecycleBase.java:257)
		at org.apache.catalina.core.StandardContext.stopInternal(StandardContext.java:5464)
		at org.apache.catalina.util.LifecycleBase.stop(LifecycleBase.java:257)
		at org.apache.catalina.core.ContainerBase$StopChild.call(ContainerBase.java:1412)
		at org.apache.catalina.core.ContainerBase$StopChild.call(ContainerBase.java:1401)
		at java.base/java.util.concurrent.FutureTask.run(FutureTask.java:264)
		at org.apache.tomcat.util.threads.InlineExecutorService.execute(InlineExecutorService.java:75)
		at java.base/java.util.concurrent.AbstractExecutorService.submit(AbstractExecutorService.java:140)
		at org.apache.catalina.core.ContainerBase.stopInternal(ContainerBase.java:986)
		at org.apache.catalina.util.LifecycleBase.stop(LifecycleBase.java:257)
		at org.apache.catalina.core.ContainerBase$StopChild.call(ContainerBase.java:1412)
		at org.apache.catalina.core.ContainerBase$StopChild.call(ContainerBase.java:1401)
		at java.base/java.util.concurrent.FutureTask.run(FutureTask.java:264)
		at org.apache.tomcat.util.threads.InlineExecutorService.execute(InlineExecutorService.java:75)
		at java.base/java.util.concurrent.AbstractExecutorService.submit(AbstractExecutorService.java:140)
		at org.apache.catalina.core.ContainerBase.stopInternal(ContainerBase.java:986)
		at org.apache.catalina.util.LifecycleBase.stop(LifecycleBase.java:257)
		at org.apache.catalina.core.StandardService.stopInternal(StandardService.java:497)
		at org.apache.catalina.util.LifecycleBase.stop(LifecycleBase.java:257)
		at org.apache.catalina.core.StandardServer.stopInternal(StandardServer.java:979)
		at org.apache.catalina.util.LifecycleBase.stop(LifecycleBase.java:257)
		at org.apache.catalina.startup.Catalina.stop(Catalina.java:872)
		at org.apache.catalina.startup.Catalina.start(Catalina.java:834)
		at java.base/jdk.internal.reflect.NativeMethodAccessorImpl.invoke0(Native Method)
		at java.base/jdk.internal.reflect.NativeMethodAccessorImpl.invoke(NativeMethodAccessorImpl.java:62)
		at java.base/jdk.internal.reflect.DelegatingMethodAccessorImpl.invoke(DelegatingMethodAccessorImpl.java:43)
		at java.base/java.lang.reflect.Method.invoke(Method.java:566)
		at org.apache.catalina.startup.Bootstrap.start(Bootstrap.java:345)
		at org.apache.catalina.startup.Bootstrap.main(Bootstrap.java:476)
17-Feb-2025 00:14:17.491 WARNING [main] org.apache.catalina.loader.WebappClassLoaderBase.clearReferencesObjectStreamClassCaches Failed to clear soft references from ObjectStreamClass$Caches for web application [docs]
	java.lang.ClassCastException: class java.io.ObjectStreamClass$Caches$1 cannot be cast to class java.util.Map (java.io.ObjectStreamClass$Caches$1 and java.util.Map are in module java.base of loader 'bootstrap')
		at org.apache.catalina.loader.WebappClassLoaderBase.clearCache(WebappClassLoaderBase.java:2363)
		at org.apache.catalina.loader.WebappClassLoaderBase.clearReferencesObjectStreamClassCaches(WebappClassLoaderBase.java:2338)
		at org.apache.catalina.loader.WebappClassLoaderBase.clearReferences(WebappClassLoaderBase.java:1706)
		at org.apache.catalina.loader.WebappClassLoaderBase.stop(WebappClassLoaderBase.java:1634)
		at org.apache.catalina.loader.WebappLoader.stopInternal(WebappLoader.java:429)
		at org.apache.catalina.util.LifecycleBase.stop(LifecycleBase.java:257)
		at org.apache.catalina.core.StandardContext.stopInternal(StandardContext.java:5464)
		at org.apache.catalina.util.LifecycleBase.stop(LifecycleBase.java:257)
		at org.apache.catalina.core.ContainerBase$StopChild.call(ContainerBase.java:1412)
		at org.apache.catalina.core.ContainerBase$StopChild.call(ContainerBase.java:1401)
		at java.base/java.util.concurrent.FutureTask.run(FutureTask.java:264)
		at org.apache.tomcat.util.threads.InlineExecutorService.execute(InlineExecutorService.java:75)
		at java.base/java.util.concurrent.AbstractExecutorService.submit(AbstractExecutorService.java:140)
		at org.apache.catalina.core.ContainerBase.stopInternal(ContainerBase.java:986)
		at org.apache.catalina.util.LifecycleBase.stop(LifecycleBase.java:257)
		at org.apache.catalina.core.ContainerBase$StopChild.call(ContainerBase.java:1412)
		at org.apache.catalina.core.ContainerBase$StopChild.call(ContainerBase.java:1401)
		at java.base/java.util.concurrent.FutureTask.run(FutureTask.java:264)
		at org.apache.tomcat.util.threads.InlineExecutorService.execute(InlineExecutorService.java:75)
		at java.base/java.util.concurrent.AbstractExecutorService.submit(AbstractExecutorService.java:140)
		at org.apache.catalina.core.ContainerBase.stopInternal(ContainerBase.java:986)
		at org.apache.catalina.util.LifecycleBase.stop(LifecycleBase.java:257)
		at org.apache.catalina.core.StandardService.stopInternal(StandardService.java:497)
		at org.apache.catalina.util.LifecycleBase.stop(LifecycleBase.java:257)
		at org.apache.catalina.core.StandardServer.stopInternal(StandardServer.java:979)
		at org.apache.catalina.util.LifecycleBase.stop(LifecycleBase.java:257)
		at org.apache.catalina.startup.Catalina.stop(Catalina.java:872)
		at org.apache.catalina.startup.Catalina.start(Catalina.java:834)
		at java.base/jdk.internal.reflect.NativeMethodAccessorImpl.invoke0(Native Method)
		at java.base/jdk.internal.reflect.NativeMethodAccessorImpl.invoke(NativeMethodAccessorImpl.java:62)
		at java.base/jdk.internal.reflect.DelegatingMethodAccessorImpl.invoke(DelegatingMethodAccessorImpl.java:43)
		at java.base/java.lang.reflect.Method.invoke(Method.java:566)
		at org.apache.catalina.startup.Bootstrap.start(Bootstrap.java:345)
		at org.apache.catalina.startup.Bootstrap.main(Bootstrap.java:476)
17-Feb-2025 00:14:17.492 INFO [main] org.apache.coyote.AbstractProtocol.stop Stopping ProtocolHandler ["http-nio-8080"]
17-Feb-2025 00:14:17.502 INFO [main] org.apache.coyote.AbstractProtocol.destroy Destroying ProtocolHandler ["http-nio-8080"]
17-Feb-2025 00:14:18.152 INFO [main] org.apache.catalina.startup.VersionLoggerListener.log Server version name:   Apache Tomcat/10.0.10
17-Feb-2025 00:14:18.171 INFO [main] org.apache.catalina.startup.VersionLoggerListener.log Server built:          Jul 30 2021 09:51:27 UTC
17-Feb-2025 00:14:18.172 INFO [main] org.apache.catalina.startup.VersionLoggerListener.log Server version number: 10.0.10.0
17-Feb-2025 00:14:18.172 INFO [main] org.apache.catalina.startup.VersionLoggerListener.log OS Name:               Linux
17-Feb-2025 00:14:18.172 INFO [main] org.apache.catalina.startup.VersionLoggerListener.log OS Version:            5.15.0-92-generic
17-Feb-2025 00:14:18.172 INFO [main] org.apache.catalina.startup.VersionLoggerListener.log Architecture:          amd64
17-Feb-2025 00:14:18.173 INFO [main] org.apache.catalina.startup.VersionLoggerListener.log Java Home:             /usr/lib/jvm/java-11-openjdk-amd64
17-Feb-2025 00:14:18.173 INFO [main] org.apache.catalina.startup.VersionLoggerListener.log JVM Version:           11.0.26+4-post-Ubuntu-1ubuntu122.04
17-Feb-2025 00:14:18.173 INFO [main] org.apache.catalina.startup.VersionLoggerListener.log JVM Vendor:            Ubuntu
17-Feb-2025 00:14:18.173 INFO [main] org.apache.catalina.startup.VersionLoggerListener.log CATALINA_BASE:         /home/alumne/proj/FIB-PTI/servlets/apache-tomcat-10.0.10
17-Feb-2025 00:14:18.173 INFO [main] org.apache.catalina.startup.VersionLoggerListener.log CATALINA_HOME:         /home/alumne/proj/FIB-PTI/servlets/apache-tomcat-10.0.10
17-Feb-2025 00:14:18.237 INFO [main] org.apache.catalina.startup.VersionLoggerListener.log Command line argument: --add-opens=java.base/java.lang=ALL-UNNAMED
17-Feb-2025 00:14:18.237 INFO [main] org.apache.catalina.startup.VersionLoggerListener.log Command line argument: --add-opens=java.base/java.io=ALL-UNNAMED
17-Feb-2025 00:14:18.237 INFO [main] org.apache.catalina.startup.VersionLoggerListener.log Command line argument: --add-opens=java.base/java.util=ALL-UNNAMED
17-Feb-2025 00:14:18.237 INFO [main] org.apache.catalina.startup.VersionLoggerListener.log Command line argument: --add-opens=java.base/java.util.concurrent=ALL-UNNAMED
17-Feb-2025 00:14:18.237 INFO [main] org.apache.catalina.startup.VersionLoggerListener.log Command line argument: --add-opens=java.rmi/sun.rmi.transport=ALL-UNNAMED
17-Feb-2025 00:14:18.238 INFO [main] org.apache.catalina.startup.VersionLoggerListener.log Command line argument: -Djava.util.logging.config.file=/home/alumne/proj/FIB-PTI/servlets/apache-tomcat-10.0.10/conf/logging.properties
17-Feb-2025 00:14:18.238 INFO [main] org.apache.catalina.startup.VersionLoggerListener.log Command line argument: -Djava.util.logging.manager=org.apache.juli.ClassLoaderLogManager
17-Feb-2025 00:14:18.238 INFO [main] org.apache.catalina.startup.VersionLoggerListener.log Command line argument: -Djdk.tls.ephemeralDHKeySize=2048
17-Feb-2025 00:14:18.238 INFO [main] org.apache.catalina.startup.VersionLoggerListener.log Command line argument: -Djava.protocol.handler.pkgs=org.apache.catalina.webresources
17-Feb-2025 00:14:18.238 INFO [main] org.apache.catalina.startup.VersionLoggerListener.log Command line argument: -Dorg.apache.catalina.security.SecurityListener.UMASK=0027
17-Feb-2025 00:14:18.238 INFO [main] org.apache.catalina.startup.VersionLoggerListener.log Command line argument: -Dignore.endorsed.dirs=
17-Feb-2025 00:14:18.238 INFO [main] org.apache.catalina.startup.VersionLoggerListener.log Command line argument: -Dcatalina.base=/home/alumne/proj/FIB-PTI/servlets/apache-tomcat-10.0.10
17-Feb-2025 00:14:18.239 INFO [main] org.apache.catalina.startup.VersionLoggerListener.log Command line argument: -Dcatalina.home=/home/alumne/proj/FIB-PTI/servlets/apache-tomcat-10.0.10
17-Feb-2025 00:14:18.239 INFO [main] org.apache.catalina.startup.VersionLoggerListener.log Command line argument: -Djava.io.tmpdir=/home/alumne/proj/FIB-PTI/servlets/apache-tomcat-10.0.10/temp
17-Feb-2025 00:14:18.243 INFO [main] org.apache.catalina.core.AprLifecycleListener.lifecycleEvent The Apache Tomcat Native library which allows using OpenSSL was not found on the java.library.path: [/home/alumne/catkin_ws/devel/lib:/opt/ros/noetic/lib:/tmp/.mount_cursor8aCjg4/usr/lib:/usr/java/packages/lib:/usr/lib/x86_64-linux-gnu/jni:/lib/x86_64-linux-gnu:/usr/lib/x86_64-linux-gnu:/usr/lib/jni:/lib:/usr/lib]
17-Feb-2025 00:14:18.627 INFO [main] org.apache.coyote.AbstractProtocol.init Initializing ProtocolHandler ["http-nio-8080"]
17-Feb-2025 00:14:18.651 INFO [main] org.apache.catalina.startup.Catalina.load Server initialization in [789] milliseconds
17-Feb-2025 00:14:18.716 INFO [main] org.apache.catalina.core.StandardService.startInternal Starting service [Catalina]
17-Feb-2025 00:14:18.717 INFO [main] org.apache.catalina.core.StandardEngine.startInternal Starting Servlet engine: [Apache Tomcat/10.0.10]
17-Feb-2025 00:14:18.728 INFO [main] org.apache.catalina.startup.HostConfig.deployDirectory Deploying web application directory [/home/alumne/proj/FIB-PTI/servlets/apache-tomcat-10.0.10/webapps/host-manager]
17-Feb-2025 00:14:19.118 INFO [main] org.apache.jasper.servlet.TldScanner.scanJars At least one JAR was scanned for TLDs yet contained no TLDs. Enable debug logging for this logger for a complete list of JARs that were scanned but no TLDs were found in them. Skipping unneeded JARs during scanning can improve startup time and JSP compilation time.
17-Feb-2025 00:14:19.172 INFO [main] org.apache.catalina.startup.HostConfig.deployDirectory Deployment of web application directory [/home/alumne/proj/FIB-PTI/servlets/apache-tomcat-10.0.10/webapps/host-manager] has finished in [443] ms
17-Feb-2025 00:14:19.172 INFO [main] org.apache.catalina.startup.HostConfig.deployDirectory Deploying web application directory [/home/alumne/proj/FIB-PTI/servlets/apache-tomcat-10.0.10/webapps/ROOT]
17-Feb-2025 00:14:19.191 INFO [main] org.apache.jasper.servlet.TldScanner.scanJars At least one JAR was scanned for TLDs yet contained no TLDs. Enable debug logging for this logger for a complete list of JARs that were scanned but no TLDs were found in them. Skipping unneeded JARs during scanning can improve startup time and JSP compilation time.
17-Feb-2025 00:14:19.192 INFO [main] org.apache.catalina.startup.HostConfig.deployDirectory Deployment of web application directory [/home/alumne/proj/FIB-PTI/servlets/apache-tomcat-10.0.10/webapps/ROOT] has finished in [20] ms
17-Feb-2025 00:14:19.193 INFO [main] org.apache.catalina.startup.HostConfig.deployDirectory Deploying web application directory [/home/alumne/proj/FIB-PTI/servlets/apache-tomcat-10.0.10/webapps/my_webapp]
17-Feb-2025 00:14:19.236 INFO [main] org.apache.jasper.servlet.TldScanner.scanJars At least one JAR was scanned for TLDs yet contained no TLDs. Enable debug logging for this logger for a complete list of JARs that were scanned but no TLDs were found in them. Skipping unneeded JARs during scanning can improve startup time and JSP compilation time.
17-Feb-2025 00:14:19.250 INFO [main] org.apache.catalina.startup.HostConfig.deployDirectory Deployment of web application directory [/home/alumne/proj/FIB-PTI/servlets/apache-tomcat-10.0.10/webapps/my_webapp] has finished in [57] ms
17-Feb-2025 00:14:19.250 INFO [main] org.apache.catalina.startup.HostConfig.deployDirectory Deploying web application directory [/home/alumne/proj/FIB-PTI/servlets/apache-tomcat-10.0.10/webapps/manager]
17-Feb-2025 00:14:19.282 INFO [main] org.apache.jasper.servlet.TldScanner.scanJars At least one JAR was scanned for TLDs yet contained no TLDs. Enable debug logging for this logger for a complete list of JARs that were scanned but no TLDs were found in them. Skipping unneeded JARs during scanning can improve startup time and JSP compilation time.
17-Feb-2025 00:14:19.283 INFO [main] org.apache.catalina.startup.HostConfig.deployDirectory Deployment of web application directory [/home/alumne/proj/FIB-PTI/servlets/apache-tomcat-10.0.10/webapps/manager] has finished in [33] ms
17-Feb-2025 00:14:19.284 INFO [main] org.apache.catalina.startup.HostConfig.deployDirectory Deploying web application directory [/home/alumne/proj/FIB-PTI/servlets/apache-tomcat-10.0.10/webapps/docs]
17-Feb-2025 00:14:19.303 INFO [main] org.apache.jasper.servlet.TldScanner.scanJars At least one JAR was scanned for TLDs yet contained no TLDs. Enable debug logging for this logger for a complete list of JARs that were scanned but no TLDs were found in them. Skipping unneeded JARs during scanning can improve startup time and JSP compilation time.
17-Feb-2025 00:14:19.304 INFO [main] org.apache.catalina.startup.HostConfig.deployDirectory Deployment of web application directory [/home/alumne/proj/FIB-PTI/servlets/apache-tomcat-10.0.10/webapps/docs] has finished in [21] ms
17-Feb-2025 00:14:19.306 INFO [main] org.apache.catalina.startup.HostConfig.deployDirectory Deploying web application directory [/home/alumne/proj/FIB-PTI/servlets/apache-tomcat-10.0.10/webapps/examples]
17-Feb-2025 00:14:19.446 INFO [main] org.apache.jasper.servlet.TldScanner.scanJars At least one JAR was scanned for TLDs yet contained no TLDs. Enable debug logging for this logger for a complete list of JARs that were scanned but no TLDs were found in them. Skipping unneeded JARs during scanning can improve startup time and JSP compilation time.
17-Feb-2025 00:14:19.460 INFO [main] org.apache.catalina.startup.HostConfig.deployDirectory Deployment of web application directory [/home/alumne/proj/FIB-PTI/servlets/apache-tomcat-10.0.10/webapps/examples] has finished in [154] ms
17-Feb-2025 00:14:19.475 INFO [main] org.apache.coyote.AbstractProtocol.start Starting ProtocolHandler ["http-nio-8080"]
17-Feb-2025 00:14:19.493 INFO [main] org.apache.catalina.startup.Catalina.start Server startup in [841] milliseconds
17-Feb-2025 00:15:05.346 INFO [main] org.apache.catalina.core.StandardServer.await A valid shutdown command was received via the shutdown port. Stopping the Server instance.
17-Feb-2025 00:15:05.348 INFO [main] org.apache.coyote.AbstractProtocol.pause Pausing ProtocolHandler ["http-nio-8080"]
17-Feb-2025 00:15:05.387 INFO [main] org.apache.catalina.core.StandardService.stopInternal Stopping service [Catalina]
17-Feb-2025 00:15:05.416 WARNING [main] org.apache.catalina.loader.WebappClassLoaderBase.clearReferencesObjectStreamClassCaches Failed to clear soft references from ObjectStreamClass$Caches for web application [ROOT]
	java.lang.ClassCastException: class java.io.ObjectStreamClass$Caches$1 cannot be cast to class java.util.Map (java.io.ObjectStreamClass$Caches$1 and java.util.Map are in module java.base of loader 'bootstrap')
		at org.apache.catalina.loader.WebappClassLoaderBase.clearCache(WebappClassLoaderBase.java:2363)
		at org.apache.catalina.loader.WebappClassLoaderBase.clearReferencesObjectStreamClassCaches(WebappClassLoaderBase.java:2338)
		at org.apache.catalina.loader.WebappClassLoaderBase.clearReferences(WebappClassLoaderBase.java:1706)
		at org.apache.catalina.loader.WebappClassLoaderBase.stop(WebappClassLoaderBase.java:1634)
		at org.apache.catalina.loader.WebappLoader.stopInternal(WebappLoader.java:429)
		at org.apache.catalina.util.LifecycleBase.stop(LifecycleBase.java:257)
		at org.apache.catalina.core.StandardContext.stopInternal(StandardContext.java:5464)
		at org.apache.catalina.util.LifecycleBase.stop(LifecycleBase.java:257)
		at org.apache.catalina.core.ContainerBase$StopChild.call(ContainerBase.java:1412)
		at org.apache.catalina.core.ContainerBase$StopChild.call(ContainerBase.java:1401)
		at java.base/java.util.concurrent.FutureTask.run(FutureTask.java:264)
		at org.apache.tomcat.util.threads.InlineExecutorService.execute(InlineExecutorService.java:75)
		at java.base/java.util.concurrent.AbstractExecutorService.submit(AbstractExecutorService.java:140)
		at org.apache.catalina.core.ContainerBase.stopInternal(ContainerBase.java:986)
		at org.apache.catalina.util.LifecycleBase.stop(LifecycleBase.java:257)
		at org.apache.catalina.core.ContainerBase$StopChild.call(ContainerBase.java:1412)
		at org.apache.catalina.core.ContainerBase$StopChild.call(ContainerBase.java:1401)
		at java.base/java.util.concurrent.FutureTask.run(FutureTask.java:264)
		at org.apache.tomcat.util.threads.InlineExecutorService.execute(InlineExecutorService.java:75)
		at java.base/java.util.concurrent.AbstractExecutorService.submit(AbstractExecutorService.java:140)
		at org.apache.catalina.core.ContainerBase.stopInternal(ContainerBase.java:986)
		at org.apache.catalina.util.LifecycleBase.stop(LifecycleBase.java:257)
		at org.apache.catalina.core.StandardService.stopInternal(StandardService.java:497)
		at org.apache.catalina.util.LifecycleBase.stop(LifecycleBase.java:257)
		at org.apache.catalina.core.StandardServer.stopInternal(StandardServer.java:979)
		at org.apache.catalina.util.LifecycleBase.stop(LifecycleBase.java:257)
		at org.apache.catalina.startup.Catalina.stop(Catalina.java:872)
		at org.apache.catalina.startup.Catalina.start(Catalina.java:834)
		at java.base/jdk.internal.reflect.NativeMethodAccessorImpl.invoke0(Native Method)
		at java.base/jdk.internal.reflect.NativeMethodAccessorImpl.invoke(NativeMethodAccessorImpl.java:62)
		at java.base/jdk.internal.reflect.DelegatingMethodAccessorImpl.invoke(DelegatingMethodAccessorImpl.java:43)
		at java.base/java.lang.reflect.Method.invoke(Method.java:566)
		at org.apache.catalina.startup.Bootstrap.start(Bootstrap.java:345)
		at org.apache.catalina.startup.Bootstrap.main(Bootstrap.java:476)
17-Feb-2025 00:15:05.462 WARNING [main] org.apache.catalina.loader.WebappClassLoaderBase.clearReferencesObjectStreamClassCaches Failed to clear soft references from ObjectStreamClass$Caches for web application [examples]
	java.lang.ClassCastException: class java.io.ObjectStreamClass$Caches$1 cannot be cast to class java.util.Map (java.io.ObjectStreamClass$Caches$1 and java.util.Map are in module java.base of loader 'bootstrap')
		at org.apache.catalina.loader.WebappClassLoaderBase.clearCache(WebappClassLoaderBase.java:2363)
		at org.apache.catalina.loader.WebappClassLoaderBase.clearReferencesObjectStreamClassCaches(WebappClassLoaderBase.java:2338)
		at org.apache.catalina.loader.WebappClassLoaderBase.clearReferences(WebappClassLoaderBase.java:1706)
		at org.apache.catalina.loader.WebappClassLoaderBase.stop(WebappClassLoaderBase.java:1634)
		at org.apache.catalina.loader.WebappLoader.stopInternal(WebappLoader.java:429)
		at org.apache.catalina.util.LifecycleBase.stop(LifecycleBase.java:257)
		at org.apache.catalina.core.StandardContext.stopInternal(StandardContext.java:5464)
		at org.apache.catalina.util.LifecycleBase.stop(LifecycleBase.java:257)
		at org.apache.catalina.core.ContainerBase$StopChild.call(ContainerBase.java:1412)
		at org.apache.catalina.core.ContainerBase$StopChild.call(ContainerBase.java:1401)
		at java.base/java.util.concurrent.FutureTask.run(FutureTask.java:264)
		at org.apache.tomcat.util.threads.InlineExecutorService.execute(InlineExecutorService.java:75)
		at java.base/java.util.concurrent.AbstractExecutorService.submit(AbstractExecutorService.java:140)
		at org.apache.catalina.core.ContainerBase.stopInternal(ContainerBase.java:986)
		at org.apache.catalina.util.LifecycleBase.stop(LifecycleBase.java:257)
		at org.apache.catalina.core.ContainerBase$StopChild.call(ContainerBase.java:1412)
		at org.apache.catalina.core.ContainerBase$StopChild.call(ContainerBase.java:1401)
		at java.base/java.util.concurrent.FutureTask.run(FutureTask.java:264)
		at org.apache.tomcat.util.threads.InlineExecutorService.execute(InlineExecutorService.java:75)
		at java.base/java.util.concurrent.AbstractExecutorService.submit(AbstractExecutorService.java:140)
		at org.apache.catalina.core.ContainerBase.stopInternal(ContainerBase.java:986)
		at org.apache.catalina.util.LifecycleBase.stop(LifecycleBase.java:257)
		at org.apache.catalina.core.StandardService.stopInternal(StandardService.java:497)
		at org.apache.catalina.util.LifecycleBase.stop(LifecycleBase.java:257)
		at org.apache.catalina.core.StandardServer.stopInternal(StandardServer.java:979)
		at org.apache.catalina.util.LifecycleBase.stop(LifecycleBase.java:257)
		at org.apache.catalina.startup.Catalina.stop(Catalina.java:872)
		at org.apache.catalina.startup.Catalina.start(Catalina.java:834)
		at java.base/jdk.internal.reflect.NativeMethodAccessorImpl.invoke0(Native Method)
		at java.base/jdk.internal.reflect.NativeMethodAccessorImpl.invoke(NativeMethodAccessorImpl.java:62)
		at java.base/jdk.internal.reflect.DelegatingMethodAccessorImpl.invoke(DelegatingMethodAccessorImpl.java:43)
		at java.base/java.lang.reflect.Method.invoke(Method.java:566)
		at org.apache.catalina.startup.Bootstrap.start(Bootstrap.java:345)
		at org.apache.catalina.startup.Bootstrap.main(Bootstrap.java:476)
17-Feb-2025 00:15:05.467 WARNING [main] org.apache.catalina.loader.WebappClassLoaderBase.clearReferencesObjectStreamClassCaches Failed to clear soft references from ObjectStreamClass$Caches for web application [host-manager]
	java.lang.ClassCastException: class java.io.ObjectStreamClass$Caches$1 cannot be cast to class java.util.Map (java.io.ObjectStreamClass$Caches$1 and java.util.Map are in module java.base of loader 'bootstrap')
		at org.apache.catalina.loader.WebappClassLoaderBase.clearCache(WebappClassLoaderBase.java:2363)
		at org.apache.catalina.loader.WebappClassLoaderBase.clearReferencesObjectStreamClassCaches(WebappClassLoaderBase.java:2338)
		at org.apache.catalina.loader.WebappClassLoaderBase.clearReferences(WebappClassLoaderBase.java:1706)
		at org.apache.catalina.loader.WebappClassLoaderBase.stop(WebappClassLoaderBase.java:1634)
		at org.apache.catalina.loader.WebappLoader.stopInternal(WebappLoader.java:429)
		at org.apache.catalina.util.LifecycleBase.stop(LifecycleBase.java:257)
		at org.apache.catalina.core.StandardContext.stopInternal(StandardContext.java:5464)
		at org.apache.catalina.util.LifecycleBase.stop(LifecycleBase.java:257)
		at org.apache.catalina.core.ContainerBase$StopChild.call(ContainerBase.java:1412)
		at org.apache.catalina.core.ContainerBase$StopChild.call(ContainerBase.java:1401)
		at java.base/java.util.concurrent.FutureTask.run(FutureTask.java:264)
		at org.apache.tomcat.util.threads.InlineExecutorService.execute(InlineExecutorService.java:75)
		at java.base/java.util.concurrent.AbstractExecutorService.submit(AbstractExecutorService.java:140)
		at org.apache.catalina.core.ContainerBase.stopInternal(ContainerBase.java:986)
		at org.apache.catalina.util.LifecycleBase.stop(LifecycleBase.java:257)
		at org.apache.catalina.core.ContainerBase$StopChild.call(ContainerBase.java:1412)
		at org.apache.catalina.core.ContainerBase$StopChild.call(ContainerBase.java:1401)
		at java.base/java.util.concurrent.FutureTask.run(FutureTask.java:264)
		at org.apache.tomcat.util.threads.InlineExecutorService.execute(InlineExecutorService.java:75)
		at java.base/java.util.concurrent.AbstractExecutorService.submit(AbstractExecutorService.java:140)
		at org.apache.catalina.core.ContainerBase.stopInternal(ContainerBase.java:986)
		at org.apache.catalina.util.LifecycleBase.stop(LifecycleBase.java:257)
		at org.apache.catalina.core.StandardService.stopInternal(StandardService.java:497)
		at org.apache.catalina.util.LifecycleBase.stop(LifecycleBase.java:257)
		at org.apache.catalina.core.StandardServer.stopInternal(StandardServer.java:979)
		at org.apache.catalina.util.LifecycleBase.stop(LifecycleBase.java:257)
		at org.apache.catalina.startup.Catalina.stop(Catalina.java:872)
		at org.apache.catalina.startup.Catalina.start(Catalina.java:834)
		at java.base/jdk.internal.reflect.NativeMethodAccessorImpl.invoke0(Native Method)
		at java.base/jdk.internal.reflect.NativeMethodAccessorImpl.invoke(NativeMethodAccessorImpl.java:62)
		at java.base/jdk.internal.reflect.DelegatingMethodAccessorImpl.invoke(DelegatingMethodAccessorImpl.java:43)
		at java.base/java.lang.reflect.Method.invoke(Method.java:566)
		at org.apache.catalina.startup.Bootstrap.start(Bootstrap.java:345)
		at org.apache.catalina.startup.Bootstrap.main(Bootstrap.java:476)
17-Feb-2025 00:15:05.471 WARNING [main] org.apache.catalina.loader.WebappClassLoaderBase.clearReferencesObjectStreamClassCaches Failed to clear soft references from ObjectStreamClass$Caches for web application [my_webapp]
	java.lang.ClassCastException: class java.io.ObjectStreamClass$Caches$1 cannot be cast to class java.util.Map (java.io.ObjectStreamClass$Caches$1 and java.util.Map are in module java.base of loader 'bootstrap')
		at org.apache.catalina.loader.WebappClassLoaderBase.clearCache(WebappClassLoaderBase.java:2363)
		at org.apache.catalina.loader.WebappClassLoaderBase.clearReferencesObjectStreamClassCaches(WebappClassLoaderBase.java:2338)
		at org.apache.catalina.loader.WebappClassLoaderBase.clearReferences(WebappClassLoaderBase.java:1706)
		at org.apache.catalina.loader.WebappClassLoaderBase.stop(WebappClassLoaderBase.java:1634)
		at org.apache.catalina.loader.WebappLoader.stopInternal(WebappLoader.java:429)
		at org.apache.catalina.util.LifecycleBase.stop(LifecycleBase.java:257)
		at org.apache.catalina.core.StandardContext.stopInternal(StandardContext.java:5464)
		at org.apache.catalina.util.LifecycleBase.stop(LifecycleBase.java:257)
		at org.apache.catalina.core.ContainerBase$StopChild.call(ContainerBase.java:1412)
		at org.apache.catalina.core.ContainerBase$StopChild.call(ContainerBase.java:1401)
		at java.base/java.util.concurrent.FutureTask.run(FutureTask.java:264)
		at org.apache.tomcat.util.threads.InlineExecutorService.execute(InlineExecutorService.java:75)
		at java.base/java.util.concurrent.AbstractExecutorService.submit(AbstractExecutorService.java:140)
		at org.apache.catalina.core.ContainerBase.stopInternal(ContainerBase.java:986)
		at org.apache.catalina.util.LifecycleBase.stop(LifecycleBase.java:257)
		at org.apache.catalina.core.ContainerBase$StopChild.call(ContainerBase.java:1412)
		at org.apache.catalina.core.ContainerBase$StopChild.call(ContainerBase.java:1401)
		at java.base/java.util.concurrent.FutureTask.run(FutureTask.java:264)
		at org.apache.tomcat.util.threads.InlineExecutorService.execute(InlineExecutorService.java:75)
		at java.base/java.util.concurrent.AbstractExecutorService.submit(AbstractExecutorService.java:140)
		at org.apache.catalina.core.ContainerBase.stopInternal(ContainerBase.java:986)
		at org.apache.catalina.util.LifecycleBase.stop(LifecycleBase.java:257)
		at org.apache.catalina.core.StandardService.stopInternal(StandardService.java:497)
		at org.apache.catalina.util.LifecycleBase.stop(LifecycleBase.java:257)
		at org.apache.catalina.core.StandardServer.stopInternal(StandardServer.java:979)
		at org.apache.catalina.util.LifecycleBase.stop(LifecycleBase.java:257)
		at org.apache.catalina.startup.Catalina.stop(Catalina.java:872)
		at org.apache.catalina.startup.Catalina.start(Catalina.java:834)
		at java.base/jdk.internal.reflect.NativeMethodAccessorImpl.invoke0(Native Method)
		at java.base/jdk.internal.reflect.NativeMethodAccessorImpl.invoke(NativeMethodAccessorImpl.java:62)
		at java.base/jdk.internal.reflect.DelegatingMethodAccessorImpl.invoke(DelegatingMethodAccessorImpl.java:43)
		at java.base/java.lang.reflect.Method.invoke(Method.java:566)
		at org.apache.catalina.startup.Bootstrap.start(Bootstrap.java:345)
		at org.apache.catalina.startup.Bootstrap.main(Bootstrap.java:476)
17-Feb-2025 00:15:05.479 WARNING [main] org.apache.catalina.loader.WebappClassLoaderBase.clearReferencesObjectStreamClassCaches Failed to clear soft references from ObjectStreamClass$Caches for web application [manager]
	java.lang.ClassCastException: class java.io.ObjectStreamClass$Caches$1 cannot be cast to class java.util.Map (java.io.ObjectStreamClass$Caches$1 and java.util.Map are in module java.base of loader 'bootstrap')
		at org.apache.catalina.loader.WebappClassLoaderBase.clearCache(WebappClassLoaderBase.java:2363)
		at org.apache.catalina.loader.WebappClassLoaderBase.clearReferencesObjectStreamClassCaches(WebappClassLoaderBase.java:2338)
		at org.apache.catalina.loader.WebappClassLoaderBase.clearReferences(WebappClassLoaderBase.java:1706)
		at org.apache.catalina.loader.WebappClassLoaderBase.stop(WebappClassLoaderBase.java:1634)
		at org.apache.catalina.loader.WebappLoader.stopInternal(WebappLoader.java:429)
		at org.apache.catalina.util.LifecycleBase.stop(LifecycleBase.java:257)
		at org.apache.catalina.core.StandardContext.stopInternal(StandardContext.java:5464)
		at org.apache.catalina.util.LifecycleBase.stop(LifecycleBase.java:257)
		at org.apache.catalina.core.ContainerBase$StopChild.call(ContainerBase.java:1412)
		at org.apache.catalina.core.ContainerBase$StopChild.call(ContainerBase.java:1401)
		at java.base/java.util.concurrent.FutureTask.run(FutureTask.java:264)
		at org.apache.tomcat.util.threads.InlineExecutorService.execute(InlineExecutorService.java:75)
		at java.base/java.util.concurrent.AbstractExecutorService.submit(AbstractExecutorService.java:140)
		at org.apache.catalina.core.ContainerBase.stopInternal(ContainerBase.java:986)
		at org.apache.catalina.util.LifecycleBase.stop(LifecycleBase.java:257)
		at org.apache.catalina.core.ContainerBase$StopChild.call(ContainerBase.java:1412)
		at org.apache.catalina.core.ContainerBase$StopChild.call(ContainerBase.java:1401)
		at java.base/java.util.concurrent.FutureTask.run(FutureTask.java:264)
		at org.apache.tomcat.util.threads.InlineExecutorService.execute(InlineExecutorService.java:75)
		at java.base/java.util.concurrent.AbstractExecutorService.submit(AbstractExecutorService.java:140)
		at org.apache.catalina.core.ContainerBase.stopInternal(ContainerBase.java:986)
		at org.apache.catalina.util.LifecycleBase.stop(LifecycleBase.java:257)
		at org.apache.catalina.core.StandardService.stopInternal(StandardService.java:497)
		at org.apache.catalina.util.LifecycleBase.stop(LifecycleBase.java:257)
		at org.apache.catalina.core.StandardServer.stopInternal(StandardServer.java:979)
		at org.apache.catalina.util.LifecycleBase.stop(LifecycleBase.java:257)
		at org.apache.catalina.startup.Catalina.stop(Catalina.java:872)
		at org.apache.catalina.startup.Catalina.start(Catalina.java:834)
		at java.base/jdk.internal.reflect.NativeMethodAccessorImpl.invoke0(Native Method)
		at java.base/jdk.internal.reflect.NativeMethodAccessorImpl.invoke(NativeMethodAccessorImpl.java:62)
		at java.base/jdk.internal.reflect.DelegatingMethodAccessorImpl.invoke(DelegatingMethodAccessorImpl.java:43)
		at java.base/java.lang.reflect.Method.invoke(Method.java:566)
		at org.apache.catalina.startup.Bootstrap.start(Bootstrap.java:345)
		at org.apache.catalina.startup.Bootstrap.main(Bootstrap.java:476)
17-Feb-2025 00:15:05.481 WARNING [main] org.apache.catalina.loader.WebappClassLoaderBase.clearReferencesObjectStreamClassCaches Failed to clear soft references from ObjectStreamClass$Caches for web application [docs]
	java.lang.ClassCastException: class java.io.ObjectStreamClass$Caches$1 cannot be cast to class java.util.Map (java.io.ObjectStreamClass$Caches$1 and java.util.Map are in module java.base of loader 'bootstrap')
		at org.apache.catalina.loader.WebappClassLoaderBase.clearCache(WebappClassLoaderBase.java:2363)
		at org.apache.catalina.loader.WebappClassLoaderBase.clearReferencesObjectStreamClassCaches(WebappClassLoaderBase.java:2338)
		at org.apache.catalina.loader.WebappClassLoaderBase.clearReferences(WebappClassLoaderBase.java:1706)
		at org.apache.catalina.loader.WebappClassLoaderBase.stop(WebappClassLoaderBase.java:1634)
		at org.apache.catalina.loader.WebappLoader.stopInternal(WebappLoader.java:429)
		at org.apache.catalina.util.LifecycleBase.stop(LifecycleBase.java:257)
		at org.apache.catalina.core.StandardContext.stopInternal(StandardContext.java:5464)
		at org.apache.catalina.util.LifecycleBase.stop(LifecycleBase.java:257)
		at org.apache.catalina.core.ContainerBase$StopChild.call(ContainerBase.java:1412)
		at org.apache.catalina.core.ContainerBase$StopChild.call(ContainerBase.java:1401)
		at java.base/java.util.concurrent.FutureTask.run(FutureTask.java:264)
		at org.apache.tomcat.util.threads.InlineExecutorService.execute(InlineExecutorService.java:75)
		at java.base/java.util.concurrent.AbstractExecutorService.submit(AbstractExecutorService.java:140)
		at org.apache.catalina.core.ContainerBase.stopInternal(ContainerBase.java:986)
		at org.apache.catalina.util.LifecycleBase.stop(LifecycleBase.java:257)
		at org.apache.catalina.core.ContainerBase$StopChild.call(ContainerBase.java:1412)
		at org.apache.catalina.core.ContainerBase$StopChild.call(ContainerBase.java:1401)
		at java.base/java.util.concurrent.FutureTask.run(FutureTask.java:264)
		at org.apache.tomcat.util.threads.InlineExecutorService.execute(InlineExecutorService.java:75)
		at java.base/java.util.concurrent.AbstractExecutorService.submit(AbstractExecutorService.java:140)
		at org.apache.catalina.core.ContainerBase.stopInternal(ContainerBase.java:986)
		at org.apache.catalina.util.LifecycleBase.stop(LifecycleBase.java:257)
		at org.apache.catalina.core.StandardService.stopInternal(StandardService.java:497)
		at org.apache.catalina.util.LifecycleBase.stop(LifecycleBase.java:257)
		at org.apache.catalina.core.StandardServer.stopInternal(StandardServer.java:979)
		at org.apache.catalina.util.LifecycleBase.stop(LifecycleBase.java:257)
		at org.apache.catalina.startup.Catalina.stop(Catalina.java:872)
		at org.apache.catalina.startup.Catalina.start(Catalina.java:834)
		at java.base/jdk.internal.reflect.NativeMethodAccessorImpl.invoke0(Native Method)
		at java.base/jdk.internal.reflect.NativeMethodAccessorImpl.invoke(NativeMethodAccessorImpl.java:62)
		at java.base/jdk.internal.reflect.DelegatingMethodAccessorImpl.invoke(DelegatingMethodAccessorImpl.java:43)
		at java.base/java.lang.reflect.Method.invoke(Method.java:566)
		at org.apache.catalina.startup.Bootstrap.start(Bootstrap.java:345)
		at org.apache.catalina.startup.Bootstrap.main(Bootstrap.java:476)
17-Feb-2025 00:15:05.483 INFO [main] org.apache.coyote.AbstractProtocol.stop Stopping ProtocolHandler ["http-nio-8080"]
17-Feb-2025 00:15:05.501 INFO [main] org.apache.coyote.AbstractProtocol.destroy Destroying ProtocolHandler ["http-nio-8080"]
17-Feb-2025 00:15:06.582 INFO [main] org.apache.catalina.startup.VersionLoggerListener.log Server version name:   Apache Tomcat/10.0.10
17-Feb-2025 00:15:06.599 INFO [main] org.apache.catalina.startup.VersionLoggerListener.log Server built:          Jul 30 2021 09:51:27 UTC
17-Feb-2025 00:15:06.600 INFO [main] org.apache.catalina.startup.VersionLoggerListener.log Server version number: 10.0.10.0
17-Feb-2025 00:15:06.600 INFO [main] org.apache.catalina.startup.VersionLoggerListener.log OS Name:               Linux
17-Feb-2025 00:15:06.600 INFO [main] org.apache.catalina.startup.VersionLoggerListener.log OS Version:            5.15.0-92-generic
17-Feb-2025 00:15:06.600 INFO [main] org.apache.catalina.startup.VersionLoggerListener.log Architecture:          amd64
17-Feb-2025 00:15:06.600 INFO [main] org.apache.catalina.startup.VersionLoggerListener.log Java Home:             /usr/lib/jvm/java-11-openjdk-amd64
17-Feb-2025 00:15:06.600 INFO [main] org.apache.catalina.startup.VersionLoggerListener.log JVM Version:           11.0.26+4-post-Ubuntu-1ubuntu122.04
17-Feb-2025 00:15:06.600 INFO [main] org.apache.catalina.startup.VersionLoggerListener.log JVM Vendor:            Ubuntu
17-Feb-2025 00:15:06.600 INFO [main] org.apache.catalina.startup.VersionLoggerListener.log CATALINA_BASE:         /home/alumne/proj/FIB-PTI/servlets/apache-tomcat-10.0.10
17-Feb-2025 00:15:06.600 INFO [main] org.apache.catalina.startup.VersionLoggerListener.log CATALINA_HOME:         /home/alumne/proj/FIB-PTI/servlets/apache-tomcat-10.0.10
17-Feb-2025 00:15:06.669 INFO [main] org.apache.catalina.startup.VersionLoggerListener.log Command line argument: --add-opens=java.base/java.lang=ALL-UNNAMED
17-Feb-2025 00:15:06.669 INFO [main] org.apache.catalina.startup.VersionLoggerListener.log Command line argument: --add-opens=java.base/java.io=ALL-UNNAMED
17-Feb-2025 00:15:06.670 INFO [main] org.apache.catalina.startup.VersionLoggerListener.log Command line argument: --add-opens=java.base/java.util=ALL-UNNAMED
17-Feb-2025 00:15:06.670 INFO [main] org.apache.catalina.startup.VersionLoggerListener.log Command line argument: --add-opens=java.base/java.util.concurrent=ALL-UNNAMED
17-Feb-2025 00:15:06.670 INFO [main] org.apache.catalina.startup.VersionLoggerListener.log Command line argument: --add-opens=java.rmi/sun.rmi.transport=ALL-UNNAMED
17-Feb-2025 00:15:06.670 INFO [main] org.apache.catalina.startup.VersionLoggerListener.log Command line argument: -Djava.util.logging.config.file=/home/alumne/proj/FIB-PTI/servlets/apache-tomcat-10.0.10/conf/logging.properties
17-Feb-2025 00:15:06.670 INFO [main] org.apache.catalina.startup.VersionLoggerListener.log Command line argument: -Djava.util.logging.manager=org.apache.juli.ClassLoaderLogManager
17-Feb-2025 00:15:06.670 INFO [main] org.apache.catalina.startup.VersionLoggerListener.log Command line argument: -Djdk.tls.ephemeralDHKeySize=2048
17-Feb-2025 00:15:06.670 INFO [main] org.apache.catalina.startup.VersionLoggerListener.log Command line argument: -Djava.protocol.handler.pkgs=org.apache.catalina.webresources
17-Feb-2025 00:15:06.670 INFO [main] org.apache.catalina.startup.VersionLoggerListener.log Command line argument: -Dorg.apache.catalina.security.SecurityListener.UMASK=0027
17-Feb-2025 00:15:06.671 INFO [main] org.apache.catalina.startup.VersionLoggerListener.log Command line argument: -Dignore.endorsed.dirs=
17-Feb-2025 00:15:06.671 INFO [main] org.apache.catalina.startup.VersionLoggerListener.log Command line argument: -Dcatalina.base=/home/alumne/proj/FIB-PTI/servlets/apache-tomcat-10.0.10
17-Feb-2025 00:15:06.671 INFO [main] org.apache.catalina.startup.VersionLoggerListener.log Command line argument: -Dcatalina.home=/home/alumne/proj/FIB-PTI/servlets/apache-tomcat-10.0.10
17-Feb-2025 00:15:06.671 INFO [main] org.apache.catalina.startup.VersionLoggerListener.log Command line argument: -Djava.io.tmpdir=/home/alumne/proj/FIB-PTI/servlets/apache-tomcat-10.0.10/temp
17-Feb-2025 00:15:06.672 INFO [main] org.apache.catalina.core.AprLifecycleListener.lifecycleEvent The Apache Tomcat Native library which allows using OpenSSL was not found on the java.library.path: [/home/alumne/catkin_ws/devel/lib:/opt/ros/noetic/lib:/tmp/.mount_cursor8aCjg4/usr/lib:/usr/java/packages/lib:/usr/lib/x86_64-linux-gnu/jni:/lib/x86_64-linux-gnu:/usr/lib/x86_64-linux-gnu:/usr/lib/jni:/lib:/usr/lib]
17-Feb-2025 00:15:07.274 INFO [main] org.apache.coyote.AbstractProtocol.init Initializing ProtocolHandler ["http-nio-8080"]
17-Feb-2025 00:15:07.342 INFO [main] org.apache.catalina.startup.Catalina.load Server initialization in [1144] milliseconds
17-Feb-2025 00:15:07.541 INFO [main] org.apache.catalina.core.StandardService.startInternal Starting service [Catalina]
17-Feb-2025 00:15:07.543 INFO [main] org.apache.catalina.core.StandardEngine.startInternal Starting Servlet engine: [Apache Tomcat/10.0.10]
17-Feb-2025 00:15:07.569 INFO [main] org.apache.catalina.startup.HostConfig.deployDirectory Deploying web application directory [/home/alumne/proj/FIB-PTI/servlets/apache-tomcat-10.0.10/webapps/host-manager]
17-Feb-2025 00:15:08.240 INFO [main] org.apache.jasper.servlet.TldScanner.scanJars At least one JAR was scanned for TLDs yet contained no TLDs. Enable debug logging for this logger for a complete list of JARs that were scanned but no TLDs were found in them. Skipping unneeded JARs during scanning can improve startup time and JSP compilation time.
17-Feb-2025 00:15:08.345 INFO [main] org.apache.catalina.startup.HostConfig.deployDirectory Deployment of web application directory [/home/alumne/proj/FIB-PTI/servlets/apache-tomcat-10.0.10/webapps/host-manager] has finished in [776] ms
17-Feb-2025 00:15:08.354 INFO [main] org.apache.catalina.startup.HostConfig.deployDirectory Deploying web application directory [/home/alumne/proj/FIB-PTI/servlets/apache-tomcat-10.0.10/webapps/ROOT]
17-Feb-2025 00:15:08.414 INFO [main] org.apache.jasper.servlet.TldScanner.scanJars At least one JAR was scanned for TLDs yet contained no TLDs. Enable debug logging for this logger for a complete list of JARs that were scanned but no TLDs were found in them. Skipping unneeded JARs during scanning can improve startup time and JSP compilation time.
17-Feb-2025 00:15:08.418 INFO [main] org.apache.catalina.startup.HostConfig.deployDirectory Deployment of web application directory [/home/alumne/proj/FIB-PTI/servlets/apache-tomcat-10.0.10/webapps/ROOT] has finished in [64] ms
17-Feb-2025 00:15:08.419 INFO [main] org.apache.catalina.startup.HostConfig.deployDirectory Deploying web application directory [/home/alumne/proj/FIB-PTI/servlets/apache-tomcat-10.0.10/webapps/my_webapp]
17-Feb-2025 00:15:08.454 INFO [main] org.apache.jasper.servlet.TldScanner.scanJars At least one JAR was scanned for TLDs yet contained no TLDs. Enable debug logging for this logger for a complete list of JARs that were scanned but no TLDs were found in them. Skipping unneeded JARs during scanning can improve startup time and JSP compilation time.
17-Feb-2025 00:15:08.466 INFO [main] org.apache.catalina.startup.HostConfig.deployDirectory Deployment of web application directory [/home/alumne/proj/FIB-PTI/servlets/apache-tomcat-10.0.10/webapps/my_webapp] has finished in [46] ms
17-Feb-2025 00:15:08.466 INFO [main] org.apache.catalina.startup.HostConfig.deployDirectory Deploying web application directory [/home/alumne/proj/FIB-PTI/servlets/apache-tomcat-10.0.10/webapps/manager]
17-Feb-2025 00:15:08.578 INFO [main] org.apache.jasper.servlet.TldScanner.scanJars At least one JAR was scanned for TLDs yet contained no TLDs. Enable debug logging for this logger for a complete list of JARs that were scanned but no TLDs were found in them. Skipping unneeded JARs during scanning can improve startup time and JSP compilation time.
17-Feb-2025 00:15:08.582 INFO [main] org.apache.catalina.startup.HostConfig.deployDirectory Deployment of web application directory [/home/alumne/proj/FIB-PTI/servlets/apache-tomcat-10.0.10/webapps/manager] has finished in [116] ms
17-Feb-2025 00:15:08.583 INFO [main] org.apache.catalina.startup.HostConfig.deployDirectory Deploying web application directory [/home/alumne/proj/FIB-PTI/servlets/apache-tomcat-10.0.10/webapps/docs]
17-Feb-2025 00:15:08.639 INFO [main] org.apache.jasper.servlet.TldScanner.scanJars At least one JAR was scanned for TLDs yet contained no TLDs. Enable debug logging for this logger for a complete list of JARs that were scanned but no TLDs were found in them. Skipping unneeded JARs during scanning can improve startup time and JSP compilation time.
17-Feb-2025 00:15:08.641 INFO [main] org.apache.catalina.startup.HostConfig.deployDirectory Deployment of web application directory [/home/alumne/proj/FIB-PTI/servlets/apache-tomcat-10.0.10/webapps/docs] has finished in [59] ms
17-Feb-2025 00:15:08.641 INFO [main] org.apache.catalina.startup.HostConfig.deployDirectory Deploying web application directory [/home/alumne/proj/FIB-PTI/servlets/apache-tomcat-10.0.10/webapps/examples]
17-Feb-2025 00:15:09.246 INFO [main] org.apache.jasper.servlet.TldScanner.scanJars At least one JAR was scanned for TLDs yet contained no TLDs. Enable debug logging for this logger for a complete list of JARs that were scanned but no TLDs were found in them. Skipping unneeded JARs during scanning can improve startup time and JSP compilation time.
17-Feb-2025 00:15:09.290 INFO [main] org.apache.catalina.startup.HostConfig.deployDirectory Deployment of web application directory [/home/alumne/proj/FIB-PTI/servlets/apache-tomcat-10.0.10/webapps/examples] has finished in [648] ms
17-Feb-2025 00:15:09.297 INFO [main] org.apache.coyote.AbstractProtocol.start Starting ProtocolHandler ["http-nio-8080"]
17-Feb-2025 00:15:09.387 INFO [main] org.apache.catalina.startup.Catalina.start Server startup in [2022] milliseconds
17-Feb-2025 00:15:47.431 INFO [main] org.apache.catalina.core.StandardServer.await A valid shutdown command was received via the shutdown port. Stopping the Server instance.
17-Feb-2025 00:15:47.432 INFO [main] org.apache.coyote.AbstractProtocol.pause Pausing ProtocolHandler ["http-nio-8080"]
17-Feb-2025 00:15:47.440 INFO [main] org.apache.catalina.core.StandardService.stopInternal Stopping service [Catalina]
17-Feb-2025 00:15:47.445 WARNING [main] org.apache.catalina.loader.WebappClassLoaderBase.clearReferencesObjectStreamClassCaches Failed to clear soft references from ObjectStreamClass$Caches for web application [ROOT]
	java.lang.ClassCastException: class java.io.ObjectStreamClass$Caches$1 cannot be cast to class java.util.Map (java.io.ObjectStreamClass$Caches$1 and java.util.Map are in module java.base of loader 'bootstrap')
		at org.apache.catalina.loader.WebappClassLoaderBase.clearCache(WebappClassLoaderBase.java:2363)
		at org.apache.catalina.loader.WebappClassLoaderBase.clearReferencesObjectStreamClassCaches(WebappClassLoaderBase.java:2338)
		at org.apache.catalina.loader.WebappClassLoaderBase.clearReferences(WebappClassLoaderBase.java:1706)
		at org.apache.catalina.loader.WebappClassLoaderBase.stop(WebappClassLoaderBase.java:1634)
		at org.apache.catalina.loader.WebappLoader.stopInternal(WebappLoader.java:429)
		at org.apache.catalina.util.LifecycleBase.stop(LifecycleBase.java:257)
		at org.apache.catalina.core.StandardContext.stopInternal(StandardContext.java:5464)
		at org.apache.catalina.util.LifecycleBase.stop(LifecycleBase.java:257)
		at org.apache.catalina.core.ContainerBase$StopChild.call(ContainerBase.java:1412)
		at org.apache.catalina.core.ContainerBase$StopChild.call(ContainerBase.java:1401)
		at java.base/java.util.concurrent.FutureTask.run(FutureTask.java:264)
		at org.apache.tomcat.util.threads.InlineExecutorService.execute(InlineExecutorService.java:75)
		at java.base/java.util.concurrent.AbstractExecutorService.submit(AbstractExecutorService.java:140)
		at org.apache.catalina.core.ContainerBase.stopInternal(ContainerBase.java:986)
		at org.apache.catalina.util.LifecycleBase.stop(LifecycleBase.java:257)
		at org.apache.catalina.core.ContainerBase$StopChild.call(ContainerBase.java:1412)
		at org.apache.catalina.core.ContainerBase$StopChild.call(ContainerBase.java:1401)
		at java.base/java.util.concurrent.FutureTask.run(FutureTask.java:264)
		at org.apache.tomcat.util.threads.InlineExecutorService.execute(InlineExecutorService.java:75)
		at java.base/java.util.concurrent.AbstractExecutorService.submit(AbstractExecutorService.java:140)
		at org.apache.catalina.core.ContainerBase.stopInternal(ContainerBase.java:986)
		at org.apache.catalina.util.LifecycleBase.stop(LifecycleBase.java:257)
		at org.apache.catalina.core.StandardService.stopInternal(StandardService.java:497)
		at org.apache.catalina.util.LifecycleBase.stop(LifecycleBase.java:257)
		at org.apache.catalina.core.StandardServer.stopInternal(StandardServer.java:979)
		at org.apache.catalina.util.LifecycleBase.stop(LifecycleBase.java:257)
		at org.apache.catalina.startup.Catalina.stop(Catalina.java:872)
		at org.apache.catalina.startup.Catalina.start(Catalina.java:834)
		at java.base/jdk.internal.reflect.NativeMethodAccessorImpl.invoke0(Native Method)
		at java.base/jdk.internal.reflect.NativeMethodAccessorImpl.invoke(NativeMethodAccessorImpl.java:62)
		at java.base/jdk.internal.reflect.DelegatingMethodAccessorImpl.invoke(DelegatingMethodAccessorImpl.java:43)
		at java.base/java.lang.reflect.Method.invoke(Method.java:566)
		at org.apache.catalina.startup.Bootstrap.start(Bootstrap.java:345)
		at org.apache.catalina.startup.Bootstrap.main(Bootstrap.java:476)
17-Feb-2025 00:15:47.450 WARNING [main] org.apache.catalina.loader.WebappClassLoaderBase.clearReferencesObjectStreamClassCaches Failed to clear soft references from ObjectStreamClass$Caches for web application [examples]
	java.lang.ClassCastException: class java.io.ObjectStreamClass$Caches$1 cannot be cast to class java.util.Map (java.io.ObjectStreamClass$Caches$1 and java.util.Map are in module java.base of loader 'bootstrap')
		at org.apache.catalina.loader.WebappClassLoaderBase.clearCache(WebappClassLoaderBase.java:2363)
		at org.apache.catalina.loader.WebappClassLoaderBase.clearReferencesObjectStreamClassCaches(WebappClassLoaderBase.java:2338)
		at org.apache.catalina.loader.WebappClassLoaderBase.clearReferences(WebappClassLoaderBase.java:1706)
		at org.apache.catalina.loader.WebappClassLoaderBase.stop(WebappClassLoaderBase.java:1634)
		at org.apache.catalina.loader.WebappLoader.stopInternal(WebappLoader.java:429)
		at org.apache.catalina.util.LifecycleBase.stop(LifecycleBase.java:257)
		at org.apache.catalina.core.StandardContext.stopInternal(StandardContext.java:5464)
		at org.apache.catalina.util.LifecycleBase.stop(LifecycleBase.java:257)
		at org.apache.catalina.core.ContainerBase$StopChild.call(ContainerBase.java:1412)
		at org.apache.catalina.core.ContainerBase$StopChild.call(ContainerBase.java:1401)
		at java.base/java.util.concurrent.FutureTask.run(FutureTask.java:264)
		at org.apache.tomcat.util.threads.InlineExecutorService.execute(InlineExecutorService.java:75)
		at java.base/java.util.concurrent.AbstractExecutorService.submit(AbstractExecutorService.java:140)
		at org.apache.catalina.core.ContainerBase.stopInternal(ContainerBase.java:986)
		at org.apache.catalina.util.LifecycleBase.stop(LifecycleBase.java:257)
		at org.apache.catalina.core.ContainerBase$StopChild.call(ContainerBase.java:1412)
		at org.apache.catalina.core.ContainerBase$StopChild.call(ContainerBase.java:1401)
		at java.base/java.util.concurrent.FutureTask.run(FutureTask.java:264)
		at org.apache.tomcat.util.threads.InlineExecutorService.execute(InlineExecutorService.java:75)
		at java.base/java.util.concurrent.AbstractExecutorService.submit(AbstractExecutorService.java:140)
		at org.apache.catalina.core.ContainerBase.stopInternal(ContainerBase.java:986)
		at org.apache.catalina.util.LifecycleBase.stop(LifecycleBase.java:257)
		at org.apache.catalina.core.StandardService.stopInternal(StandardService.java:497)
		at org.apache.catalina.util.LifecycleBase.stop(LifecycleBase.java:257)
		at org.apache.catalina.core.StandardServer.stopInternal(StandardServer.java:979)
		at org.apache.catalina.util.LifecycleBase.stop(LifecycleBase.java:257)
		at org.apache.catalina.startup.Catalina.stop(Catalina.java:872)
		at org.apache.catalina.startup.Catalina.start(Catalina.java:834)
		at java.base/jdk.internal.reflect.NativeMethodAccessorImpl.invoke0(Native Method)
		at java.base/jdk.internal.reflect.NativeMethodAccessorImpl.invoke(NativeMethodAccessorImpl.java:62)
		at java.base/jdk.internal.reflect.DelegatingMethodAccessorImpl.invoke(DelegatingMethodAccessorImpl.java:43)
		at java.base/java.lang.reflect.Method.invoke(Method.java:566)
		at org.apache.catalina.startup.Bootstrap.start(Bootstrap.java:345)
		at org.apache.catalina.startup.Bootstrap.main(Bootstrap.java:476)
17-Feb-2025 00:15:47.459 WARNING [main] org.apache.catalina.loader.WebappClassLoaderBase.clearReferencesObjectStreamClassCaches Failed to clear soft references from ObjectStreamClass$Caches for web application [host-manager]
	java.lang.ClassCastException: class java.io.ObjectStreamClass$Caches$1 cannot be cast to class java.util.Map (java.io.ObjectStreamClass$Caches$1 and java.util.Map are in module java.base of loader 'bootstrap')
		at org.apache.catalina.loader.WebappClassLoaderBase.clearCache(WebappClassLoaderBase.java:2363)
		at org.apache.catalina.loader.WebappClassLoaderBase.clearReferencesObjectStreamClassCaches(WebappClassLoaderBase.java:2338)
		at org.apache.catalina.loader.WebappClassLoaderBase.clearReferences(WebappClassLoaderBase.java:1706)
		at org.apache.catalina.loader.WebappClassLoaderBase.stop(WebappClassLoaderBase.java:1634)
		at org.apache.catalina.loader.WebappLoader.stopInternal(WebappLoader.java:429)
		at org.apache.catalina.util.LifecycleBase.stop(LifecycleBase.java:257)
		at org.apache.catalina.core.StandardContext.stopInternal(StandardContext.java:5464)
		at org.apache.catalina.util.LifecycleBase.stop(LifecycleBase.java:257)
		at org.apache.catalina.core.ContainerBase$StopChild.call(ContainerBase.java:1412)
		at org.apache.catalina.core.ContainerBase$StopChild.call(ContainerBase.java:1401)
		at java.base/java.util.concurrent.FutureTask.run(FutureTask.java:264)
		at org.apache.tomcat.util.threads.InlineExecutorService.execute(InlineExecutorService.java:75)
		at java.base/java.util.concurrent.AbstractExecutorService.submit(AbstractExecutorService.java:140)
		at org.apache.catalina.core.ContainerBase.stopInternal(ContainerBase.java:986)
		at org.apache.catalina.util.LifecycleBase.stop(LifecycleBase.java:257)
		at org.apache.catalina.core.ContainerBase$StopChild.call(ContainerBase.java:1412)
		at org.apache.catalina.core.ContainerBase$StopChild.call(ContainerBase.java:1401)
		at java.base/java.util.concurrent.FutureTask.run(FutureTask.java:264)
		at org.apache.tomcat.util.threads.InlineExecutorService.execute(InlineExecutorService.java:75)
		at java.base/java.util.concurrent.AbstractExecutorService.submit(AbstractExecutorService.java:140)
		at org.apache.catalina.core.ContainerBase.stopInternal(ContainerBase.java:986)
		at org.apache.catalina.util.LifecycleBase.stop(LifecycleBase.java:257)
		at org.apache.catalina.core.StandardService.stopInternal(StandardService.java:497)
		at org.apache.catalina.util.LifecycleBase.stop(LifecycleBase.java:257)
		at org.apache.catalina.core.StandardServer.stopInternal(StandardServer.java:979)
		at org.apache.catalina.util.LifecycleBase.stop(LifecycleBase.java:257)
		at org.apache.catalina.startup.Catalina.stop(Catalina.java:872)
		at org.apache.catalina.startup.Catalina.start(Catalina.java:834)
		at java.base/jdk.internal.reflect.NativeMethodAccessorImpl.invoke0(Native Method)
		at java.base/jdk.internal.reflect.NativeMethodAccessorImpl.invoke(NativeMethodAccessorImpl.java:62)
		at java.base/jdk.internal.reflect.DelegatingMethodAccessorImpl.invoke(DelegatingMethodAccessorImpl.java:43)
		at java.base/java.lang.reflect.Method.invoke(Method.java:566)
		at org.apache.catalina.startup.Bootstrap.start(Bootstrap.java:345)
		at org.apache.catalina.startup.Bootstrap.main(Bootstrap.java:476)
17-Feb-2025 00:15:47.461 WARNING [main] org.apache.catalina.loader.WebappClassLoaderBase.clearReferencesObjectStreamClassCaches Failed to clear soft references from ObjectStreamClass$Caches for web application [my_webapp]
	java.lang.ClassCastException: class java.io.ObjectStreamClass$Caches$1 cannot be cast to class java.util.Map (java.io.ObjectStreamClass$Caches$1 and java.util.Map are in module java.base of loader 'bootstrap')
		at org.apache.catalina.loader.WebappClassLoaderBase.clearCache(WebappClassLoaderBase.java:2363)
		at org.apache.catalina.loader.WebappClassLoaderBase.clearReferencesObjectStreamClassCaches(WebappClassLoaderBase.java:2338)
		at org.apache.catalina.loader.WebappClassLoaderBase.clearReferences(WebappClassLoaderBase.java:1706)
		at org.apache.catalina.loader.WebappClassLoaderBase.stop(WebappClassLoaderBase.java:1634)
		at org.apache.catalina.loader.WebappLoader.stopInternal(WebappLoader.java:429)
		at org.apache.catalina.util.LifecycleBase.stop(LifecycleBase.java:257)
		at org.apache.catalina.core.StandardContext.stopInternal(StandardContext.java:5464)
		at org.apache.catalina.util.LifecycleBase.stop(LifecycleBase.java:257)
		at org.apache.catalina.core.ContainerBase$StopChild.call(ContainerBase.java:1412)
		at org.apache.catalina.core.ContainerBase$StopChild.call(ContainerBase.java:1401)
		at java.base/java.util.concurrent.FutureTask.run(FutureTask.java:264)
		at org.apache.tomcat.util.threads.InlineExecutorService.execute(InlineExecutorService.java:75)
		at java.base/java.util.concurrent.AbstractExecutorService.submit(AbstractExecutorService.java:140)
		at org.apache.catalina.core.ContainerBase.stopInternal(ContainerBase.java:986)
		at org.apache.catalina.util.LifecycleBase.stop(LifecycleBase.java:257)
		at org.apache.catalina.core.ContainerBase$StopChild.call(ContainerBase.java:1412)
		at org.apache.catalina.core.ContainerBase$StopChild.call(ContainerBase.java:1401)
		at java.base/java.util.concurrent.FutureTask.run(FutureTask.java:264)
		at org.apache.tomcat.util.threads.InlineExecutorService.execute(InlineExecutorService.java:75)
		at java.base/java.util.concurrent.AbstractExecutorService.submit(AbstractExecutorService.java:140)
		at org.apache.catalina.core.ContainerBase.stopInternal(ContainerBase.java:986)
		at org.apache.catalina.util.LifecycleBase.stop(LifecycleBase.java:257)
		at org.apache.catalina.core.StandardService.stopInternal(StandardService.java:497)
		at org.apache.catalina.util.LifecycleBase.stop(LifecycleBase.java:257)
		at org.apache.catalina.core.StandardServer.stopInternal(StandardServer.java:979)
		at org.apache.catalina.util.LifecycleBase.stop(LifecycleBase.java:257)
		at org.apache.catalina.startup.Catalina.stop(Catalina.java:872)
		at org.apache.catalina.startup.Catalina.start(Catalina.java:834)
		at java.base/jdk.internal.reflect.NativeMethodAccessorImpl.invoke0(Native Method)
		at java.base/jdk.internal.reflect.NativeMethodAccessorImpl.invoke(NativeMethodAccessorImpl.java:62)
		at java.base/jdk.internal.reflect.DelegatingMethodAccessorImpl.invoke(DelegatingMethodAccessorImpl.java:43)
		at java.base/java.lang.reflect.Method.invoke(Method.java:566)
		at org.apache.catalina.startup.Bootstrap.start(Bootstrap.java:345)
		at org.apache.catalina.startup.Bootstrap.main(Bootstrap.java:476)
17-Feb-2025 00:15:47.463 WARNING [main] org.apache.catalina.loader.WebappClassLoaderBase.clearReferencesObjectStreamClassCaches Failed to clear soft references from ObjectStreamClass$Caches for web application [manager]
	java.lang.ClassCastException: class java.io.ObjectStreamClass$Caches$1 cannot be cast to class java.util.Map (java.io.ObjectStreamClass$Caches$1 and java.util.Map are in module java.base of loader 'bootstrap')
		at org.apache.catalina.loader.WebappClassLoaderBase.clearCache(WebappClassLoaderBase.java:2363)
		at org.apache.catalina.loader.WebappClassLoaderBase.clearReferencesObjectStreamClassCaches(WebappClassLoaderBase.java:2338)
		at org.apache.catalina.loader.WebappClassLoaderBase.clearReferences(WebappClassLoaderBase.java:1706)
		at org.apache.catalina.loader.WebappClassLoaderBase.stop(WebappClassLoaderBase.java:1634)
		at org.apache.catalina.loader.WebappLoader.stopInternal(WebappLoader.java:429)
		at org.apache.catalina.util.LifecycleBase.stop(LifecycleBase.java:257)
		at org.apache.catalina.core.StandardContext.stopInternal(StandardContext.java:5464)
		at org.apache.catalina.util.LifecycleBase.stop(LifecycleBase.java:257)
		at org.apache.catalina.core.ContainerBase$StopChild.call(ContainerBase.java:1412)
		at org.apache.catalina.core.ContainerBase$StopChild.call(ContainerBase.java:1401)
		at java.base/java.util.concurrent.FutureTask.run(FutureTask.java:264)
		at org.apache.tomcat.util.threads.InlineExecutorService.execute(InlineExecutorService.java:75)
		at java.base/java.util.concurrent.AbstractExecutorService.submit(AbstractExecutorService.java:140)
		at org.apache.catalina.core.ContainerBase.stopInternal(ContainerBase.java:986)
		at org.apache.catalina.util.LifecycleBase.stop(LifecycleBase.java:257)
		at org.apache.catalina.core.ContainerBase$StopChild.call(ContainerBase.java:1412)
		at org.apache.catalina.core.ContainerBase$StopChild.call(ContainerBase.java:1401)
		at java.base/java.util.concurrent.FutureTask.run(FutureTask.java:264)
		at org.apache.tomcat.util.threads.InlineExecutorService.execute(InlineExecutorService.java:75)
		at java.base/java.util.concurrent.AbstractExecutorService.submit(AbstractExecutorService.java:140)
		at org.apache.catalina.core.ContainerBase.stopInternal(ContainerBase.java:986)
		at org.apache.catalina.util.LifecycleBase.stop(LifecycleBase.java:257)
		at org.apache.catalina.core.StandardService.stopInternal(StandardService.java:497)
		at org.apache.catalina.util.LifecycleBase.stop(LifecycleBase.java:257)
		at org.apache.catalina.core.StandardServer.stopInternal(StandardServer.java:979)
		at org.apache.catalina.util.LifecycleBase.stop(LifecycleBase.java:257)
		at org.apache.catalina.startup.Catalina.stop(Catalina.java:872)
		at org.apache.catalina.startup.Catalina.start(Catalina.java:834)
		at java.base/jdk.internal.reflect.NativeMethodAccessorImpl.invoke0(Native Method)
		at java.base/jdk.internal.reflect.NativeMethodAccessorImpl.invoke(NativeMethodAccessorImpl.java:62)
		at java.base/jdk.internal.reflect.DelegatingMethodAccessorImpl.invoke(DelegatingMethodAccessorImpl.java:43)
		at java.base/java.lang.reflect.Method.invoke(Method.java:566)
		at org.apache.catalina.startup.Bootstrap.start(Bootstrap.java:345)
		at org.apache.catalina.startup.Bootstrap.main(Bootstrap.java:476)
17-Feb-2025 00:15:47.466 WARNING [main] org.apache.catalina.loader.WebappClassLoaderBase.clearReferencesObjectStreamClassCaches Failed to clear soft references from ObjectStreamClass$Caches for web application [docs]
	java.lang.ClassCastException: class java.io.ObjectStreamClass$Caches$1 cannot be cast to class java.util.Map (java.io.ObjectStreamClass$Caches$1 and java.util.Map are in module java.base of loader 'bootstrap')
		at org.apache.catalina.loader.WebappClassLoaderBase.clearCache(WebappClassLoaderBase.java:2363)
		at org.apache.catalina.loader.WebappClassLoaderBase.clearReferencesObjectStreamClassCaches(WebappClassLoaderBase.java:2338)
		at org.apache.catalina.loader.WebappClassLoaderBase.clearReferences(WebappClassLoaderBase.java:1706)
		at org.apache.catalina.loader.WebappClassLoaderBase.stop(WebappClassLoaderBase.java:1634)
		at org.apache.catalina.loader.WebappLoader.stopInternal(WebappLoader.java:429)
		at org.apache.catalina.util.LifecycleBase.stop(LifecycleBase.java:257)
		at org.apache.catalina.core.StandardContext.stopInternal(StandardContext.java:5464)
		at org.apache.catalina.util.LifecycleBase.stop(LifecycleBase.java:257)
		at org.apache.catalina.core.ContainerBase$StopChild.call(ContainerBase.java:1412)
		at org.apache.catalina.core.ContainerBase$StopChild.call(ContainerBase.java:1401)
		at java.base/java.util.concurrent.FutureTask.run(FutureTask.java:264)
		at org.apache.tomcat.util.threads.InlineExecutorService.execute(InlineExecutorService.java:75)
		at java.base/java.util.concurrent.AbstractExecutorService.submit(AbstractExecutorService.java:140)
		at org.apache.catalina.core.ContainerBase.stopInternal(ContainerBase.java:986)
		at org.apache.catalina.util.LifecycleBase.stop(LifecycleBase.java:257)
		at org.apache.catalina.core.ContainerBase$StopChild.call(ContainerBase.java:1412)
		at org.apache.catalina.core.ContainerBase$StopChild.call(ContainerBase.java:1401)
		at java.base/java.util.concurrent.FutureTask.run(FutureTask.java:264)
		at org.apache.tomcat.util.threads.InlineExecutorService.execute(InlineExecutorService.java:75)
		at java.base/java.util.concurrent.AbstractExecutorService.submit(AbstractExecutorService.java:140)
		at org.apache.catalina.core.ContainerBase.stopInternal(ContainerBase.java:986)
		at org.apache.catalina.util.LifecycleBase.stop(LifecycleBase.java:257)
		at org.apache.catalina.core.StandardService.stopInternal(StandardService.java:497)
		at org.apache.catalina.util.LifecycleBase.stop(LifecycleBase.java:257)
		at org.apache.catalina.core.StandardServer.stopInternal(StandardServer.java:979)
		at org.apache.catalina.util.LifecycleBase.stop(LifecycleBase.java:257)
		at org.apache.catalina.startup.Catalina.stop(Catalina.java:872)
		at org.apache.catalina.startup.Catalina.start(Catalina.java:834)
		at java.base/jdk.internal.reflect.NativeMethodAccessorImpl.invoke0(Native Method)
		at java.base/jdk.internal.reflect.NativeMethodAccessorImpl.invoke(NativeMethodAccessorImpl.java:62)
		at java.base/jdk.internal.reflect.DelegatingMethodAccessorImpl.invoke(DelegatingMethodAccessorImpl.java:43)
		at java.base/java.lang.reflect.Method.invoke(Method.java:566)
		at org.apache.catalina.startup.Bootstrap.start(Bootstrap.java:345)
		at org.apache.catalina.startup.Bootstrap.main(Bootstrap.java:476)
17-Feb-2025 00:15:47.471 INFO [main] org.apache.coyote.AbstractProtocol.stop Stopping ProtocolHandler ["http-nio-8080"]
17-Feb-2025 00:15:47.495 INFO [main] org.apache.coyote.AbstractProtocol.destroy Destroying ProtocolHandler ["http-nio-8080"]
17-Feb-2025 00:15:48.117 INFO [main] org.apache.catalina.startup.VersionLoggerListener.log Server version name:   Apache Tomcat/10.0.10
17-Feb-2025 00:15:48.121 INFO [main] org.apache.catalina.startup.VersionLoggerListener.log Server built:          Jul 30 2021 09:51:27 UTC
17-Feb-2025 00:15:48.122 INFO [main] org.apache.catalina.startup.VersionLoggerListener.log Server version number: 10.0.10.0
17-Feb-2025 00:15:48.122 INFO [main] org.apache.catalina.startup.VersionLoggerListener.log OS Name:               Linux
17-Feb-2025 00:15:48.122 INFO [main] org.apache.catalina.startup.VersionLoggerListener.log OS Version:            5.15.0-92-generic
17-Feb-2025 00:15:48.122 INFO [main] org.apache.catalina.startup.VersionLoggerListener.log Architecture:          amd64
17-Feb-2025 00:15:48.122 INFO [main] org.apache.catalina.startup.VersionLoggerListener.log Java Home:             /usr/lib/jvm/java-11-openjdk-amd64
17-Feb-2025 00:15:48.122 INFO [main] org.apache.catalina.startup.VersionLoggerListener.log JVM Version:           11.0.26+4-post-Ubuntu-1ubuntu122.04
17-Feb-2025 00:15:48.122 INFO [main] org.apache.catalina.startup.VersionLoggerListener.log JVM Vendor:            Ubuntu
17-Feb-2025 00:15:48.123 INFO [main] org.apache.catalina.startup.VersionLoggerListener.log CATALINA_BASE:         /home/alumne/proj/FIB-PTI/servlets/apache-tomcat-10.0.10
17-Feb-2025 00:15:48.123 INFO [main] org.apache.catalina.startup.VersionLoggerListener.log CATALINA_HOME:         /home/alumne/proj/FIB-PTI/servlets/apache-tomcat-10.0.10
17-Feb-2025 00:15:48.162 INFO [main] org.apache.catalina.startup.VersionLoggerListener.log Command line argument: --add-opens=java.base/java.lang=ALL-UNNAMED
17-Feb-2025 00:15:48.162 INFO [main] org.apache.catalina.startup.VersionLoggerListener.log Command line argument: --add-opens=java.base/java.io=ALL-UNNAMED
17-Feb-2025 00:15:48.162 INFO [main] org.apache.catalina.startup.VersionLoggerListener.log Command line argument: --add-opens=java.base/java.util=ALL-UNNAMED
17-Feb-2025 00:15:48.162 INFO [main] org.apache.catalina.startup.VersionLoggerListener.log Command line argument: --add-opens=java.base/java.util.concurrent=ALL-UNNAMED
17-Feb-2025 00:15:48.162 INFO [main] org.apache.catalina.startup.VersionLoggerListener.log Command line argument: --add-opens=java.rmi/sun.rmi.transport=ALL-UNNAMED
17-Feb-2025 00:15:48.162 INFO [main] org.apache.catalina.startup.VersionLoggerListener.log Command line argument: -Djava.util.logging.config.file=/home/alumne/proj/FIB-PTI/servlets/apache-tomcat-10.0.10/conf/logging.properties
17-Feb-2025 00:15:48.162 INFO [main] org.apache.catalina.startup.VersionLoggerListener.log Command line argument: -Djava.util.logging.manager=org.apache.juli.ClassLoaderLogManager
17-Feb-2025 00:15:48.162 INFO [main] org.apache.catalina.startup.VersionLoggerListener.log Command line argument: -Djdk.tls.ephemeralDHKeySize=2048
17-Feb-2025 00:15:48.163 INFO [main] org.apache.catalina.startup.VersionLoggerListener.log Command line argument: -Djava.protocol.handler.pkgs=org.apache.catalina.webresources
17-Feb-2025 00:15:48.163 INFO [main] org.apache.catalina.startup.VersionLoggerListener.log Command line argument: -Dorg.apache.catalina.security.SecurityListener.UMASK=0027
17-Feb-2025 00:15:48.163 INFO [main] org.apache.catalina.startup.VersionLoggerListener.log Command line argument: -Dignore.endorsed.dirs=
17-Feb-2025 00:15:48.163 INFO [main] org.apache.catalina.startup.VersionLoggerListener.log Command line argument: -Dcatalina.base=/home/alumne/proj/FIB-PTI/servlets/apache-tomcat-10.0.10
17-Feb-2025 00:15:48.163 INFO [main] org.apache.catalina.startup.VersionLoggerListener.log Command line argument: -Dcatalina.home=/home/alumne/proj/FIB-PTI/servlets/apache-tomcat-10.0.10
17-Feb-2025 00:15:48.163 INFO [main] org.apache.catalina.startup.VersionLoggerListener.log Command line argument: -Djava.io.tmpdir=/home/alumne/proj/FIB-PTI/servlets/apache-tomcat-10.0.10/temp
17-Feb-2025 00:15:48.165 INFO [main] org.apache.catalina.core.AprLifecycleListener.lifecycleEvent The Apache Tomcat Native library which allows using OpenSSL was not found on the java.library.path: [/home/alumne/catkin_ws/devel/lib:/opt/ros/noetic/lib:/tmp/.mount_cursor8aCjg4/usr/lib:/usr/java/packages/lib:/usr/lib/x86_64-linux-gnu/jni:/lib/x86_64-linux-gnu:/usr/lib/x86_64-linux-gnu:/usr/lib/jni:/lib:/usr/lib]
17-Feb-2025 00:15:48.388 INFO [main] org.apache.coyote.AbstractProtocol.init Initializing ProtocolHandler ["http-nio-8080"]
17-Feb-2025 00:15:48.415 INFO [main] org.apache.catalina.startup.Catalina.load Server initialization in [582] milliseconds
17-Feb-2025 00:15:48.472 INFO [main] org.apache.catalina.core.StandardService.startInternal Starting service [Catalina]
17-Feb-2025 00:15:48.473 INFO [main] org.apache.catalina.core.StandardEngine.startInternal Starting Servlet engine: [Apache Tomcat/10.0.10]
17-Feb-2025 00:15:48.479 INFO [main] org.apache.catalina.startup.HostConfig.deployDirectory Deploying web application directory [/home/alumne/proj/FIB-PTI/servlets/apache-tomcat-10.0.10/webapps/host-manager]
17-Feb-2025 00:15:48.685 INFO [main] org.apache.jasper.servlet.TldScanner.scanJars At least one JAR was scanned for TLDs yet contained no TLDs. Enable debug logging for this logger for a complete list of JARs that were scanned but no TLDs were found in them. Skipping unneeded JARs during scanning can improve startup time and JSP compilation time.
17-Feb-2025 00:15:48.712 INFO [main] org.apache.catalina.startup.HostConfig.deployDirectory Deployment of web application directory [/home/alumne/proj/FIB-PTI/servlets/apache-tomcat-10.0.10/webapps/host-manager] has finished in [233] ms
17-Feb-2025 00:15:48.713 INFO [main] org.apache.catalina.startup.HostConfig.deployDirectory Deploying web application directory [/home/alumne/proj/FIB-PTI/servlets/apache-tomcat-10.0.10/webapps/ROOT]
17-Feb-2025 00:15:48.728 INFO [main] org.apache.jasper.servlet.TldScanner.scanJars At least one JAR was scanned for TLDs yet contained no TLDs. Enable debug logging for this logger for a complete list of JARs that were scanned but no TLDs were found in them. Skipping unneeded JARs during scanning can improve startup time and JSP compilation time.
17-Feb-2025 00:15:48.730 INFO [main] org.apache.catalina.startup.HostConfig.deployDirectory Deployment of web application directory [/home/alumne/proj/FIB-PTI/servlets/apache-tomcat-10.0.10/webapps/ROOT] has finished in [17] ms
17-Feb-2025 00:15:48.730 INFO [main] org.apache.catalina.startup.HostConfig.deployDirectory Deploying web application directory [/home/alumne/proj/FIB-PTI/servlets/apache-tomcat-10.0.10/webapps/my_webapp]
17-Feb-2025 00:15:48.757 INFO [main] org.apache.jasper.servlet.TldScanner.scanJars At least one JAR was scanned for TLDs yet contained no TLDs. Enable debug logging for this logger for a complete list of JARs that were scanned but no TLDs were found in them. Skipping unneeded JARs during scanning can improve startup time and JSP compilation time.
17-Feb-2025 00:15:48.761 INFO [main] org.apache.catalina.startup.HostConfig.deployDirectory Deployment of web application directory [/home/alumne/proj/FIB-PTI/servlets/apache-tomcat-10.0.10/webapps/my_webapp] has finished in [31] ms
17-Feb-2025 00:15:48.761 INFO [main] org.apache.catalina.startup.HostConfig.deployDirectory Deploying web application directory [/home/alumne/proj/FIB-PTI/servlets/apache-tomcat-10.0.10/webapps/manager]
17-Feb-2025 00:15:48.777 INFO [main] org.apache.jasper.servlet.TldScanner.scanJars At least one JAR was scanned for TLDs yet contained no TLDs. Enable debug logging for this logger for a complete list of JARs that were scanned but no TLDs were found in them. Skipping unneeded JARs during scanning can improve startup time and JSP compilation time.
17-Feb-2025 00:15:48.779 INFO [main] org.apache.catalina.startup.HostConfig.deployDirectory Deployment of web application directory [/home/alumne/proj/FIB-PTI/servlets/apache-tomcat-10.0.10/webapps/manager] has finished in [18] ms
17-Feb-2025 00:15:48.779 INFO [main] org.apache.catalina.startup.HostConfig.deployDirectory Deploying web application directory [/home/alumne/proj/FIB-PTI/servlets/apache-tomcat-10.0.10/webapps/docs]
17-Feb-2025 00:15:48.793 INFO [main] org.apache.jasper.servlet.TldScanner.scanJars At least one JAR was scanned for TLDs yet contained no TLDs. Enable debug logging for this logger for a complete list of JARs that were scanned but no TLDs were found in them. Skipping unneeded JARs during scanning can improve startup time and JSP compilation time.
17-Feb-2025 00:15:48.794 INFO [main] org.apache.catalina.startup.HostConfig.deployDirectory Deployment of web application directory [/home/alumne/proj/FIB-PTI/servlets/apache-tomcat-10.0.10/webapps/docs] has finished in [15] ms
17-Feb-2025 00:15:48.794 INFO [main] org.apache.catalina.startup.HostConfig.deployDirectory Deploying web application directory [/home/alumne/proj/FIB-PTI/servlets/apache-tomcat-10.0.10/webapps/examples]
17-Feb-2025 00:15:48.957 INFO [main] org.apache.jasper.servlet.TldScanner.scanJars At least one JAR was scanned for TLDs yet contained no TLDs. Enable debug logging for this logger for a complete list of JARs that were scanned but no TLDs were found in them. Skipping unneeded JARs during scanning can improve startup time and JSP compilation time.
17-Feb-2025 00:15:48.985 INFO [main] org.apache.catalina.startup.HostConfig.deployDirectory Deployment of web application directory [/home/alumne/proj/FIB-PTI/servlets/apache-tomcat-10.0.10/webapps/examples] has finished in [191] ms
17-Feb-2025 00:15:48.997 INFO [main] org.apache.coyote.AbstractProtocol.start Starting ProtocolHandler ["http-nio-8080"]
17-Feb-2025 00:15:49.024 INFO [main] org.apache.catalina.startup.Catalina.start Server startup in [609] milliseconds
17-Feb-2025 00:16:13.913 INFO [main] org.apache.catalina.core.StandardServer.await A valid shutdown command was received via the shutdown port. Stopping the Server instance.
17-Feb-2025 00:16:13.913 INFO [main] org.apache.coyote.AbstractProtocol.pause Pausing ProtocolHandler ["http-nio-8080"]
17-Feb-2025 00:16:13.920 INFO [main] org.apache.catalina.core.StandardService.stopInternal Stopping service [Catalina]
17-Feb-2025 00:16:13.932 WARNING [main] org.apache.catalina.loader.WebappClassLoaderBase.clearReferencesObjectStreamClassCaches Failed to clear soft references from ObjectStreamClass$Caches for web application [ROOT]
	java.lang.ClassCastException: class java.io.ObjectStreamClass$Caches$1 cannot be cast to class java.util.Map (java.io.ObjectStreamClass$Caches$1 and java.util.Map are in module java.base of loader 'bootstrap')
		at org.apache.catalina.loader.WebappClassLoaderBase.clearCache(WebappClassLoaderBase.java:2363)
		at org.apache.catalina.loader.WebappClassLoaderBase.clearReferencesObjectStreamClassCaches(WebappClassLoaderBase.java:2338)
		at org.apache.catalina.loader.WebappClassLoaderBase.clearReferences(WebappClassLoaderBase.java:1706)
		at org.apache.catalina.loader.WebappClassLoaderBase.stop(WebappClassLoaderBase.java:1634)
		at org.apache.catalina.loader.WebappLoader.stopInternal(WebappLoader.java:429)
		at org.apache.catalina.util.LifecycleBase.stop(LifecycleBase.java:257)
		at org.apache.catalina.core.StandardContext.stopInternal(StandardContext.java:5464)
		at org.apache.catalina.util.LifecycleBase.stop(LifecycleBase.java:257)
		at org.apache.catalina.core.ContainerBase$StopChild.call(ContainerBase.java:1412)
		at org.apache.catalina.core.ContainerBase$StopChild.call(ContainerBase.java:1401)
		at java.base/java.util.concurrent.FutureTask.run(FutureTask.java:264)
		at org.apache.tomcat.util.threads.InlineExecutorService.execute(InlineExecutorService.java:75)
		at java.base/java.util.concurrent.AbstractExecutorService.submit(AbstractExecutorService.java:140)
		at org.apache.catalina.core.ContainerBase.stopInternal(ContainerBase.java:986)
		at org.apache.catalina.util.LifecycleBase.stop(LifecycleBase.java:257)
		at org.apache.catalina.core.ContainerBase$StopChild.call(ContainerBase.java:1412)
		at org.apache.catalina.core.ContainerBase$StopChild.call(ContainerBase.java:1401)
		at java.base/java.util.concurrent.FutureTask.run(FutureTask.java:264)
		at org.apache.tomcat.util.threads.InlineExecutorService.execute(InlineExecutorService.java:75)
		at java.base/java.util.concurrent.AbstractExecutorService.submit(AbstractExecutorService.java:140)
		at org.apache.catalina.core.ContainerBase.stopInternal(ContainerBase.java:986)
		at org.apache.catalina.util.LifecycleBase.stop(LifecycleBase.java:257)
		at org.apache.catalina.core.StandardService.stopInternal(StandardService.java:497)
		at org.apache.catalina.util.LifecycleBase.stop(LifecycleBase.java:257)
		at org.apache.catalina.core.StandardServer.stopInternal(StandardServer.java:979)
		at org.apache.catalina.util.LifecycleBase.stop(LifecycleBase.java:257)
		at org.apache.catalina.startup.Catalina.stop(Catalina.java:872)
		at org.apache.catalina.startup.Catalina.start(Catalina.java:834)
		at java.base/jdk.internal.reflect.NativeMethodAccessorImpl.invoke0(Native Method)
		at java.base/jdk.internal.reflect.NativeMethodAccessorImpl.invoke(NativeMethodAccessorImpl.java:62)
		at java.base/jdk.internal.reflect.DelegatingMethodAccessorImpl.invoke(DelegatingMethodAccessorImpl.java:43)
		at java.base/java.lang.reflect.Method.invoke(Method.java:566)
		at org.apache.catalina.startup.Bootstrap.start(Bootstrap.java:345)
		at org.apache.catalina.startup.Bootstrap.main(Bootstrap.java:476)
17-Feb-2025 00:16:13.954 WARNING [main] org.apache.catalina.loader.WebappClassLoaderBase.clearReferencesObjectStreamClassCaches Failed to clear soft references from ObjectStreamClass$Caches for web application [examples]
	java.lang.ClassCastException: class java.io.ObjectStreamClass$Caches$1 cannot be cast to class java.util.Map (java.io.ObjectStreamClass$Caches$1 and java.util.Map are in module java.base of loader 'bootstrap')
		at org.apache.catalina.loader.WebappClassLoaderBase.clearCache(WebappClassLoaderBase.java:2363)
		at org.apache.catalina.loader.WebappClassLoaderBase.clearReferencesObjectStreamClassCaches(WebappClassLoaderBase.java:2338)
		at org.apache.catalina.loader.WebappClassLoaderBase.clearReferences(WebappClassLoaderBase.java:1706)
		at org.apache.catalina.loader.WebappClassLoaderBase.stop(WebappClassLoaderBase.java:1634)
		at org.apache.catalina.loader.WebappLoader.stopInternal(WebappLoader.java:429)
		at org.apache.catalina.util.LifecycleBase.stop(LifecycleBase.java:257)
		at org.apache.catalina.core.StandardContext.stopInternal(StandardContext.java:5464)
		at org.apache.catalina.util.LifecycleBase.stop(LifecycleBase.java:257)
		at org.apache.catalina.core.ContainerBase$StopChild.call(ContainerBase.java:1412)
		at org.apache.catalina.core.ContainerBase$StopChild.call(ContainerBase.java:1401)
		at java.base/java.util.concurrent.FutureTask.run(FutureTask.java:264)
		at org.apache.tomcat.util.threads.InlineExecutorService.execute(InlineExecutorService.java:75)
		at java.base/java.util.concurrent.AbstractExecutorService.submit(AbstractExecutorService.java:140)
		at org.apache.catalina.core.ContainerBase.stopInternal(ContainerBase.java:986)
		at org.apache.catalina.util.LifecycleBase.stop(LifecycleBase.java:257)
		at org.apache.catalina.core.ContainerBase$StopChild.call(ContainerBase.java:1412)
		at org.apache.catalina.core.ContainerBase$StopChild.call(ContainerBase.java:1401)
		at java.base/java.util.concurrent.FutureTask.run(FutureTask.java:264)
		at org.apache.tomcat.util.threads.InlineExecutorService.execute(InlineExecutorService.java:75)
		at java.base/java.util.concurrent.AbstractExecutorService.submit(AbstractExecutorService.java:140)
		at org.apache.catalina.core.ContainerBase.stopInternal(ContainerBase.java:986)
		at org.apache.catalina.util.LifecycleBase.stop(LifecycleBase.java:257)
		at org.apache.catalina.core.StandardService.stopInternal(StandardService.java:497)
		at org.apache.catalina.util.LifecycleBase.stop(LifecycleBase.java:257)
		at org.apache.catalina.core.StandardServer.stopInternal(StandardServer.java:979)
		at org.apache.catalina.util.LifecycleBase.stop(LifecycleBase.java:257)
		at org.apache.catalina.startup.Catalina.stop(Catalina.java:872)
		at org.apache.catalina.startup.Catalina.start(Catalina.java:834)
		at java.base/jdk.internal.reflect.NativeMethodAccessorImpl.invoke0(Native Method)
		at java.base/jdk.internal.reflect.NativeMethodAccessorImpl.invoke(NativeMethodAccessorImpl.java:62)
		at java.base/jdk.internal.reflect.DelegatingMethodAccessorImpl.invoke(DelegatingMethodAccessorImpl.java:43)
		at java.base/java.lang.reflect.Method.invoke(Method.java:566)
		at org.apache.catalina.startup.Bootstrap.start(Bootstrap.java:345)
		at org.apache.catalina.startup.Bootstrap.main(Bootstrap.java:476)
17-Feb-2025 00:16:13.965 WARNING [main] org.apache.catalina.loader.WebappClassLoaderBase.clearReferencesObjectStreamClassCaches Failed to clear soft references from ObjectStreamClass$Caches for web application [host-manager]
	java.lang.ClassCastException: class java.io.ObjectStreamClass$Caches$1 cannot be cast to class java.util.Map (java.io.ObjectStreamClass$Caches$1 and java.util.Map are in module java.base of loader 'bootstrap')
		at org.apache.catalina.loader.WebappClassLoaderBase.clearCache(WebappClassLoaderBase.java:2363)
		at org.apache.catalina.loader.WebappClassLoaderBase.clearReferencesObjectStreamClassCaches(WebappClassLoaderBase.java:2338)
		at org.apache.catalina.loader.WebappClassLoaderBase.clearReferences(WebappClassLoaderBase.java:1706)
		at org.apache.catalina.loader.WebappClassLoaderBase.stop(WebappClassLoaderBase.java:1634)
		at org.apache.catalina.loader.WebappLoader.stopInternal(WebappLoader.java:429)
		at org.apache.catalina.util.LifecycleBase.stop(LifecycleBase.java:257)
		at org.apache.catalina.core.StandardContext.stopInternal(StandardContext.java:5464)
		at org.apache.catalina.util.LifecycleBase.stop(LifecycleBase.java:257)
		at org.apache.catalina.core.ContainerBase$StopChild.call(ContainerBase.java:1412)
		at org.apache.catalina.core.ContainerBase$StopChild.call(ContainerBase.java:1401)
		at java.base/java.util.concurrent.FutureTask.run(FutureTask.java:264)
		at org.apache.tomcat.util.threads.InlineExecutorService.execute(InlineExecutorService.java:75)
		at java.base/java.util.concurrent.AbstractExecutorService.submit(AbstractExecutorService.java:140)
		at org.apache.catalina.core.ContainerBase.stopInternal(ContainerBase.java:986)
		at org.apache.catalina.util.LifecycleBase.stop(LifecycleBase.java:257)
		at org.apache.catalina.core.ContainerBase$StopChild.call(ContainerBase.java:1412)
		at org.apache.catalina.core.ContainerBase$StopChild.call(ContainerBase.java:1401)
		at java.base/java.util.concurrent.FutureTask.run(FutureTask.java:264)
		at org.apache.tomcat.util.threads.InlineExecutorService.execute(InlineExecutorService.java:75)
		at java.base/java.util.concurrent.AbstractExecutorService.submit(AbstractExecutorService.java:140)
		at org.apache.catalina.core.ContainerBase.stopInternal(ContainerBase.java:986)
		at org.apache.catalina.util.LifecycleBase.stop(LifecycleBase.java:257)
		at org.apache.catalina.core.StandardService.stopInternal(StandardService.java:497)
		at org.apache.catalina.util.LifecycleBase.stop(LifecycleBase.java:257)
		at org.apache.catalina.core.StandardServer.stopInternal(StandardServer.java:979)
		at org.apache.catalina.util.LifecycleBase.stop(LifecycleBase.java:257)
		at org.apache.catalina.startup.Catalina.stop(Catalina.java:872)
		at org.apache.catalina.startup.Catalina.start(Catalina.java:834)
		at java.base/jdk.internal.reflect.NativeMethodAccessorImpl.invoke0(Native Method)
		at java.base/jdk.internal.reflect.NativeMethodAccessorImpl.invoke(NativeMethodAccessorImpl.java:62)
		at java.base/jdk.internal.reflect.DelegatingMethodAccessorImpl.invoke(DelegatingMethodAccessorImpl.java:43)
		at java.base/java.lang.reflect.Method.invoke(Method.java:566)
		at org.apache.catalina.startup.Bootstrap.start(Bootstrap.java:345)
		at org.apache.catalina.startup.Bootstrap.main(Bootstrap.java:476)
17-Feb-2025 00:16:13.969 WARNING [main] org.apache.catalina.loader.WebappClassLoaderBase.clearReferencesObjectStreamClassCaches Failed to clear soft references from ObjectStreamClass$Caches for web application [my_webapp]
	java.lang.ClassCastException: class java.io.ObjectStreamClass$Caches$1 cannot be cast to class java.util.Map (java.io.ObjectStreamClass$Caches$1 and java.util.Map are in module java.base of loader 'bootstrap')
		at org.apache.catalina.loader.WebappClassLoaderBase.clearCache(WebappClassLoaderBase.java:2363)
		at org.apache.catalina.loader.WebappClassLoaderBase.clearReferencesObjectStreamClassCaches(WebappClassLoaderBase.java:2338)
		at org.apache.catalina.loader.WebappClassLoaderBase.clearReferences(WebappClassLoaderBase.java:1706)
		at org.apache.catalina.loader.WebappClassLoaderBase.stop(WebappClassLoaderBase.java:1634)
		at org.apache.catalina.loader.WebappLoader.stopInternal(WebappLoader.java:429)
		at org.apache.catalina.util.LifecycleBase.stop(LifecycleBase.java:257)
		at org.apache.catalina.core.StandardContext.stopInternal(StandardContext.java:5464)
		at org.apache.catalina.util.LifecycleBase.stop(LifecycleBase.java:257)
		at org.apache.catalina.core.ContainerBase$StopChild.call(ContainerBase.java:1412)
		at org.apache.catalina.core.ContainerBase$StopChild.call(ContainerBase.java:1401)
		at java.base/java.util.concurrent.FutureTask.run(FutureTask.java:264)
		at org.apache.tomcat.util.threads.InlineExecutorService.execute(InlineExecutorService.java:75)
		at java.base/java.util.concurrent.AbstractExecutorService.submit(AbstractExecutorService.java:140)
		at org.apache.catalina.core.ContainerBase.stopInternal(ContainerBase.java:986)
		at org.apache.catalina.util.LifecycleBase.stop(LifecycleBase.java:257)
		at org.apache.catalina.core.ContainerBase$StopChild.call(ContainerBase.java:1412)
		at org.apache.catalina.core.ContainerBase$StopChild.call(ContainerBase.java:1401)
		at java.base/java.util.concurrent.FutureTask.run(FutureTask.java:264)
		at org.apache.tomcat.util.threads.InlineExecutorService.execute(InlineExecutorService.java:75)
		at java.base/java.util.concurrent.AbstractExecutorService.submit(AbstractExecutorService.java:140)
		at org.apache.catalina.core.ContainerBase.stopInternal(ContainerBase.java:986)
		at org.apache.catalina.util.LifecycleBase.stop(LifecycleBase.java:257)
		at org.apache.catalina.core.StandardService.stopInternal(StandardService.java:497)
		at org.apache.catalina.util.LifecycleBase.stop(LifecycleBase.java:257)
		at org.apache.catalina.core.StandardServer.stopInternal(StandardServer.java:979)
		at org.apache.catalina.util.LifecycleBase.stop(LifecycleBase.java:257)
		at org.apache.catalina.startup.Catalina.stop(Catalina.java:872)
		at org.apache.catalina.startup.Catalina.start(Catalina.java:834)
		at java.base/jdk.internal.reflect.NativeMethodAccessorImpl.invoke0(Native Method)
		at java.base/jdk.internal.reflect.NativeMethodAccessorImpl.invoke(NativeMethodAccessorImpl.java:62)
		at java.base/jdk.internal.reflect.DelegatingMethodAccessorImpl.invoke(DelegatingMethodAccessorImpl.java:43)
		at java.base/java.lang.reflect.Method.invoke(Method.java:566)
		at org.apache.catalina.startup.Bootstrap.start(Bootstrap.java:345)
		at org.apache.catalina.startup.Bootstrap.main(Bootstrap.java:476)
17-Feb-2025 00:16:13.981 WARNING [main] org.apache.catalina.loader.WebappClassLoaderBase.clearReferencesObjectStreamClassCaches Failed to clear soft references from ObjectStreamClass$Caches for web application [manager]
	java.lang.ClassCastException: class java.io.ObjectStreamClass$Caches$1 cannot be cast to class java.util.Map (java.io.ObjectStreamClass$Caches$1 and java.util.Map are in module java.base of loader 'bootstrap')
		at org.apache.catalina.loader.WebappClassLoaderBase.clearCache(WebappClassLoaderBase.java:2363)
		at org.apache.catalina.loader.WebappClassLoaderBase.clearReferencesObjectStreamClassCaches(WebappClassLoaderBase.java:2338)
		at org.apache.catalina.loader.WebappClassLoaderBase.clearReferences(WebappClassLoaderBase.java:1706)
		at org.apache.catalina.loader.WebappClassLoaderBase.stop(WebappClassLoaderBase.java:1634)
		at org.apache.catalina.loader.WebappLoader.stopInternal(WebappLoader.java:429)
		at org.apache.catalina.util.LifecycleBase.stop(LifecycleBase.java:257)
		at org.apache.catalina.core.StandardContext.stopInternal(StandardContext.java:5464)
		at org.apache.catalina.util.LifecycleBase.stop(LifecycleBase.java:257)
		at org.apache.catalina.core.ContainerBase$StopChild.call(ContainerBase.java:1412)
		at org.apache.catalina.core.ContainerBase$StopChild.call(ContainerBase.java:1401)
		at java.base/java.util.concurrent.FutureTask.run(FutureTask.java:264)
		at org.apache.tomcat.util.threads.InlineExecutorService.execute(InlineExecutorService.java:75)
		at java.base/java.util.concurrent.AbstractExecutorService.submit(AbstractExecutorService.java:140)
		at org.apache.catalina.core.ContainerBase.stopInternal(ContainerBase.java:986)
		at org.apache.catalina.util.LifecycleBase.stop(LifecycleBase.java:257)
		at org.apache.catalina.core.ContainerBase$StopChild.call(ContainerBase.java:1412)
		at org.apache.catalina.core.ContainerBase$StopChild.call(ContainerBase.java:1401)
		at java.base/java.util.concurrent.FutureTask.run(FutureTask.java:264)
		at org.apache.tomcat.util.threads.InlineExecutorService.execute(InlineExecutorService.java:75)
		at java.base/java.util.concurrent.AbstractExecutorService.submit(AbstractExecutorService.java:140)
		at org.apache.catalina.core.ContainerBase.stopInternal(ContainerBase.java:986)
		at org.apache.catalina.util.LifecycleBase.stop(LifecycleBase.java:257)
		at org.apache.catalina.core.StandardService.stopInternal(StandardService.java:497)
		at org.apache.catalina.util.LifecycleBase.stop(LifecycleBase.java:257)
		at org.apache.catalina.core.StandardServer.stopInternal(StandardServer.java:979)
		at org.apache.catalina.util.LifecycleBase.stop(LifecycleBase.java:257)
		at org.apache.catalina.startup.Catalina.stop(Catalina.java:872)
		at org.apache.catalina.startup.Catalina.start(Catalina.java:834)
		at java.base/jdk.internal.reflect.NativeMethodAccessorImpl.invoke0(Native Method)
		at java.base/jdk.internal.reflect.NativeMethodAccessorImpl.invoke(NativeMethodAccessorImpl.java:62)
		at java.base/jdk.internal.reflect.DelegatingMethodAccessorImpl.invoke(DelegatingMethodAccessorImpl.java:43)
		at java.base/java.lang.reflect.Method.invoke(Method.java:566)
		at org.apache.catalina.startup.Bootstrap.start(Bootstrap.java:345)
		at org.apache.catalina.startup.Bootstrap.main(Bootstrap.java:476)
17-Feb-2025 00:16:13.995 WARNING [main] org.apache.catalina.loader.WebappClassLoaderBase.clearReferencesObjectStreamClassCaches Failed to clear soft references from ObjectStreamClass$Caches for web application [docs]
	java.lang.ClassCastException: class java.io.ObjectStreamClass$Caches$1 cannot be cast to class java.util.Map (java.io.ObjectStreamClass$Caches$1 and java.util.Map are in module java.base of loader 'bootstrap')
		at org.apache.catalina.loader.WebappClassLoaderBase.clearCache(WebappClassLoaderBase.java:2363)
		at org.apache.catalina.loader.WebappClassLoaderBase.clearReferencesObjectStreamClassCaches(WebappClassLoaderBase.java:2338)
		at org.apache.catalina.loader.WebappClassLoaderBase.clearReferences(WebappClassLoaderBase.java:1706)
		at org.apache.catalina.loader.WebappClassLoaderBase.stop(WebappClassLoaderBase.java:1634)
		at org.apache.catalina.loader.WebappLoader.stopInternal(WebappLoader.java:429)
		at org.apache.catalina.util.LifecycleBase.stop(LifecycleBase.java:257)
		at org.apache.catalina.core.StandardContext.stopInternal(StandardContext.java:5464)
		at org.apache.catalina.util.LifecycleBase.stop(LifecycleBase.java:257)
		at org.apache.catalina.core.ContainerBase$StopChild.call(ContainerBase.java:1412)
		at org.apache.catalina.core.ContainerBase$StopChild.call(ContainerBase.java:1401)
		at java.base/java.util.concurrent.FutureTask.run(FutureTask.java:264)
		at org.apache.tomcat.util.threads.InlineExecutorService.execute(InlineExecutorService.java:75)
		at java.base/java.util.concurrent.AbstractExecutorService.submit(AbstractExecutorService.java:140)
		at org.apache.catalina.core.ContainerBase.stopInternal(ContainerBase.java:986)
		at org.apache.catalina.util.LifecycleBase.stop(LifecycleBase.java:257)
		at org.apache.catalina.core.ContainerBase$StopChild.call(ContainerBase.java:1412)
		at org.apache.catalina.core.ContainerBase$StopChild.call(ContainerBase.java:1401)
		at java.base/java.util.concurrent.FutureTask.run(FutureTask.java:264)
		at org.apache.tomcat.util.threads.InlineExecutorService.execute(InlineExecutorService.java:75)
		at java.base/java.util.concurrent.AbstractExecutorService.submit(AbstractExecutorService.java:140)
		at org.apache.catalina.core.ContainerBase.stopInternal(ContainerBase.java:986)
		at org.apache.catalina.util.LifecycleBase.stop(LifecycleBase.java:257)
		at org.apache.catalina.core.StandardService.stopInternal(StandardService.java:497)
		at org.apache.catalina.util.LifecycleBase.stop(LifecycleBase.java:257)
		at org.apache.catalina.core.StandardServer.stopInternal(StandardServer.java:979)
		at org.apache.catalina.util.LifecycleBase.stop(LifecycleBase.java:257)
		at org.apache.catalina.startup.Catalina.stop(Catalina.java:872)
		at org.apache.catalina.startup.Catalina.start(Catalina.java:834)
		at java.base/jdk.internal.reflect.NativeMethodAccessorImpl.invoke0(Native Method)
		at java.base/jdk.internal.reflect.NativeMethodAccessorImpl.invoke(NativeMethodAccessorImpl.java:62)
		at java.base/jdk.internal.reflect.DelegatingMethodAccessorImpl.invoke(DelegatingMethodAccessorImpl.java:43)
		at java.base/java.lang.reflect.Method.invoke(Method.java:566)
		at org.apache.catalina.startup.Bootstrap.start(Bootstrap.java:345)
		at org.apache.catalina.startup.Bootstrap.main(Bootstrap.java:476)
17-Feb-2025 00:16:13.999 INFO [main] org.apache.coyote.AbstractProtocol.stop Stopping ProtocolHandler ["http-nio-8080"]
17-Feb-2025 00:16:14.025 INFO [main] org.apache.coyote.AbstractProtocol.destroy Destroying ProtocolHandler ["http-nio-8080"]
17-Feb-2025 00:16:14.453 INFO [main] org.apache.catalina.startup.VersionLoggerListener.log Server version name:   Apache Tomcat/10.0.10
17-Feb-2025 00:16:14.463 INFO [main] org.apache.catalina.startup.VersionLoggerListener.log Server built:          Jul 30 2021 09:51:27 UTC
17-Feb-2025 00:16:14.463 INFO [main] org.apache.catalina.startup.VersionLoggerListener.log Server version number: 10.0.10.0
17-Feb-2025 00:16:14.463 INFO [main] org.apache.catalina.startup.VersionLoggerListener.log OS Name:               Linux
17-Feb-2025 00:16:14.463 INFO [main] org.apache.catalina.startup.VersionLoggerListener.log OS Version:            5.15.0-92-generic
17-Feb-2025 00:16:14.463 INFO [main] org.apache.catalina.startup.VersionLoggerListener.log Architecture:          amd64
17-Feb-2025 00:16:14.464 INFO [main] org.apache.catalina.startup.VersionLoggerListener.log Java Home:             /usr/lib/jvm/java-11-openjdk-amd64
17-Feb-2025 00:16:14.464 INFO [main] org.apache.catalina.startup.VersionLoggerListener.log JVM Version:           11.0.26+4-post-Ubuntu-1ubuntu122.04
17-Feb-2025 00:16:14.464 INFO [main] org.apache.catalina.startup.VersionLoggerListener.log JVM Vendor:            Ubuntu
17-Feb-2025 00:16:14.464 INFO [main] org.apache.catalina.startup.VersionLoggerListener.log CATALINA_BASE:         /home/alumne/proj/FIB-PTI/servlets/apache-tomcat-10.0.10
17-Feb-2025 00:16:14.464 INFO [main] org.apache.catalina.startup.VersionLoggerListener.log CATALINA_HOME:         /home/alumne/proj/FIB-PTI/servlets/apache-tomcat-10.0.10
17-Feb-2025 00:16:14.481 INFO [main] org.apache.catalina.startup.VersionLoggerListener.log Command line argument: --add-opens=java.base/java.lang=ALL-UNNAMED
17-Feb-2025 00:16:14.481 INFO [main] org.apache.catalina.startup.VersionLoggerListener.log Command line argument: --add-opens=java.base/java.io=ALL-UNNAMED
17-Feb-2025 00:16:14.481 INFO [main] org.apache.catalina.startup.VersionLoggerListener.log Command line argument: --add-opens=java.base/java.util=ALL-UNNAMED
17-Feb-2025 00:16:14.481 INFO [main] org.apache.catalina.startup.VersionLoggerListener.log Command line argument: --add-opens=java.base/java.util.concurrent=ALL-UNNAMED
17-Feb-2025 00:16:14.481 INFO [main] org.apache.catalina.startup.VersionLoggerListener.log Command line argument: --add-opens=java.rmi/sun.rmi.transport=ALL-UNNAMED
17-Feb-2025 00:16:14.481 INFO [main] org.apache.catalina.startup.VersionLoggerListener.log Command line argument: -Djava.util.logging.config.file=/home/alumne/proj/FIB-PTI/servlets/apache-tomcat-10.0.10/conf/logging.properties
17-Feb-2025 00:16:14.482 INFO [main] org.apache.catalina.startup.VersionLoggerListener.log Command line argument: -Djava.util.logging.manager=org.apache.juli.ClassLoaderLogManager
17-Feb-2025 00:16:14.482 INFO [main] org.apache.catalina.startup.VersionLoggerListener.log Command line argument: -Djdk.tls.ephemeralDHKeySize=2048
17-Feb-2025 00:16:14.482 INFO [main] org.apache.catalina.startup.VersionLoggerListener.log Command line argument: -Djava.protocol.handler.pkgs=org.apache.catalina.webresources
17-Feb-2025 00:16:14.482 INFO [main] org.apache.catalina.startup.VersionLoggerListener.log Command line argument: -Dorg.apache.catalina.security.SecurityListener.UMASK=0027
17-Feb-2025 00:16:14.482 INFO [main] org.apache.catalina.startup.VersionLoggerListener.log Command line argument: -Dignore.endorsed.dirs=
17-Feb-2025 00:16:14.482 INFO [main] org.apache.catalina.startup.VersionLoggerListener.log Command line argument: -Dcatalina.base=/home/alumne/proj/FIB-PTI/servlets/apache-tomcat-10.0.10
17-Feb-2025 00:16:14.482 INFO [main] org.apache.catalina.startup.VersionLoggerListener.log Command line argument: -Dcatalina.home=/home/alumne/proj/FIB-PTI/servlets/apache-tomcat-10.0.10
17-Feb-2025 00:16:14.482 INFO [main] org.apache.catalina.startup.VersionLoggerListener.log Command line argument: -Djava.io.tmpdir=/home/alumne/proj/FIB-PTI/servlets/apache-tomcat-10.0.10/temp
17-Feb-2025 00:16:14.483 INFO [main] org.apache.catalina.core.AprLifecycleListener.lifecycleEvent The Apache Tomcat Native library which allows using OpenSSL was not found on the java.library.path: [/home/alumne/catkin_ws/devel/lib:/opt/ros/noetic/lib:/tmp/.mount_cursor8aCjg4/usr/lib:/usr/java/packages/lib:/usr/lib/x86_64-linux-gnu/jni:/lib/x86_64-linux-gnu:/usr/lib/x86_64-linux-gnu:/usr/lib/jni:/lib:/usr/lib]
17-Feb-2025 00:16:14.680 INFO [main] org.apache.coyote.AbstractProtocol.init Initializing ProtocolHandler ["http-nio-8080"]
17-Feb-2025 00:16:14.696 INFO [main] org.apache.catalina.startup.Catalina.load Server initialization in [421] milliseconds
17-Feb-2025 00:16:14.743 INFO [main] org.apache.catalina.core.StandardService.startInternal Starting service [Catalina]
17-Feb-2025 00:16:14.743 INFO [main] org.apache.catalina.core.StandardEngine.startInternal Starting Servlet engine: [Apache Tomcat/10.0.10]
17-Feb-2025 00:16:14.748 INFO [main] org.apache.catalina.startup.HostConfig.deployDirectory Deploying web application directory [/home/alumne/proj/FIB-PTI/servlets/apache-tomcat-10.0.10/webapps/host-manager]
17-Feb-2025 00:16:14.912 INFO [main] org.apache.jasper.servlet.TldScanner.scanJars At least one JAR was scanned for TLDs yet contained no TLDs. Enable debug logging for this logger for a complete list of JARs that were scanned but no TLDs were found in them. Skipping unneeded JARs during scanning can improve startup time and JSP compilation time.
17-Feb-2025 00:16:14.946 INFO [main] org.apache.catalina.startup.HostConfig.deployDirectory Deployment of web application directory [/home/alumne/proj/FIB-PTI/servlets/apache-tomcat-10.0.10/webapps/host-manager] has finished in [197] ms
17-Feb-2025 00:16:14.946 INFO [main] org.apache.catalina.startup.HostConfig.deployDirectory Deploying web application directory [/home/alumne/proj/FIB-PTI/servlets/apache-tomcat-10.0.10/webapps/ROOT]
17-Feb-2025 00:16:14.965 INFO [main] org.apache.jasper.servlet.TldScanner.scanJars At least one JAR was scanned for TLDs yet contained no TLDs. Enable debug logging for this logger for a complete list of JARs that were scanned but no TLDs were found in them. Skipping unneeded JARs during scanning can improve startup time and JSP compilation time.
17-Feb-2025 00:16:14.967 INFO [main] org.apache.catalina.startup.HostConfig.deployDirectory Deployment of web application directory [/home/alumne/proj/FIB-PTI/servlets/apache-tomcat-10.0.10/webapps/ROOT] has finished in [21] ms
17-Feb-2025 00:16:14.967 INFO [main] org.apache.catalina.startup.HostConfig.deployDirectory Deploying web application directory [/home/alumne/proj/FIB-PTI/servlets/apache-tomcat-10.0.10/webapps/my_webapp]
17-Feb-2025 00:16:15.002 INFO [main] org.apache.jasper.servlet.TldScanner.scanJars At least one JAR was scanned for TLDs yet contained no TLDs. Enable debug logging for this logger for a complete list of JARs that were scanned but no TLDs were found in them. Skipping unneeded JARs during scanning can improve startup time and JSP compilation time.
17-Feb-2025 00:16:15.007 INFO [main] org.apache.catalina.startup.HostConfig.deployDirectory Deployment of web application directory [/home/alumne/proj/FIB-PTI/servlets/apache-tomcat-10.0.10/webapps/my_webapp] has finished in [40] ms
17-Feb-2025 00:16:15.008 INFO [main] org.apache.catalina.startup.HostConfig.deployDirectory Deploying web application directory [/home/alumne/proj/FIB-PTI/servlets/apache-tomcat-10.0.10/webapps/manager]
17-Feb-2025 00:16:15.029 INFO [main] org.apache.jasper.servlet.TldScanner.scanJars At least one JAR was scanned for TLDs yet contained no TLDs. Enable debug logging for this logger for a complete list of JARs that were scanned but no TLDs were found in them. Skipping unneeded JARs during scanning can improve startup time and JSP compilation time.
17-Feb-2025 00:16:15.032 INFO [main] org.apache.catalina.startup.HostConfig.deployDirectory Deployment of web application directory [/home/alumne/proj/FIB-PTI/servlets/apache-tomcat-10.0.10/webapps/manager] has finished in [25] ms
17-Feb-2025 00:16:15.032 INFO [main] org.apache.catalina.startup.HostConfig.deployDirectory Deploying web application directory [/home/alumne/proj/FIB-PTI/servlets/apache-tomcat-10.0.10/webapps/docs]
17-Feb-2025 00:16:15.048 INFO [main] org.apache.jasper.servlet.TldScanner.scanJars At least one JAR was scanned for TLDs yet contained no TLDs. Enable debug logging for this logger for a complete list of JARs that were scanned but no TLDs were found in them. Skipping unneeded JARs during scanning can improve startup time and JSP compilation time.
17-Feb-2025 00:16:15.050 INFO [main] org.apache.catalina.startup.HostConfig.deployDirectory Deployment of web application directory [/home/alumne/proj/FIB-PTI/servlets/apache-tomcat-10.0.10/webapps/docs] has finished in [17] ms
17-Feb-2025 00:16:15.050 INFO [main] org.apache.catalina.startup.HostConfig.deployDirectory Deploying web application directory [/home/alumne/proj/FIB-PTI/servlets/apache-tomcat-10.0.10/webapps/examples]
17-Feb-2025 00:16:15.158 INFO [main] org.apache.jasper.servlet.TldScanner.scanJars At least one JAR was scanned for TLDs yet contained no TLDs. Enable debug logging for this logger for a complete list of JARs that were scanned but no TLDs were found in them. Skipping unneeded JARs during scanning can improve startup time and JSP compilation time.
17-Feb-2025 00:16:15.169 INFO [main] org.apache.catalina.startup.HostConfig.deployDirectory Deployment of web application directory [/home/alumne/proj/FIB-PTI/servlets/apache-tomcat-10.0.10/webapps/examples] has finished in [119] ms
17-Feb-2025 00:16:15.175 INFO [main] org.apache.coyote.AbstractProtocol.start Starting ProtocolHandler ["http-nio-8080"]
17-Feb-2025 00:16:15.206 INFO [main] org.apache.catalina.startup.Catalina.start Server startup in [508] milliseconds
17-Feb-2025 00:17:02.742 INFO [main] org.apache.catalina.core.StandardServer.await A valid shutdown command was received via the shutdown port. Stopping the Server instance.
17-Feb-2025 00:17:02.742 INFO [main] org.apache.coyote.AbstractProtocol.pause Pausing ProtocolHandler ["http-nio-8080"]
17-Feb-2025 00:17:02.751 INFO [main] org.apache.catalina.core.StandardService.stopInternal Stopping service [Catalina]
17-Feb-2025 00:17:02.758 WARNING [main] org.apache.catalina.loader.WebappClassLoaderBase.clearReferencesObjectStreamClassCaches Failed to clear soft references from ObjectStreamClass$Caches for web application [ROOT]
	java.lang.ClassCastException: class java.io.ObjectStreamClass$Caches$1 cannot be cast to class java.util.Map (java.io.ObjectStreamClass$Caches$1 and java.util.Map are in module java.base of loader 'bootstrap')
		at org.apache.catalina.loader.WebappClassLoaderBase.clearCache(WebappClassLoaderBase.java:2363)
		at org.apache.catalina.loader.WebappClassLoaderBase.clearReferencesObjectStreamClassCaches(WebappClassLoaderBase.java:2338)
		at org.apache.catalina.loader.WebappClassLoaderBase.clearReferences(WebappClassLoaderBase.java:1706)
		at org.apache.catalina.loader.WebappClassLoaderBase.stop(WebappClassLoaderBase.java:1634)
		at org.apache.catalina.loader.WebappLoader.stopInternal(WebappLoader.java:429)
		at org.apache.catalina.util.LifecycleBase.stop(LifecycleBase.java:257)
		at org.apache.catalina.core.StandardContext.stopInternal(StandardContext.java:5464)
		at org.apache.catalina.util.LifecycleBase.stop(LifecycleBase.java:257)
		at org.apache.catalina.core.ContainerBase$StopChild.call(ContainerBase.java:1412)
		at org.apache.catalina.core.ContainerBase$StopChild.call(ContainerBase.java:1401)
		at java.base/java.util.concurrent.FutureTask.run(FutureTask.java:264)
		at org.apache.tomcat.util.threads.InlineExecutorService.execute(InlineExecutorService.java:75)
		at java.base/java.util.concurrent.AbstractExecutorService.submit(AbstractExecutorService.java:140)
		at org.apache.catalina.core.ContainerBase.stopInternal(ContainerBase.java:986)
		at org.apache.catalina.util.LifecycleBase.stop(LifecycleBase.java:257)
		at org.apache.catalina.core.ContainerBase$StopChild.call(ContainerBase.java:1412)
		at org.apache.catalina.core.ContainerBase$StopChild.call(ContainerBase.java:1401)
		at java.base/java.util.concurrent.FutureTask.run(FutureTask.java:264)
		at org.apache.tomcat.util.threads.InlineExecutorService.execute(InlineExecutorService.java:75)
		at java.base/java.util.concurrent.AbstractExecutorService.submit(AbstractExecutorService.java:140)
		at org.apache.catalina.core.ContainerBase.stopInternal(ContainerBase.java:986)
		at org.apache.catalina.util.LifecycleBase.stop(LifecycleBase.java:257)
		at org.apache.catalina.core.StandardService.stopInternal(StandardService.java:497)
		at org.apache.catalina.util.LifecycleBase.stop(LifecycleBase.java:257)
		at org.apache.catalina.core.StandardServer.stopInternal(StandardServer.java:979)
		at org.apache.catalina.util.LifecycleBase.stop(LifecycleBase.java:257)
		at org.apache.catalina.startup.Catalina.stop(Catalina.java:872)
		at org.apache.catalina.startup.Catalina.start(Catalina.java:834)
		at java.base/jdk.internal.reflect.NativeMethodAccessorImpl.invoke0(Native Method)
		at java.base/jdk.internal.reflect.NativeMethodAccessorImpl.invoke(NativeMethodAccessorImpl.java:62)
		at java.base/jdk.internal.reflect.DelegatingMethodAccessorImpl.invoke(DelegatingMethodAccessorImpl.java:43)
		at java.base/java.lang.reflect.Method.invoke(Method.java:566)
		at org.apache.catalina.startup.Bootstrap.start(Bootstrap.java:345)
		at org.apache.catalina.startup.Bootstrap.main(Bootstrap.java:476)
17-Feb-2025 00:17:02.767 WARNING [main] org.apache.catalina.loader.WebappClassLoaderBase.clearReferencesObjectStreamClassCaches Failed to clear soft references from ObjectStreamClass$Caches for web application [examples]
	java.lang.ClassCastException: class java.io.ObjectStreamClass$Caches$1 cannot be cast to class java.util.Map (java.io.ObjectStreamClass$Caches$1 and java.util.Map are in module java.base of loader 'bootstrap')
		at org.apache.catalina.loader.WebappClassLoaderBase.clearCache(WebappClassLoaderBase.java:2363)
		at org.apache.catalina.loader.WebappClassLoaderBase.clearReferencesObjectStreamClassCaches(WebappClassLoaderBase.java:2338)
		at org.apache.catalina.loader.WebappClassLoaderBase.clearReferences(WebappClassLoaderBase.java:1706)
		at org.apache.catalina.loader.WebappClassLoaderBase.stop(WebappClassLoaderBase.java:1634)
		at org.apache.catalina.loader.WebappLoader.stopInternal(WebappLoader.java:429)
		at org.apache.catalina.util.LifecycleBase.stop(LifecycleBase.java:257)
		at org.apache.catalina.core.StandardContext.stopInternal(StandardContext.java:5464)
		at org.apache.catalina.util.LifecycleBase.stop(LifecycleBase.java:257)
		at org.apache.catalina.core.ContainerBase$StopChild.call(ContainerBase.java:1412)
		at org.apache.catalina.core.ContainerBase$StopChild.call(ContainerBase.java:1401)
		at java.base/java.util.concurrent.FutureTask.run(FutureTask.java:264)
		at org.apache.tomcat.util.threads.InlineExecutorService.execute(InlineExecutorService.java:75)
		at java.base/java.util.concurrent.AbstractExecutorService.submit(AbstractExecutorService.java:140)
		at org.apache.catalina.core.ContainerBase.stopInternal(ContainerBase.java:986)
		at org.apache.catalina.util.LifecycleBase.stop(LifecycleBase.java:257)
		at org.apache.catalina.core.ContainerBase$StopChild.call(ContainerBase.java:1412)
		at org.apache.catalina.core.ContainerBase$StopChild.call(ContainerBase.java:1401)
		at java.base/java.util.concurrent.FutureTask.run(FutureTask.java:264)
		at org.apache.tomcat.util.threads.InlineExecutorService.execute(InlineExecutorService.java:75)
		at java.base/java.util.concurrent.AbstractExecutorService.submit(AbstractExecutorService.java:140)
		at org.apache.catalina.core.ContainerBase.stopInternal(ContainerBase.java:986)
		at org.apache.catalina.util.LifecycleBase.stop(LifecycleBase.java:257)
		at org.apache.catalina.core.StandardService.stopInternal(StandardService.java:497)
		at org.apache.catalina.util.LifecycleBase.stop(LifecycleBase.java:257)
		at org.apache.catalina.core.StandardServer.stopInternal(StandardServer.java:979)
		at org.apache.catalina.util.LifecycleBase.stop(LifecycleBase.java:257)
		at org.apache.catalina.startup.Catalina.stop(Catalina.java:872)
		at org.apache.catalina.startup.Catalina.start(Catalina.java:834)
		at java.base/jdk.internal.reflect.NativeMethodAccessorImpl.invoke0(Native Method)
		at java.base/jdk.internal.reflect.NativeMethodAccessorImpl.invoke(NativeMethodAccessorImpl.java:62)
		at java.base/jdk.internal.reflect.DelegatingMethodAccessorImpl.invoke(DelegatingMethodAccessorImpl.java:43)
		at java.base/java.lang.reflect.Method.invoke(Method.java:566)
		at org.apache.catalina.startup.Bootstrap.start(Bootstrap.java:345)
		at org.apache.catalina.startup.Bootstrap.main(Bootstrap.java:476)
17-Feb-2025 00:17:02.770 WARNING [main] org.apache.catalina.loader.WebappClassLoaderBase.clearReferencesObjectStreamClassCaches Failed to clear soft references from ObjectStreamClass$Caches for web application [host-manager]
	java.lang.ClassCastException: class java.io.ObjectStreamClass$Caches$1 cannot be cast to class java.util.Map (java.io.ObjectStreamClass$Caches$1 and java.util.Map are in module java.base of loader 'bootstrap')
		at org.apache.catalina.loader.WebappClassLoaderBase.clearCache(WebappClassLoaderBase.java:2363)
		at org.apache.catalina.loader.WebappClassLoaderBase.clearReferencesObjectStreamClassCaches(WebappClassLoaderBase.java:2338)
		at org.apache.catalina.loader.WebappClassLoaderBase.clearReferences(WebappClassLoaderBase.java:1706)
		at org.apache.catalina.loader.WebappClassLoaderBase.stop(WebappClassLoaderBase.java:1634)
		at org.apache.catalina.loader.WebappLoader.stopInternal(WebappLoader.java:429)
		at org.apache.catalina.util.LifecycleBase.stop(LifecycleBase.java:257)
		at org.apache.catalina.core.StandardContext.stopInternal(StandardContext.java:5464)
		at org.apache.catalina.util.LifecycleBase.stop(LifecycleBase.java:257)
		at org.apache.catalina.core.ContainerBase$StopChild.call(ContainerBase.java:1412)
		at org.apache.catalina.core.ContainerBase$StopChild.call(ContainerBase.java:1401)
		at java.base/java.util.concurrent.FutureTask.run(FutureTask.java:264)
		at org.apache.tomcat.util.threads.InlineExecutorService.execute(InlineExecutorService.java:75)
		at java.base/java.util.concurrent.AbstractExecutorService.submit(AbstractExecutorService.java:140)
		at org.apache.catalina.core.ContainerBase.stopInternal(ContainerBase.java:986)
		at org.apache.catalina.util.LifecycleBase.stop(LifecycleBase.java:257)
		at org.apache.catalina.core.ContainerBase$StopChild.call(ContainerBase.java:1412)
		at org.apache.catalina.core.ContainerBase$StopChild.call(ContainerBase.java:1401)
		at java.base/java.util.concurrent.FutureTask.run(FutureTask.java:264)
		at org.apache.tomcat.util.threads.InlineExecutorService.execute(InlineExecutorService.java:75)
		at java.base/java.util.concurrent.AbstractExecutorService.submit(AbstractExecutorService.java:140)
		at org.apache.catalina.core.ContainerBase.stopInternal(ContainerBase.java:986)
		at org.apache.catalina.util.LifecycleBase.stop(LifecycleBase.java:257)
		at org.apache.catalina.core.StandardService.stopInternal(StandardService.java:497)
		at org.apache.catalina.util.LifecycleBase.stop(LifecycleBase.java:257)
		at org.apache.catalina.core.StandardServer.stopInternal(StandardServer.java:979)
		at org.apache.catalina.util.LifecycleBase.stop(LifecycleBase.java:257)
		at org.apache.catalina.startup.Catalina.stop(Catalina.java:872)
		at org.apache.catalina.startup.Catalina.start(Catalina.java:834)
		at java.base/jdk.internal.reflect.NativeMethodAccessorImpl.invoke0(Native Method)
		at java.base/jdk.internal.reflect.NativeMethodAccessorImpl.invoke(NativeMethodAccessorImpl.java:62)
		at java.base/jdk.internal.reflect.DelegatingMethodAccessorImpl.invoke(DelegatingMethodAccessorImpl.java:43)
		at java.base/java.lang.reflect.Method.invoke(Method.java:566)
		at org.apache.catalina.startup.Bootstrap.start(Bootstrap.java:345)
		at org.apache.catalina.startup.Bootstrap.main(Bootstrap.java:476)
17-Feb-2025 00:17:02.781 WARNING [main] org.apache.catalina.loader.WebappClassLoaderBase.clearReferencesObjectStreamClassCaches Failed to clear soft references from ObjectStreamClass$Caches for web application [my_webapp]
	java.lang.ClassCastException: class java.io.ObjectStreamClass$Caches$1 cannot be cast to class java.util.Map (java.io.ObjectStreamClass$Caches$1 and java.util.Map are in module java.base of loader 'bootstrap')
		at org.apache.catalina.loader.WebappClassLoaderBase.clearCache(WebappClassLoaderBase.java:2363)
		at org.apache.catalina.loader.WebappClassLoaderBase.clearReferencesObjectStreamClassCaches(WebappClassLoaderBase.java:2338)
		at org.apache.catalina.loader.WebappClassLoaderBase.clearReferences(WebappClassLoaderBase.java:1706)
		at org.apache.catalina.loader.WebappClassLoaderBase.stop(WebappClassLoaderBase.java:1634)
		at org.apache.catalina.loader.WebappLoader.stopInternal(WebappLoader.java:429)
		at org.apache.catalina.util.LifecycleBase.stop(LifecycleBase.java:257)
		at org.apache.catalina.core.StandardContext.stopInternal(StandardContext.java:5464)
		at org.apache.catalina.util.LifecycleBase.stop(LifecycleBase.java:257)
		at org.apache.catalina.core.ContainerBase$StopChild.call(ContainerBase.java:1412)
		at org.apache.catalina.core.ContainerBase$StopChild.call(ContainerBase.java:1401)
		at java.base/java.util.concurrent.FutureTask.run(FutureTask.java:264)
		at org.apache.tomcat.util.threads.InlineExecutorService.execute(InlineExecutorService.java:75)
		at java.base/java.util.concurrent.AbstractExecutorService.submit(AbstractExecutorService.java:140)
		at org.apache.catalina.core.ContainerBase.stopInternal(ContainerBase.java:986)
		at org.apache.catalina.util.LifecycleBase.stop(LifecycleBase.java:257)
		at org.apache.catalina.core.ContainerBase$StopChild.call(ContainerBase.java:1412)
		at org.apache.catalina.core.ContainerBase$StopChild.call(ContainerBase.java:1401)
		at java.base/java.util.concurrent.FutureTask.run(FutureTask.java:264)
		at org.apache.tomcat.util.threads.InlineExecutorService.execute(InlineExecutorService.java:75)
		at java.base/java.util.concurrent.AbstractExecutorService.submit(AbstractExecutorService.java:140)
		at org.apache.catalina.core.ContainerBase.stopInternal(ContainerBase.java:986)
		at org.apache.catalina.util.LifecycleBase.stop(LifecycleBase.java:257)
		at org.apache.catalina.core.StandardService.stopInternal(StandardService.java:497)
		at org.apache.catalina.util.LifecycleBase.stop(LifecycleBase.java:257)
		at org.apache.catalina.core.StandardServer.stopInternal(StandardServer.java:979)
		at org.apache.catalina.util.LifecycleBase.stop(LifecycleBase.java:257)
		at org.apache.catalina.startup.Catalina.stop(Catalina.java:872)
		at org.apache.catalina.startup.Catalina.start(Catalina.java:834)
		at java.base/jdk.internal.reflect.NativeMethodAccessorImpl.invoke0(Native Method)
		at java.base/jdk.internal.reflect.NativeMethodAccessorImpl.invoke(NativeMethodAccessorImpl.java:62)
		at java.base/jdk.internal.reflect.DelegatingMethodAccessorImpl.invoke(DelegatingMethodAccessorImpl.java:43)
		at java.base/java.lang.reflect.Method.invoke(Method.java:566)
		at org.apache.catalina.startup.Bootstrap.start(Bootstrap.java:345)
		at org.apache.catalina.startup.Bootstrap.main(Bootstrap.java:476)
17-Feb-2025 00:17:02.784 WARNING [main] org.apache.catalina.loader.WebappClassLoaderBase.clearReferencesObjectStreamClassCaches Failed to clear soft references from ObjectStreamClass$Caches for web application [manager]
	java.lang.ClassCastException: class java.io.ObjectStreamClass$Caches$1 cannot be cast to class java.util.Map (java.io.ObjectStreamClass$Caches$1 and java.util.Map are in module java.base of loader 'bootstrap')
		at org.apache.catalina.loader.WebappClassLoaderBase.clearCache(WebappClassLoaderBase.java:2363)
		at org.apache.catalina.loader.WebappClassLoaderBase.clearReferencesObjectStreamClassCaches(WebappClassLoaderBase.java:2338)
		at org.apache.catalina.loader.WebappClassLoaderBase.clearReferences(WebappClassLoaderBase.java:1706)
		at org.apache.catalina.loader.WebappClassLoaderBase.stop(WebappClassLoaderBase.java:1634)
		at org.apache.catalina.loader.WebappLoader.stopInternal(WebappLoader.java:429)
		at org.apache.catalina.util.LifecycleBase.stop(LifecycleBase.java:257)
		at org.apache.catalina.core.StandardContext.stopInternal(StandardContext.java:5464)
		at org.apache.catalina.util.LifecycleBase.stop(LifecycleBase.java:257)
		at org.apache.catalina.core.ContainerBase$StopChild.call(ContainerBase.java:1412)
		at org.apache.catalina.core.ContainerBase$StopChild.call(ContainerBase.java:1401)
		at java.base/java.util.concurrent.FutureTask.run(FutureTask.java:264)
		at org.apache.tomcat.util.threads.InlineExecutorService.execute(InlineExecutorService.java:75)
		at java.base/java.util.concurrent.AbstractExecutorService.submit(AbstractExecutorService.java:140)
		at org.apache.catalina.core.ContainerBase.stopInternal(ContainerBase.java:986)
		at org.apache.catalina.util.LifecycleBase.stop(LifecycleBase.java:257)
		at org.apache.catalina.core.ContainerBase$StopChild.call(ContainerBase.java:1412)
		at org.apache.catalina.core.ContainerBase$StopChild.call(ContainerBase.java:1401)
		at java.base/java.util.concurrent.FutureTask.run(FutureTask.java:264)
		at org.apache.tomcat.util.threads.InlineExecutorService.execute(InlineExecutorService.java:75)
		at java.base/java.util.concurrent.AbstractExecutorService.submit(AbstractExecutorService.java:140)
		at org.apache.catalina.core.ContainerBase.stopInternal(ContainerBase.java:986)
		at org.apache.catalina.util.LifecycleBase.stop(LifecycleBase.java:257)
		at org.apache.catalina.core.StandardService.stopInternal(StandardService.java:497)
		at org.apache.catalina.util.LifecycleBase.stop(LifecycleBase.java:257)
		at org.apache.catalina.core.StandardServer.stopInternal(StandardServer.java:979)
		at org.apache.catalina.util.LifecycleBase.stop(LifecycleBase.java:257)
		at org.apache.catalina.startup.Catalina.stop(Catalina.java:872)
		at org.apache.catalina.startup.Catalina.start(Catalina.java:834)
		at java.base/jdk.internal.reflect.NativeMethodAccessorImpl.invoke0(Native Method)
		at java.base/jdk.internal.reflect.NativeMethodAccessorImpl.invoke(NativeMethodAccessorImpl.java:62)
		at java.base/jdk.internal.reflect.DelegatingMethodAccessorImpl.invoke(DelegatingMethodAccessorImpl.java:43)
		at java.base/java.lang.reflect.Method.invoke(Method.java:566)
		at org.apache.catalina.startup.Bootstrap.start(Bootstrap.java:345)
		at org.apache.catalina.startup.Bootstrap.main(Bootstrap.java:476)
17-Feb-2025 00:17:02.787 WARNING [main] org.apache.catalina.loader.WebappClassLoaderBase.clearReferencesObjectStreamClassCaches Failed to clear soft references from ObjectStreamClass$Caches for web application [docs]
	java.lang.ClassCastException: class java.io.ObjectStreamClass$Caches$1 cannot be cast to class java.util.Map (java.io.ObjectStreamClass$Caches$1 and java.util.Map are in module java.base of loader 'bootstrap')
		at org.apache.catalina.loader.WebappClassLoaderBase.clearCache(WebappClassLoaderBase.java:2363)
		at org.apache.catalina.loader.WebappClassLoaderBase.clearReferencesObjectStreamClassCaches(WebappClassLoaderBase.java:2338)
		at org.apache.catalina.loader.WebappClassLoaderBase.clearReferences(WebappClassLoaderBase.java:1706)
		at org.apache.catalina.loader.WebappClassLoaderBase.stop(WebappClassLoaderBase.java:1634)
		at org.apache.catalina.loader.WebappLoader.stopInternal(WebappLoader.java:429)
		at org.apache.catalina.util.LifecycleBase.stop(LifecycleBase.java:257)
		at org.apache.catalina.core.StandardContext.stopInternal(StandardContext.java:5464)
		at org.apache.catalina.util.LifecycleBase.stop(LifecycleBase.java:257)
		at org.apache.catalina.core.ContainerBase$StopChild.call(ContainerBase.java:1412)
		at org.apache.catalina.core.ContainerBase$StopChild.call(ContainerBase.java:1401)
		at java.base/java.util.concurrent.FutureTask.run(FutureTask.java:264)
		at org.apache.tomcat.util.threads.InlineExecutorService.execute(InlineExecutorService.java:75)
		at java.base/java.util.concurrent.AbstractExecutorService.submit(AbstractExecutorService.java:140)
		at org.apache.catalina.core.ContainerBase.stopInternal(ContainerBase.java:986)
		at org.apache.catalina.util.LifecycleBase.stop(LifecycleBase.java:257)
		at org.apache.catalina.core.ContainerBase$StopChild.call(ContainerBase.java:1412)
		at org.apache.catalina.core.ContainerBase$StopChild.call(ContainerBase.java:1401)
		at java.base/java.util.concurrent.FutureTask.run(FutureTask.java:264)
		at org.apache.tomcat.util.threads.InlineExecutorService.execute(InlineExecutorService.java:75)
		at java.base/java.util.concurrent.AbstractExecutorService.submit(AbstractExecutorService.java:140)
		at org.apache.catalina.core.ContainerBase.stopInternal(ContainerBase.java:986)
		at org.apache.catalina.util.LifecycleBase.stop(LifecycleBase.java:257)
		at org.apache.catalina.core.StandardService.stopInternal(StandardService.java:497)
		at org.apache.catalina.util.LifecycleBase.stop(LifecycleBase.java:257)
		at org.apache.catalina.core.StandardServer.stopInternal(StandardServer.java:979)
		at org.apache.catalina.util.LifecycleBase.stop(LifecycleBase.java:257)
		at org.apache.catalina.startup.Catalina.stop(Catalina.java:872)
		at org.apache.catalina.startup.Catalina.start(Catalina.java:834)
		at java.base/jdk.internal.reflect.NativeMethodAccessorImpl.invoke0(Native Method)
		at java.base/jdk.internal.reflect.NativeMethodAccessorImpl.invoke(NativeMethodAccessorImpl.java:62)
		at java.base/jdk.internal.reflect.DelegatingMethodAccessorImpl.invoke(DelegatingMethodAccessorImpl.java:43)
		at java.base/java.lang.reflect.Method.invoke(Method.java:566)
		at org.apache.catalina.startup.Bootstrap.start(Bootstrap.java:345)
		at org.apache.catalina.startup.Bootstrap.main(Bootstrap.java:476)
17-Feb-2025 00:17:02.789 INFO [main] org.apache.coyote.AbstractProtocol.stop Stopping ProtocolHandler ["http-nio-8080"]
17-Feb-2025 00:17:02.821 INFO [main] org.apache.coyote.AbstractProtocol.destroy Destroying ProtocolHandler ["http-nio-8080"]
17-Feb-2025 00:17:03.383 INFO [main] org.apache.catalina.startup.VersionLoggerListener.log Server version name:   Apache Tomcat/10.0.10
17-Feb-2025 00:17:03.391 INFO [main] org.apache.catalina.startup.VersionLoggerListener.log Server built:          Jul 30 2021 09:51:27 UTC
17-Feb-2025 00:17:03.391 INFO [main] org.apache.catalina.startup.VersionLoggerListener.log Server version number: 10.0.10.0
17-Feb-2025 00:17:03.391 INFO [main] org.apache.catalina.startup.VersionLoggerListener.log OS Name:               Linux
17-Feb-2025 00:17:03.391 INFO [main] org.apache.catalina.startup.VersionLoggerListener.log OS Version:            5.15.0-92-generic
17-Feb-2025 00:17:03.392 INFO [main] org.apache.catalina.startup.VersionLoggerListener.log Architecture:          amd64
17-Feb-2025 00:17:03.392 INFO [main] org.apache.catalina.startup.VersionLoggerListener.log Java Home:             /usr/lib/jvm/java-11-openjdk-amd64
17-Feb-2025 00:17:03.402 INFO [main] org.apache.catalina.startup.VersionLoggerListener.log JVM Version:           11.0.26+4-post-Ubuntu-1ubuntu122.04
17-Feb-2025 00:17:03.402 INFO [main] org.apache.catalina.startup.VersionLoggerListener.log JVM Vendor:            Ubuntu
17-Feb-2025 00:17:03.402 INFO [main] org.apache.catalina.startup.VersionLoggerListener.log CATALINA_BASE:         /home/alumne/proj/FIB-PTI/servlets/apache-tomcat-10.0.10
17-Feb-2025 00:17:03.403 INFO [main] org.apache.catalina.startup.VersionLoggerListener.log CATALINA_HOME:         /home/alumne/proj/FIB-PTI/servlets/apache-tomcat-10.0.10
17-Feb-2025 00:17:03.417 INFO [main] org.apache.catalina.startup.VersionLoggerListener.log Command line argument: --add-opens=java.base/java.lang=ALL-UNNAMED
17-Feb-2025 00:17:03.417 INFO [main] org.apache.catalina.startup.VersionLoggerListener.log Command line argument: --add-opens=java.base/java.io=ALL-UNNAMED
17-Feb-2025 00:17:03.418 INFO [main] org.apache.catalina.startup.VersionLoggerListener.log Command line argument: --add-opens=java.base/java.util=ALL-UNNAMED
17-Feb-2025 00:17:03.418 INFO [main] org.apache.catalina.startup.VersionLoggerListener.log Command line argument: --add-opens=java.base/java.util.concurrent=ALL-UNNAMED
17-Feb-2025 00:17:03.418 INFO [main] org.apache.catalina.startup.VersionLoggerListener.log Command line argument: --add-opens=java.rmi/sun.rmi.transport=ALL-UNNAMED
17-Feb-2025 00:17:03.418 INFO [main] org.apache.catalina.startup.VersionLoggerListener.log Command line argument: -Djava.util.logging.config.file=/home/alumne/proj/FIB-PTI/servlets/apache-tomcat-10.0.10/conf/logging.properties
17-Feb-2025 00:17:03.418 INFO [main] org.apache.catalina.startup.VersionLoggerListener.log Command line argument: -Djava.util.logging.manager=org.apache.juli.ClassLoaderLogManager
17-Feb-2025 00:17:03.418 INFO [main] org.apache.catalina.startup.VersionLoggerListener.log Command line argument: -Djdk.tls.ephemeralDHKeySize=2048
17-Feb-2025 00:17:03.418 INFO [main] org.apache.catalina.startup.VersionLoggerListener.log Command line argument: -Djava.protocol.handler.pkgs=org.apache.catalina.webresources
17-Feb-2025 00:17:03.419 INFO [main] org.apache.catalina.startup.VersionLoggerListener.log Command line argument: -Dorg.apache.catalina.security.SecurityListener.UMASK=0027
17-Feb-2025 00:17:03.419 INFO [main] org.apache.catalina.startup.VersionLoggerListener.log Command line argument: -Dignore.endorsed.dirs=
17-Feb-2025 00:17:03.419 INFO [main] org.apache.catalina.startup.VersionLoggerListener.log Command line argument: -Dcatalina.base=/home/alumne/proj/FIB-PTI/servlets/apache-tomcat-10.0.10
17-Feb-2025 00:17:03.419 INFO [main] org.apache.catalina.startup.VersionLoggerListener.log Command line argument: -Dcatalina.home=/home/alumne/proj/FIB-PTI/servlets/apache-tomcat-10.0.10
17-Feb-2025 00:17:03.419 INFO [main] org.apache.catalina.startup.VersionLoggerListener.log Command line argument: -Djava.io.tmpdir=/home/alumne/proj/FIB-PTI/servlets/apache-tomcat-10.0.10/temp
17-Feb-2025 00:17:03.421 INFO [main] org.apache.catalina.core.AprLifecycleListener.lifecycleEvent The Apache Tomcat Native library which allows using OpenSSL was not found on the java.library.path: [/home/alumne/catkin_ws/devel/lib:/opt/ros/noetic/lib:/tmp/.mount_cursor8aCjg4/usr/lib:/usr/java/packages/lib:/usr/lib/x86_64-linux-gnu/jni:/lib/x86_64-linux-gnu:/usr/lib/x86_64-linux-gnu:/usr/lib/jni:/lib:/usr/lib]
17-Feb-2025 00:17:03.655 INFO [main] org.apache.coyote.AbstractProtocol.init Initializing ProtocolHandler ["http-nio-8080"]
17-Feb-2025 00:17:03.671 INFO [main] org.apache.catalina.startup.Catalina.load Server initialization in [458] milliseconds
17-Feb-2025 00:17:03.708 INFO [main] org.apache.catalina.core.StandardService.startInternal Starting service [Catalina]
17-Feb-2025 00:17:03.708 INFO [main] org.apache.catalina.core.StandardEngine.startInternal Starting Servlet engine: [Apache Tomcat/10.0.10]
17-Feb-2025 00:17:03.713 INFO [main] org.apache.catalina.startup.HostConfig.deployDirectory Deploying web application directory [/home/alumne/proj/FIB-PTI/servlets/apache-tomcat-10.0.10/webapps/host-manager]
17-Feb-2025 00:17:03.889 INFO [main] org.apache.jasper.servlet.TldScanner.scanJars At least one JAR was scanned for TLDs yet contained no TLDs. Enable debug logging for this logger for a complete list of JARs that were scanned but no TLDs were found in them. Skipping unneeded JARs during scanning can improve startup time and JSP compilation time.
17-Feb-2025 00:17:03.939 INFO [main] org.apache.catalina.startup.HostConfig.deployDirectory Deployment of web application directory [/home/alumne/proj/FIB-PTI/servlets/apache-tomcat-10.0.10/webapps/host-manager] has finished in [225] ms
17-Feb-2025 00:17:03.939 INFO [main] org.apache.catalina.startup.HostConfig.deployDirectory Deploying web application directory [/home/alumne/proj/FIB-PTI/servlets/apache-tomcat-10.0.10/webapps/ROOT]
17-Feb-2025 00:17:03.960 INFO [main] org.apache.jasper.servlet.TldScanner.scanJars At least one JAR was scanned for TLDs yet contained no TLDs. Enable debug logging for this logger for a complete list of JARs that were scanned but no TLDs were found in them. Skipping unneeded JARs during scanning can improve startup time and JSP compilation time.
17-Feb-2025 00:17:03.963 INFO [main] org.apache.catalina.startup.HostConfig.deployDirectory Deployment of web application directory [/home/alumne/proj/FIB-PTI/servlets/apache-tomcat-10.0.10/webapps/ROOT] has finished in [24] ms
17-Feb-2025 00:17:03.964 INFO [main] org.apache.catalina.startup.HostConfig.deployDirectory Deploying web application directory [/home/alumne/proj/FIB-PTI/servlets/apache-tomcat-10.0.10/webapps/my_webapp]
17-Feb-2025 00:17:03.992 INFO [main] org.apache.jasper.servlet.TldScanner.scanJars At least one JAR was scanned for TLDs yet contained no TLDs. Enable debug logging for this logger for a complete list of JARs that were scanned but no TLDs were found in them. Skipping unneeded JARs during scanning can improve startup time and JSP compilation time.
17-Feb-2025 00:17:03.996 INFO [main] org.apache.catalina.startup.HostConfig.deployDirectory Deployment of web application directory [/home/alumne/proj/FIB-PTI/servlets/apache-tomcat-10.0.10/webapps/my_webapp] has finished in [33] ms
17-Feb-2025 00:17:03.997 INFO [main] org.apache.catalina.startup.HostConfig.deployDirectory Deploying web application directory [/home/alumne/proj/FIB-PTI/servlets/apache-tomcat-10.0.10/webapps/manager]
17-Feb-2025 00:17:04.026 INFO [main] org.apache.jasper.servlet.TldScanner.scanJars At least one JAR was scanned for TLDs yet contained no TLDs. Enable debug logging for this logger for a complete list of JARs that were scanned but no TLDs were found in them. Skipping unneeded JARs during scanning can improve startup time and JSP compilation time.
17-Feb-2025 00:17:04.027 INFO [main] org.apache.catalina.startup.HostConfig.deployDirectory Deployment of web application directory [/home/alumne/proj/FIB-PTI/servlets/apache-tomcat-10.0.10/webapps/manager] has finished in [30] ms
17-Feb-2025 00:17:04.027 INFO [main] org.apache.catalina.startup.HostConfig.deployDirectory Deploying web application directory [/home/alumne/proj/FIB-PTI/servlets/apache-tomcat-10.0.10/webapps/docs]
17-Feb-2025 00:17:04.039 INFO [main] org.apache.jasper.servlet.TldScanner.scanJars At least one JAR was scanned for TLDs yet contained no TLDs. Enable debug logging for this logger for a complete list of JARs that were scanned but no TLDs were found in them. Skipping unneeded JARs during scanning can improve startup time and JSP compilation time.
17-Feb-2025 00:17:04.040 INFO [main] org.apache.catalina.startup.HostConfig.deployDirectory Deployment of web application directory [/home/alumne/proj/FIB-PTI/servlets/apache-tomcat-10.0.10/webapps/docs] has finished in [13] ms
17-Feb-2025 00:17:04.040 INFO [main] org.apache.catalina.startup.HostConfig.deployDirectory Deploying web application directory [/home/alumne/proj/FIB-PTI/servlets/apache-tomcat-10.0.10/webapps/examples]
17-Feb-2025 00:17:04.155 INFO [main] org.apache.jasper.servlet.TldScanner.scanJars At least one JAR was scanned for TLDs yet contained no TLDs. Enable debug logging for this logger for a complete list of JARs that were scanned but no TLDs were found in them. Skipping unneeded JARs during scanning can improve startup time and JSP compilation time.
17-Feb-2025 00:17:04.166 INFO [main] org.apache.catalina.startup.HostConfig.deployDirectory Deployment of web application directory [/home/alumne/proj/FIB-PTI/servlets/apache-tomcat-10.0.10/webapps/examples] has finished in [126] ms
17-Feb-2025 00:17:04.190 INFO [main] org.apache.coyote.AbstractProtocol.start Starting ProtocolHandler ["http-nio-8080"]
17-Feb-2025 00:17:04.200 INFO [main] org.apache.catalina.startup.Catalina.start Server startup in [528] milliseconds
17-Feb-2025 00:18:19.475 INFO [main] org.apache.catalina.core.StandardServer.await A valid shutdown command was received via the shutdown port. Stopping the Server instance.
17-Feb-2025 00:18:19.477 INFO [main] org.apache.coyote.AbstractProtocol.pause Pausing ProtocolHandler ["http-nio-8080"]
17-Feb-2025 00:18:19.512 INFO [main] org.apache.catalina.core.StandardService.stopInternal Stopping service [Catalina]
17-Feb-2025 00:18:19.555 WARNING [main] org.apache.catalina.loader.WebappClassLoaderBase.clearReferencesObjectStreamClassCaches Failed to clear soft references from ObjectStreamClass$Caches for web application [ROOT]
	java.lang.ClassCastException: class java.io.ObjectStreamClass$Caches$1 cannot be cast to class java.util.Map (java.io.ObjectStreamClass$Caches$1 and java.util.Map are in module java.base of loader 'bootstrap')
		at org.apache.catalina.loader.WebappClassLoaderBase.clearCache(WebappClassLoaderBase.java:2363)
		at org.apache.catalina.loader.WebappClassLoaderBase.clearReferencesObjectStreamClassCaches(WebappClassLoaderBase.java:2338)
		at org.apache.catalina.loader.WebappClassLoaderBase.clearReferences(WebappClassLoaderBase.java:1706)
		at org.apache.catalina.loader.WebappClassLoaderBase.stop(WebappClassLoaderBase.java:1634)
		at org.apache.catalina.loader.WebappLoader.stopInternal(WebappLoader.java:429)
		at org.apache.catalina.util.LifecycleBase.stop(LifecycleBase.java:257)
		at org.apache.catalina.core.StandardContext.stopInternal(StandardContext.java:5464)
		at org.apache.catalina.util.LifecycleBase.stop(LifecycleBase.java:257)
		at org.apache.catalina.core.ContainerBase$StopChild.call(ContainerBase.java:1412)
		at org.apache.catalina.core.ContainerBase$StopChild.call(ContainerBase.java:1401)
		at java.base/java.util.concurrent.FutureTask.run(FutureTask.java:264)
		at org.apache.tomcat.util.threads.InlineExecutorService.execute(InlineExecutorService.java:75)
		at java.base/java.util.concurrent.AbstractExecutorService.submit(AbstractExecutorService.java:140)
		at org.apache.catalina.core.ContainerBase.stopInternal(ContainerBase.java:986)
		at org.apache.catalina.util.LifecycleBase.stop(LifecycleBase.java:257)
		at org.apache.catalina.core.ContainerBase$StopChild.call(ContainerBase.java:1412)
		at org.apache.catalina.core.ContainerBase$StopChild.call(ContainerBase.java:1401)
		at java.base/java.util.concurrent.FutureTask.run(FutureTask.java:264)
		at org.apache.tomcat.util.threads.InlineExecutorService.execute(InlineExecutorService.java:75)
		at java.base/java.util.concurrent.AbstractExecutorService.submit(AbstractExecutorService.java:140)
		at org.apache.catalina.core.ContainerBase.stopInternal(ContainerBase.java:986)
		at org.apache.catalina.util.LifecycleBase.stop(LifecycleBase.java:257)
		at org.apache.catalina.core.StandardService.stopInternal(StandardService.java:497)
		at org.apache.catalina.util.LifecycleBase.stop(LifecycleBase.java:257)
		at org.apache.catalina.core.StandardServer.stopInternal(StandardServer.java:979)
		at org.apache.catalina.util.LifecycleBase.stop(LifecycleBase.java:257)
		at org.apache.catalina.startup.Catalina.stop(Catalina.java:872)
		at org.apache.catalina.startup.Catalina.start(Catalina.java:834)
		at java.base/jdk.internal.reflect.NativeMethodAccessorImpl.invoke0(Native Method)
		at java.base/jdk.internal.reflect.NativeMethodAccessorImpl.invoke(NativeMethodAccessorImpl.java:62)
		at java.base/jdk.internal.reflect.DelegatingMethodAccessorImpl.invoke(DelegatingMethodAccessorImpl.java:43)
		at java.base/java.lang.reflect.Method.invoke(Method.java:566)
		at org.apache.catalina.startup.Bootstrap.start(Bootstrap.java:345)
		at org.apache.catalina.startup.Bootstrap.main(Bootstrap.java:476)
17-Feb-2025 00:18:19.612 WARNING [main] org.apache.catalina.loader.WebappClassLoaderBase.clearReferencesObjectStreamClassCaches Failed to clear soft references from ObjectStreamClass$Caches for web application [examples]
	java.lang.ClassCastException: class java.io.ObjectStreamClass$Caches$1 cannot be cast to class java.util.Map (java.io.ObjectStreamClass$Caches$1 and java.util.Map are in module java.base of loader 'bootstrap')
		at org.apache.catalina.loader.WebappClassLoaderBase.clearCache(WebappClassLoaderBase.java:2363)
		at org.apache.catalina.loader.WebappClassLoaderBase.clearReferencesObjectStreamClassCaches(WebappClassLoaderBase.java:2338)
		at org.apache.catalina.loader.WebappClassLoaderBase.clearReferences(WebappClassLoaderBase.java:1706)
		at org.apache.catalina.loader.WebappClassLoaderBase.stop(WebappClassLoaderBase.java:1634)
		at org.apache.catalina.loader.WebappLoader.stopInternal(WebappLoader.java:429)
		at org.apache.catalina.util.LifecycleBase.stop(LifecycleBase.java:257)
		at org.apache.catalina.core.StandardContext.stopInternal(StandardContext.java:5464)
		at org.apache.catalina.util.LifecycleBase.stop(LifecycleBase.java:257)
		at org.apache.catalina.core.ContainerBase$StopChild.call(ContainerBase.java:1412)
		at org.apache.catalina.core.ContainerBase$StopChild.call(ContainerBase.java:1401)
		at java.base/java.util.concurrent.FutureTask.run(FutureTask.java:264)
		at org.apache.tomcat.util.threads.InlineExecutorService.execute(InlineExecutorService.java:75)
		at java.base/java.util.concurrent.AbstractExecutorService.submit(AbstractExecutorService.java:140)
		at org.apache.catalina.core.ContainerBase.stopInternal(ContainerBase.java:986)
		at org.apache.catalina.util.LifecycleBase.stop(LifecycleBase.java:257)
		at org.apache.catalina.core.ContainerBase$StopChild.call(ContainerBase.java:1412)
		at org.apache.catalina.core.ContainerBase$StopChild.call(ContainerBase.java:1401)
		at java.base/java.util.concurrent.FutureTask.run(FutureTask.java:264)
		at org.apache.tomcat.util.threads.InlineExecutorService.execute(InlineExecutorService.java:75)
		at java.base/java.util.concurrent.AbstractExecutorService.submit(AbstractExecutorService.java:140)
		at org.apache.catalina.core.ContainerBase.stopInternal(ContainerBase.java:986)
		at org.apache.catalina.util.LifecycleBase.stop(LifecycleBase.java:257)
		at org.apache.catalina.core.StandardService.stopInternal(StandardService.java:497)
		at org.apache.catalina.util.LifecycleBase.stop(LifecycleBase.java:257)
		at org.apache.catalina.core.StandardServer.stopInternal(StandardServer.java:979)
		at org.apache.catalina.util.LifecycleBase.stop(LifecycleBase.java:257)
		at org.apache.catalina.startup.Catalina.stop(Catalina.java:872)
		at org.apache.catalina.startup.Catalina.start(Catalina.java:834)
		at java.base/jdk.internal.reflect.NativeMethodAccessorImpl.invoke0(Native Method)
		at java.base/jdk.internal.reflect.NativeMethodAccessorImpl.invoke(NativeMethodAccessorImpl.java:62)
		at java.base/jdk.internal.reflect.DelegatingMethodAccessorImpl.invoke(DelegatingMethodAccessorImpl.java:43)
		at java.base/java.lang.reflect.Method.invoke(Method.java:566)
		at org.apache.catalina.startup.Bootstrap.start(Bootstrap.java:345)
		at org.apache.catalina.startup.Bootstrap.main(Bootstrap.java:476)
17-Feb-2025 00:18:19.626 WARNING [main] org.apache.catalina.loader.WebappClassLoaderBase.clearReferencesObjectStreamClassCaches Failed to clear soft references from ObjectStreamClass$Caches for web application [host-manager]
	java.lang.ClassCastException: class java.io.ObjectStreamClass$Caches$1 cannot be cast to class java.util.Map (java.io.ObjectStreamClass$Caches$1 and java.util.Map are in module java.base of loader 'bootstrap')
		at org.apache.catalina.loader.WebappClassLoaderBase.clearCache(WebappClassLoaderBase.java:2363)
		at org.apache.catalina.loader.WebappClassLoaderBase.clearReferencesObjectStreamClassCaches(WebappClassLoaderBase.java:2338)
		at org.apache.catalina.loader.WebappClassLoaderBase.clearReferences(WebappClassLoaderBase.java:1706)
		at org.apache.catalina.loader.WebappClassLoaderBase.stop(WebappClassLoaderBase.java:1634)
		at org.apache.catalina.loader.WebappLoader.stopInternal(WebappLoader.java:429)
		at org.apache.catalina.util.LifecycleBase.stop(LifecycleBase.java:257)
		at org.apache.catalina.core.StandardContext.stopInternal(StandardContext.java:5464)
		at org.apache.catalina.util.LifecycleBase.stop(LifecycleBase.java:257)
		at org.apache.catalina.core.ContainerBase$StopChild.call(ContainerBase.java:1412)
		at org.apache.catalina.core.ContainerBase$StopChild.call(ContainerBase.java:1401)
		at java.base/java.util.concurrent.FutureTask.run(FutureTask.java:264)
		at org.apache.tomcat.util.threads.InlineExecutorService.execute(InlineExecutorService.java:75)
		at java.base/java.util.concurrent.AbstractExecutorService.submit(AbstractExecutorService.java:140)
		at org.apache.catalina.core.ContainerBase.stopInternal(ContainerBase.java:986)
		at org.apache.catalina.util.LifecycleBase.stop(LifecycleBase.java:257)
		at org.apache.catalina.core.ContainerBase$StopChild.call(ContainerBase.java:1412)
		at org.apache.catalina.core.ContainerBase$StopChild.call(ContainerBase.java:1401)
		at java.base/java.util.concurrent.FutureTask.run(FutureTask.java:264)
		at org.apache.tomcat.util.threads.InlineExecutorService.execute(InlineExecutorService.java:75)
		at java.base/java.util.concurrent.AbstractExecutorService.submit(AbstractExecutorService.java:140)
		at org.apache.catalina.core.ContainerBase.stopInternal(ContainerBase.java:986)
		at org.apache.catalina.util.LifecycleBase.stop(LifecycleBase.java:257)
		at org.apache.catalina.core.StandardService.stopInternal(StandardService.java:497)
		at org.apache.catalina.util.LifecycleBase.stop(LifecycleBase.java:257)
		at org.apache.catalina.core.StandardServer.stopInternal(StandardServer.java:979)
		at org.apache.catalina.util.LifecycleBase.stop(LifecycleBase.java:257)
		at org.apache.catalina.startup.Catalina.stop(Catalina.java:872)
		at org.apache.catalina.startup.Catalina.start(Catalina.java:834)
		at java.base/jdk.internal.reflect.NativeMethodAccessorImpl.invoke0(Native Method)
		at java.base/jdk.internal.reflect.NativeMethodAccessorImpl.invoke(NativeMethodAccessorImpl.java:62)
		at java.base/jdk.internal.reflect.DelegatingMethodAccessorImpl.invoke(DelegatingMethodAccessorImpl.java:43)
		at java.base/java.lang.reflect.Method.invoke(Method.java:566)
		at org.apache.catalina.startup.Bootstrap.start(Bootstrap.java:345)
		at org.apache.catalina.startup.Bootstrap.main(Bootstrap.java:476)
17-Feb-2025 00:18:19.633 WARNING [main] org.apache.catalina.loader.WebappClassLoaderBase.clearReferencesObjectStreamClassCaches Failed to clear soft references from ObjectStreamClass$Caches for web application [my_webapp]
	java.lang.ClassCastException: class java.io.ObjectStreamClass$Caches$1 cannot be cast to class java.util.Map (java.io.ObjectStreamClass$Caches$1 and java.util.Map are in module java.base of loader 'bootstrap')
		at org.apache.catalina.loader.WebappClassLoaderBase.clearCache(WebappClassLoaderBase.java:2363)
		at org.apache.catalina.loader.WebappClassLoaderBase.clearReferencesObjectStreamClassCaches(WebappClassLoaderBase.java:2338)
		at org.apache.catalina.loader.WebappClassLoaderBase.clearReferences(WebappClassLoaderBase.java:1706)
		at org.apache.catalina.loader.WebappClassLoaderBase.stop(WebappClassLoaderBase.java:1634)
		at org.apache.catalina.loader.WebappLoader.stopInternal(WebappLoader.java:429)
		at org.apache.catalina.util.LifecycleBase.stop(LifecycleBase.java:257)
		at org.apache.catalina.core.StandardContext.stopInternal(StandardContext.java:5464)
		at org.apache.catalina.util.LifecycleBase.stop(LifecycleBase.java:257)
		at org.apache.catalina.core.ContainerBase$StopChild.call(ContainerBase.java:1412)
		at org.apache.catalina.core.ContainerBase$StopChild.call(ContainerBase.java:1401)
		at java.base/java.util.concurrent.FutureTask.run(FutureTask.java:264)
		at org.apache.tomcat.util.threads.InlineExecutorService.execute(InlineExecutorService.java:75)
		at java.base/java.util.concurrent.AbstractExecutorService.submit(AbstractExecutorService.java:140)
		at org.apache.catalina.core.ContainerBase.stopInternal(ContainerBase.java:986)
		at org.apache.catalina.util.LifecycleBase.stop(LifecycleBase.java:257)
		at org.apache.catalina.core.ContainerBase$StopChild.call(ContainerBase.java:1412)
		at org.apache.catalina.core.ContainerBase$StopChild.call(ContainerBase.java:1401)
		at java.base/java.util.concurrent.FutureTask.run(FutureTask.java:264)
		at org.apache.tomcat.util.threads.InlineExecutorService.execute(InlineExecutorService.java:75)
		at java.base/java.util.concurrent.AbstractExecutorService.submit(AbstractExecutorService.java:140)
		at org.apache.catalina.core.ContainerBase.stopInternal(ContainerBase.java:986)
		at org.apache.catalina.util.LifecycleBase.stop(LifecycleBase.java:257)
		at org.apache.catalina.core.StandardService.stopInternal(StandardService.java:497)
		at org.apache.catalina.util.LifecycleBase.stop(LifecycleBase.java:257)
		at org.apache.catalina.core.StandardServer.stopInternal(StandardServer.java:979)
		at org.apache.catalina.util.LifecycleBase.stop(LifecycleBase.java:257)
		at org.apache.catalina.startup.Catalina.stop(Catalina.java:872)
		at org.apache.catalina.startup.Catalina.start(Catalina.java:834)
		at java.base/jdk.internal.reflect.NativeMethodAccessorImpl.invoke0(Native Method)
		at java.base/jdk.internal.reflect.NativeMethodAccessorImpl.invoke(NativeMethodAccessorImpl.java:62)
		at java.base/jdk.internal.reflect.DelegatingMethodAccessorImpl.invoke(DelegatingMethodAccessorImpl.java:43)
		at java.base/java.lang.reflect.Method.invoke(Method.java:566)
		at org.apache.catalina.startup.Bootstrap.start(Bootstrap.java:345)
		at org.apache.catalina.startup.Bootstrap.main(Bootstrap.java:476)
17-Feb-2025 00:18:19.636 WARNING [main] org.apache.catalina.loader.WebappClassLoaderBase.clearReferencesObjectStreamClassCaches Failed to clear soft references from ObjectStreamClass$Caches for web application [manager]
	java.lang.ClassCastException: class java.io.ObjectStreamClass$Caches$1 cannot be cast to class java.util.Map (java.io.ObjectStreamClass$Caches$1 and java.util.Map are in module java.base of loader 'bootstrap')
		at org.apache.catalina.loader.WebappClassLoaderBase.clearCache(WebappClassLoaderBase.java:2363)
		at org.apache.catalina.loader.WebappClassLoaderBase.clearReferencesObjectStreamClassCaches(WebappClassLoaderBase.java:2338)
		at org.apache.catalina.loader.WebappClassLoaderBase.clearReferences(WebappClassLoaderBase.java:1706)
		at org.apache.catalina.loader.WebappClassLoaderBase.stop(WebappClassLoaderBase.java:1634)
		at org.apache.catalina.loader.WebappLoader.stopInternal(WebappLoader.java:429)
		at org.apache.catalina.util.LifecycleBase.stop(LifecycleBase.java:257)
		at org.apache.catalina.core.StandardContext.stopInternal(StandardContext.java:5464)
		at org.apache.catalina.util.LifecycleBase.stop(LifecycleBase.java:257)
		at org.apache.catalina.core.ContainerBase$StopChild.call(ContainerBase.java:1412)
		at org.apache.catalina.core.ContainerBase$StopChild.call(ContainerBase.java:1401)
		at java.base/java.util.concurrent.FutureTask.run(FutureTask.java:264)
		at org.apache.tomcat.util.threads.InlineExecutorService.execute(InlineExecutorService.java:75)
		at java.base/java.util.concurrent.AbstractExecutorService.submit(AbstractExecutorService.java:140)
		at org.apache.catalina.core.ContainerBase.stopInternal(ContainerBase.java:986)
		at org.apache.catalina.util.LifecycleBase.stop(LifecycleBase.java:257)
		at org.apache.catalina.core.ContainerBase$StopChild.call(ContainerBase.java:1412)
		at org.apache.catalina.core.ContainerBase$StopChild.call(ContainerBase.java:1401)
		at java.base/java.util.concurrent.FutureTask.run(FutureTask.java:264)
		at org.apache.tomcat.util.threads.InlineExecutorService.execute(InlineExecutorService.java:75)
		at java.base/java.util.concurrent.AbstractExecutorService.submit(AbstractExecutorService.java:140)
		at org.apache.catalina.core.ContainerBase.stopInternal(ContainerBase.java:986)
		at org.apache.catalina.util.LifecycleBase.stop(LifecycleBase.java:257)
		at org.apache.catalina.core.StandardService.stopInternal(StandardService.java:497)
		at org.apache.catalina.util.LifecycleBase.stop(LifecycleBase.java:257)
		at org.apache.catalina.core.StandardServer.stopInternal(StandardServer.java:979)
		at org.apache.catalina.util.LifecycleBase.stop(LifecycleBase.java:257)
		at org.apache.catalina.startup.Catalina.stop(Catalina.java:872)
		at org.apache.catalina.startup.Catalina.start(Catalina.java:834)
		at java.base/jdk.internal.reflect.NativeMethodAccessorImpl.invoke0(Native Method)
		at java.base/jdk.internal.reflect.NativeMethodAccessorImpl.invoke(NativeMethodAccessorImpl.java:62)
		at java.base/jdk.internal.reflect.DelegatingMethodAccessorImpl.invoke(DelegatingMethodAccessorImpl.java:43)
		at java.base/java.lang.reflect.Method.invoke(Method.java:566)
		at org.apache.catalina.startup.Bootstrap.start(Bootstrap.java:345)
		at org.apache.catalina.startup.Bootstrap.main(Bootstrap.java:476)
17-Feb-2025 00:18:19.637 WARNING [main] org.apache.catalina.loader.WebappClassLoaderBase.clearReferencesObjectStreamClassCaches Failed to clear soft references from ObjectStreamClass$Caches for web application [docs]
	java.lang.ClassCastException: class java.io.ObjectStreamClass$Caches$1 cannot be cast to class java.util.Map (java.io.ObjectStreamClass$Caches$1 and java.util.Map are in module java.base of loader 'bootstrap')
		at org.apache.catalina.loader.WebappClassLoaderBase.clearCache(WebappClassLoaderBase.java:2363)
		at org.apache.catalina.loader.WebappClassLoaderBase.clearReferencesObjectStreamClassCaches(WebappClassLoaderBase.java:2338)
		at org.apache.catalina.loader.WebappClassLoaderBase.clearReferences(WebappClassLoaderBase.java:1706)
		at org.apache.catalina.loader.WebappClassLoaderBase.stop(WebappClassLoaderBase.java:1634)
		at org.apache.catalina.loader.WebappLoader.stopInternal(WebappLoader.java:429)
		at org.apache.catalina.util.LifecycleBase.stop(LifecycleBase.java:257)
		at org.apache.catalina.core.StandardContext.stopInternal(StandardContext.java:5464)
		at org.apache.catalina.util.LifecycleBase.stop(LifecycleBase.java:257)
		at org.apache.catalina.core.ContainerBase$StopChild.call(ContainerBase.java:1412)
		at org.apache.catalina.core.ContainerBase$StopChild.call(ContainerBase.java:1401)
		at java.base/java.util.concurrent.FutureTask.run(FutureTask.java:264)
		at org.apache.tomcat.util.threads.InlineExecutorService.execute(InlineExecutorService.java:75)
		at java.base/java.util.concurrent.AbstractExecutorService.submit(AbstractExecutorService.java:140)
		at org.apache.catalina.core.ContainerBase.stopInternal(ContainerBase.java:986)
		at org.apache.catalina.util.LifecycleBase.stop(LifecycleBase.java:257)
		at org.apache.catalina.core.ContainerBase$StopChild.call(ContainerBase.java:1412)
		at org.apache.catalina.core.ContainerBase$StopChild.call(ContainerBase.java:1401)
		at java.base/java.util.concurrent.FutureTask.run(FutureTask.java:264)
		at org.apache.tomcat.util.threads.InlineExecutorService.execute(InlineExecutorService.java:75)
		at java.base/java.util.concurrent.AbstractExecutorService.submit(AbstractExecutorService.java:140)
		at org.apache.catalina.core.ContainerBase.stopInternal(ContainerBase.java:986)
		at org.apache.catalina.util.LifecycleBase.stop(LifecycleBase.java:257)
		at org.apache.catalina.core.StandardService.stopInternal(StandardService.java:497)
		at org.apache.catalina.util.LifecycleBase.stop(LifecycleBase.java:257)
		at org.apache.catalina.core.StandardServer.stopInternal(StandardServer.java:979)
		at org.apache.catalina.util.LifecycleBase.stop(LifecycleBase.java:257)
		at org.apache.catalina.startup.Catalina.stop(Catalina.java:872)
		at org.apache.catalina.startup.Catalina.start(Catalina.java:834)
		at java.base/jdk.internal.reflect.NativeMethodAccessorImpl.invoke0(Native Method)
		at java.base/jdk.internal.reflect.NativeMethodAccessorImpl.invoke(NativeMethodAccessorImpl.java:62)
		at java.base/jdk.internal.reflect.DelegatingMethodAccessorImpl.invoke(DelegatingMethodAccessorImpl.java:43)
		at java.base/java.lang.reflect.Method.invoke(Method.java:566)
		at org.apache.catalina.startup.Bootstrap.start(Bootstrap.java:345)
		at org.apache.catalina.startup.Bootstrap.main(Bootstrap.java:476)
17-Feb-2025 00:18:19.641 INFO [main] org.apache.coyote.AbstractProtocol.stop Stopping ProtocolHandler ["http-nio-8080"]
17-Feb-2025 00:18:19.702 INFO [main] org.apache.coyote.AbstractProtocol.destroy Destroying ProtocolHandler ["http-nio-8080"]
17-Feb-2025 00:18:20.871 INFO [main] org.apache.catalina.startup.VersionLoggerListener.log Server version name:   Apache Tomcat/10.0.10
17-Feb-2025 00:18:20.881 INFO [main] org.apache.catalina.startup.VersionLoggerListener.log Server built:          Jul 30 2021 09:51:27 UTC
17-Feb-2025 00:18:20.881 INFO [main] org.apache.catalina.startup.VersionLoggerListener.log Server version number: 10.0.10.0
17-Feb-2025 00:18:20.881 INFO [main] org.apache.catalina.startup.VersionLoggerListener.log OS Name:               Linux
17-Feb-2025 00:18:20.881 INFO [main] org.apache.catalina.startup.VersionLoggerListener.log OS Version:            5.15.0-92-generic
17-Feb-2025 00:18:20.881 INFO [main] org.apache.catalina.startup.VersionLoggerListener.log Architecture:          amd64
17-Feb-2025 00:18:20.881 INFO [main] org.apache.catalina.startup.VersionLoggerListener.log Java Home:             /usr/lib/jvm/java-11-openjdk-amd64
17-Feb-2025 00:18:20.881 INFO [main] org.apache.catalina.startup.VersionLoggerListener.log JVM Version:           11.0.26+4-post-Ubuntu-1ubuntu122.04
17-Feb-2025 00:18:20.881 INFO [main] org.apache.catalina.startup.VersionLoggerListener.log JVM Vendor:            Ubuntu
17-Feb-2025 00:18:20.881 INFO [main] org.apache.catalina.startup.VersionLoggerListener.log CATALINA_BASE:         /home/alumne/proj/FIB-PTI/servlets/apache-tomcat-10.0.10
17-Feb-2025 00:18:20.881 INFO [main] org.apache.catalina.startup.VersionLoggerListener.log CATALINA_HOME:         /home/alumne/proj/FIB-PTI/servlets/apache-tomcat-10.0.10
17-Feb-2025 00:18:20.952 INFO [main] org.apache.catalina.startup.VersionLoggerListener.log Command line argument: --add-opens=java.base/java.lang=ALL-UNNAMED
17-Feb-2025 00:18:20.952 INFO [main] org.apache.catalina.startup.VersionLoggerListener.log Command line argument: --add-opens=java.base/java.io=ALL-UNNAMED
17-Feb-2025 00:18:20.952 INFO [main] org.apache.catalina.startup.VersionLoggerListener.log Command line argument: --add-opens=java.base/java.util=ALL-UNNAMED
17-Feb-2025 00:18:20.952 INFO [main] org.apache.catalina.startup.VersionLoggerListener.log Command line argument: --add-opens=java.base/java.util.concurrent=ALL-UNNAMED
17-Feb-2025 00:18:20.953 INFO [main] org.apache.catalina.startup.VersionLoggerListener.log Command line argument: --add-opens=java.rmi/sun.rmi.transport=ALL-UNNAMED
17-Feb-2025 00:18:20.953 INFO [main] org.apache.catalina.startup.VersionLoggerListener.log Command line argument: -Djava.util.logging.config.file=/home/alumne/proj/FIB-PTI/servlets/apache-tomcat-10.0.10/conf/logging.properties
17-Feb-2025 00:18:20.953 INFO [main] org.apache.catalina.startup.VersionLoggerListener.log Command line argument: -Djava.util.logging.manager=org.apache.juli.ClassLoaderLogManager
17-Feb-2025 00:18:20.954 INFO [main] org.apache.catalina.startup.VersionLoggerListener.log Command line argument: -Djdk.tls.ephemeralDHKeySize=2048
17-Feb-2025 00:18:20.954 INFO [main] org.apache.catalina.startup.VersionLoggerListener.log Command line argument: -Djava.protocol.handler.pkgs=org.apache.catalina.webresources
17-Feb-2025 00:18:20.954 INFO [main] org.apache.catalina.startup.VersionLoggerListener.log Command line argument: -Dorg.apache.catalina.security.SecurityListener.UMASK=0027
17-Feb-2025 00:18:20.954 INFO [main] org.apache.catalina.startup.VersionLoggerListener.log Command line argument: -Dignore.endorsed.dirs=
17-Feb-2025 00:18:20.955 INFO [main] org.apache.catalina.startup.VersionLoggerListener.log Command line argument: -Dcatalina.base=/home/alumne/proj/FIB-PTI/servlets/apache-tomcat-10.0.10
17-Feb-2025 00:18:20.955 INFO [main] org.apache.catalina.startup.VersionLoggerListener.log Command line argument: -Dcatalina.home=/home/alumne/proj/FIB-PTI/servlets/apache-tomcat-10.0.10
17-Feb-2025 00:18:20.956 INFO [main] org.apache.catalina.startup.VersionLoggerListener.log Command line argument: -Djava.io.tmpdir=/home/alumne/proj/FIB-PTI/servlets/apache-tomcat-10.0.10/temp
17-Feb-2025 00:18:20.964 INFO [main] org.apache.catalina.core.AprLifecycleListener.lifecycleEvent The Apache Tomcat Native library which allows using OpenSSL was not found on the java.library.path: [/home/alumne/catkin_ws/devel/lib:/opt/ros/noetic/lib:/tmp/.mount_cursor8aCjg4/usr/lib:/usr/java/packages/lib:/usr/lib/x86_64-linux-gnu/jni:/lib/x86_64-linux-gnu:/usr/lib/x86_64-linux-gnu:/usr/lib/jni:/lib:/usr/lib]
17-Feb-2025 00:18:21.591 INFO [main] org.apache.coyote.AbstractProtocol.init Initializing ProtocolHandler ["http-nio-8080"]
17-Feb-2025 00:18:21.633 INFO [main] org.apache.catalina.startup.Catalina.load Server initialization in [1272] milliseconds
17-Feb-2025 00:18:21.699 INFO [main] org.apache.catalina.core.StandardService.startInternal Starting service [Catalina]
17-Feb-2025 00:18:21.699 INFO [main] org.apache.catalina.core.StandardEngine.startInternal Starting Servlet engine: [Apache Tomcat/10.0.10]
17-Feb-2025 00:18:21.706 INFO [main] org.apache.catalina.startup.HostConfig.deployDirectory Deploying web application directory [/home/alumne/proj/FIB-PTI/servlets/apache-tomcat-10.0.10/webapps/host-manager]
17-Feb-2025 00:18:21.958 INFO [main] org.apache.jasper.servlet.TldScanner.scanJars At least one JAR was scanned for TLDs yet contained no TLDs. Enable debug logging for this logger for a complete list of JARs that were scanned but no TLDs were found in them. Skipping unneeded JARs during scanning can improve startup time and JSP compilation time.
17-Feb-2025 00:18:22.045 INFO [main] org.apache.catalina.startup.HostConfig.deployDirectory Deployment of web application directory [/home/alumne/proj/FIB-PTI/servlets/apache-tomcat-10.0.10/webapps/host-manager] has finished in [338] ms
17-Feb-2025 00:18:22.045 INFO [main] org.apache.catalina.startup.HostConfig.deployDirectory Deploying web application directory [/home/alumne/proj/FIB-PTI/servlets/apache-tomcat-10.0.10/webapps/ROOT]
17-Feb-2025 00:18:22.107 INFO [main] org.apache.jasper.servlet.TldScanner.scanJars At least one JAR was scanned for TLDs yet contained no TLDs. Enable debug logging for this logger for a complete list of JARs that were scanned but no TLDs were found in them. Skipping unneeded JARs during scanning can improve startup time and JSP compilation time.
17-Feb-2025 00:18:22.114 INFO [main] org.apache.catalina.startup.HostConfig.deployDirectory Deployment of web application directory [/home/alumne/proj/FIB-PTI/servlets/apache-tomcat-10.0.10/webapps/ROOT] has finished in [69] ms
17-Feb-2025 00:18:22.114 INFO [main] org.apache.catalina.startup.HostConfig.deployDirectory Deploying web application directory [/home/alumne/proj/FIB-PTI/servlets/apache-tomcat-10.0.10/webapps/my_webapp]
17-Feb-2025 00:18:22.155 INFO [main] org.apache.jasper.servlet.TldScanner.scanJars At least one JAR was scanned for TLDs yet contained no TLDs. Enable debug logging for this logger for a complete list of JARs that were scanned but no TLDs were found in them. Skipping unneeded JARs during scanning can improve startup time and JSP compilation time.
17-Feb-2025 00:18:22.170 INFO [main] org.apache.catalina.startup.HostConfig.deployDirectory Deployment of web application directory [/home/alumne/proj/FIB-PTI/servlets/apache-tomcat-10.0.10/webapps/my_webapp] has finished in [54] ms
17-Feb-2025 00:18:22.170 INFO [main] org.apache.catalina.startup.HostConfig.deployDirectory Deploying web application directory [/home/alumne/proj/FIB-PTI/servlets/apache-tomcat-10.0.10/webapps/manager]
17-Feb-2025 00:18:22.201 INFO [main] org.apache.jasper.servlet.TldScanner.scanJars At least one JAR was scanned for TLDs yet contained no TLDs. Enable debug logging for this logger for a complete list of JARs that were scanned but no TLDs were found in them. Skipping unneeded JARs during scanning can improve startup time and JSP compilation time.
17-Feb-2025 00:18:22.203 INFO [main] org.apache.catalina.startup.HostConfig.deployDirectory Deployment of web application directory [/home/alumne/proj/FIB-PTI/servlets/apache-tomcat-10.0.10/webapps/manager] has finished in [33] ms
17-Feb-2025 00:18:22.204 INFO [main] org.apache.catalina.startup.HostConfig.deployDirectory Deploying web application directory [/home/alumne/proj/FIB-PTI/servlets/apache-tomcat-10.0.10/webapps/docs]
17-Feb-2025 00:18:22.223 INFO [main] org.apache.jasper.servlet.TldScanner.scanJars At least one JAR was scanned for TLDs yet contained no TLDs. Enable debug logging for this logger for a complete list of JARs that were scanned but no TLDs were found in them. Skipping unneeded JARs during scanning can improve startup time and JSP compilation time.
17-Feb-2025 00:18:22.225 INFO [main] org.apache.catalina.startup.HostConfig.deployDirectory Deployment of web application directory [/home/alumne/proj/FIB-PTI/servlets/apache-tomcat-10.0.10/webapps/docs] has finished in [21] ms
17-Feb-2025 00:18:22.225 INFO [main] org.apache.catalina.startup.HostConfig.deployDirectory Deploying web application directory [/home/alumne/proj/FIB-PTI/servlets/apache-tomcat-10.0.10/webapps/examples]
17-Feb-2025 00:18:22.471 INFO [main] org.apache.jasper.servlet.TldScanner.scanJars At least one JAR was scanned for TLDs yet contained no TLDs. Enable debug logging for this logger for a complete list of JARs that were scanned but no TLDs were found in them. Skipping unneeded JARs during scanning can improve startup time and JSP compilation time.
17-Feb-2025 00:18:22.483 INFO [main] org.apache.catalina.startup.HostConfig.deployDirectory Deployment of web application directory [/home/alumne/proj/FIB-PTI/servlets/apache-tomcat-10.0.10/webapps/examples] has finished in [258] ms
17-Feb-2025 00:18:22.487 INFO [main] org.apache.coyote.AbstractProtocol.start Starting ProtocolHandler ["http-nio-8080"]
17-Feb-2025 00:18:22.522 INFO [main] org.apache.catalina.startup.Catalina.start Server startup in [888] milliseconds
17-Feb-2025 00:18:41.983 INFO [main] org.apache.catalina.core.StandardServer.await A valid shutdown command was received via the shutdown port. Stopping the Server instance.
17-Feb-2025 00:18:41.984 INFO [main] org.apache.coyote.AbstractProtocol.pause Pausing ProtocolHandler ["http-nio-8080"]
17-Feb-2025 00:18:41.999 INFO [main] org.apache.catalina.core.StandardService.stopInternal Stopping service [Catalina]
17-Feb-2025 00:18:42.008 WARNING [main] org.apache.catalina.loader.WebappClassLoaderBase.clearReferencesObjectStreamClassCaches Failed to clear soft references from ObjectStreamClass$Caches for web application [ROOT]
	java.lang.ClassCastException: class java.io.ObjectStreamClass$Caches$1 cannot be cast to class java.util.Map (java.io.ObjectStreamClass$Caches$1 and java.util.Map are in module java.base of loader 'bootstrap')
		at org.apache.catalina.loader.WebappClassLoaderBase.clearCache(WebappClassLoaderBase.java:2363)
		at org.apache.catalina.loader.WebappClassLoaderBase.clearReferencesObjectStreamClassCaches(WebappClassLoaderBase.java:2338)
		at org.apache.catalina.loader.WebappClassLoaderBase.clearReferences(WebappClassLoaderBase.java:1706)
		at org.apache.catalina.loader.WebappClassLoaderBase.stop(WebappClassLoaderBase.java:1634)
		at org.apache.catalina.loader.WebappLoader.stopInternal(WebappLoader.java:429)
		at org.apache.catalina.util.LifecycleBase.stop(LifecycleBase.java:257)
		at org.apache.catalina.core.StandardContext.stopInternal(StandardContext.java:5464)
		at org.apache.catalina.util.LifecycleBase.stop(LifecycleBase.java:257)
		at org.apache.catalina.core.ContainerBase$StopChild.call(ContainerBase.java:1412)
		at org.apache.catalina.core.ContainerBase$StopChild.call(ContainerBase.java:1401)
		at java.base/java.util.concurrent.FutureTask.run(FutureTask.java:264)
		at org.apache.tomcat.util.threads.InlineExecutorService.execute(InlineExecutorService.java:75)
		at java.base/java.util.concurrent.AbstractExecutorService.submit(AbstractExecutorService.java:140)
		at org.apache.catalina.core.ContainerBase.stopInternal(ContainerBase.java:986)
		at org.apache.catalina.util.LifecycleBase.stop(LifecycleBase.java:257)
		at org.apache.catalina.core.ContainerBase$StopChild.call(ContainerBase.java:1412)
		at org.apache.catalina.core.ContainerBase$StopChild.call(ContainerBase.java:1401)
		at java.base/java.util.concurrent.FutureTask.run(FutureTask.java:264)
		at org.apache.tomcat.util.threads.InlineExecutorService.execute(InlineExecutorService.java:75)
		at java.base/java.util.concurrent.AbstractExecutorService.submit(AbstractExecutorService.java:140)
		at org.apache.catalina.core.ContainerBase.stopInternal(ContainerBase.java:986)
		at org.apache.catalina.util.LifecycleBase.stop(LifecycleBase.java:257)
		at org.apache.catalina.core.StandardService.stopInternal(StandardService.java:497)
		at org.apache.catalina.util.LifecycleBase.stop(LifecycleBase.java:257)
		at org.apache.catalina.core.StandardServer.stopInternal(StandardServer.java:979)
		at org.apache.catalina.util.LifecycleBase.stop(LifecycleBase.java:257)
		at org.apache.catalina.startup.Catalina.stop(Catalina.java:872)
		at org.apache.catalina.startup.Catalina.start(Catalina.java:834)
		at java.base/jdk.internal.reflect.NativeMethodAccessorImpl.invoke0(Native Method)
		at java.base/jdk.internal.reflect.NativeMethodAccessorImpl.invoke(NativeMethodAccessorImpl.java:62)
		at java.base/jdk.internal.reflect.DelegatingMethodAccessorImpl.invoke(DelegatingMethodAccessorImpl.java:43)
		at java.base/java.lang.reflect.Method.invoke(Method.java:566)
		at org.apache.catalina.startup.Bootstrap.start(Bootstrap.java:345)
		at org.apache.catalina.startup.Bootstrap.main(Bootstrap.java:476)
17-Feb-2025 00:18:42.034 WARNING [main] org.apache.catalina.loader.WebappClassLoaderBase.clearReferencesObjectStreamClassCaches Failed to clear soft references from ObjectStreamClass$Caches for web application [examples]
	java.lang.ClassCastException: class java.io.ObjectStreamClass$Caches$1 cannot be cast to class java.util.Map (java.io.ObjectStreamClass$Caches$1 and java.util.Map are in module java.base of loader 'bootstrap')
		at org.apache.catalina.loader.WebappClassLoaderBase.clearCache(WebappClassLoaderBase.java:2363)
		at org.apache.catalina.loader.WebappClassLoaderBase.clearReferencesObjectStreamClassCaches(WebappClassLoaderBase.java:2338)
		at org.apache.catalina.loader.WebappClassLoaderBase.clearReferences(WebappClassLoaderBase.java:1706)
		at org.apache.catalina.loader.WebappClassLoaderBase.stop(WebappClassLoaderBase.java:1634)
		at org.apache.catalina.loader.WebappLoader.stopInternal(WebappLoader.java:429)
		at org.apache.catalina.util.LifecycleBase.stop(LifecycleBase.java:257)
		at org.apache.catalina.core.StandardContext.stopInternal(StandardContext.java:5464)
		at org.apache.catalina.util.LifecycleBase.stop(LifecycleBase.java:257)
		at org.apache.catalina.core.ContainerBase$StopChild.call(ContainerBase.java:1412)
		at org.apache.catalina.core.ContainerBase$StopChild.call(ContainerBase.java:1401)
		at java.base/java.util.concurrent.FutureTask.run(FutureTask.java:264)
		at org.apache.tomcat.util.threads.InlineExecutorService.execute(InlineExecutorService.java:75)
		at java.base/java.util.concurrent.AbstractExecutorService.submit(AbstractExecutorService.java:140)
		at org.apache.catalina.core.ContainerBase.stopInternal(ContainerBase.java:986)
		at org.apache.catalina.util.LifecycleBase.stop(LifecycleBase.java:257)
		at org.apache.catalina.core.ContainerBase$StopChild.call(ContainerBase.java:1412)
		at org.apache.catalina.core.ContainerBase$StopChild.call(ContainerBase.java:1401)
		at java.base/java.util.concurrent.FutureTask.run(FutureTask.java:264)
		at org.apache.tomcat.util.threads.InlineExecutorService.execute(InlineExecutorService.java:75)
		at java.base/java.util.concurrent.AbstractExecutorService.submit(AbstractExecutorService.java:140)
		at org.apache.catalina.core.ContainerBase.stopInternal(ContainerBase.java:986)
		at org.apache.catalina.util.LifecycleBase.stop(LifecycleBase.java:257)
		at org.apache.catalina.core.StandardService.stopInternal(StandardService.java:497)
		at org.apache.catalina.util.LifecycleBase.stop(LifecycleBase.java:257)
		at org.apache.catalina.core.StandardServer.stopInternal(StandardServer.java:979)
		at org.apache.catalina.util.LifecycleBase.stop(LifecycleBase.java:257)
		at org.apache.catalina.startup.Catalina.stop(Catalina.java:872)
		at org.apache.catalina.startup.Catalina.start(Catalina.java:834)
		at java.base/jdk.internal.reflect.NativeMethodAccessorImpl.invoke0(Native Method)
		at java.base/jdk.internal.reflect.NativeMethodAccessorImpl.invoke(NativeMethodAccessorImpl.java:62)
		at java.base/jdk.internal.reflect.DelegatingMethodAccessorImpl.invoke(DelegatingMethodAccessorImpl.java:43)
		at java.base/java.lang.reflect.Method.invoke(Method.java:566)
		at org.apache.catalina.startup.Bootstrap.start(Bootstrap.java:345)
		at org.apache.catalina.startup.Bootstrap.main(Bootstrap.java:476)
17-Feb-2025 00:18:42.044 WARNING [main] org.apache.catalina.loader.WebappClassLoaderBase.clearReferencesObjectStreamClassCaches Failed to clear soft references from ObjectStreamClass$Caches for web application [host-manager]
	java.lang.ClassCastException: class java.io.ObjectStreamClass$Caches$1 cannot be cast to class java.util.Map (java.io.ObjectStreamClass$Caches$1 and java.util.Map are in module java.base of loader 'bootstrap')
		at org.apache.catalina.loader.WebappClassLoaderBase.clearCache(WebappClassLoaderBase.java:2363)
		at org.apache.catalina.loader.WebappClassLoaderBase.clearReferencesObjectStreamClassCaches(WebappClassLoaderBase.java:2338)
		at org.apache.catalina.loader.WebappClassLoaderBase.clearReferences(WebappClassLoaderBase.java:1706)
		at org.apache.catalina.loader.WebappClassLoaderBase.stop(WebappClassLoaderBase.java:1634)
		at org.apache.catalina.loader.WebappLoader.stopInternal(WebappLoader.java:429)
		at org.apache.catalina.util.LifecycleBase.stop(LifecycleBase.java:257)
		at org.apache.catalina.core.StandardContext.stopInternal(StandardContext.java:5464)
		at org.apache.catalina.util.LifecycleBase.stop(LifecycleBase.java:257)
		at org.apache.catalina.core.ContainerBase$StopChild.call(ContainerBase.java:1412)
		at org.apache.catalina.core.ContainerBase$StopChild.call(ContainerBase.java:1401)
		at java.base/java.util.concurrent.FutureTask.run(FutureTask.java:264)
		at org.apache.tomcat.util.threads.InlineExecutorService.execute(InlineExecutorService.java:75)
		at java.base/java.util.concurrent.AbstractExecutorService.submit(AbstractExecutorService.java:140)
		at org.apache.catalina.core.ContainerBase.stopInternal(ContainerBase.java:986)
		at org.apache.catalina.util.LifecycleBase.stop(LifecycleBase.java:257)
		at org.apache.catalina.core.ContainerBase$StopChild.call(ContainerBase.java:1412)
		at org.apache.catalina.core.ContainerBase$StopChild.call(ContainerBase.java:1401)
		at java.base/java.util.concurrent.FutureTask.run(FutureTask.java:264)
		at org.apache.tomcat.util.threads.InlineExecutorService.execute(InlineExecutorService.java:75)
		at java.base/java.util.concurrent.AbstractExecutorService.submit(AbstractExecutorService.java:140)
		at org.apache.catalina.core.ContainerBase.stopInternal(ContainerBase.java:986)
		at org.apache.catalina.util.LifecycleBase.stop(LifecycleBase.java:257)
		at org.apache.catalina.core.StandardService.stopInternal(StandardService.java:497)
		at org.apache.catalina.util.LifecycleBase.stop(LifecycleBase.java:257)
		at org.apache.catalina.core.StandardServer.stopInternal(StandardServer.java:979)
		at org.apache.catalina.util.LifecycleBase.stop(LifecycleBase.java:257)
		at org.apache.catalina.startup.Catalina.stop(Catalina.java:872)
		at org.apache.catalina.startup.Catalina.start(Catalina.java:834)
		at java.base/jdk.internal.reflect.NativeMethodAccessorImpl.invoke0(Native Method)
		at java.base/jdk.internal.reflect.NativeMethodAccessorImpl.invoke(NativeMethodAccessorImpl.java:62)
		at java.base/jdk.internal.reflect.DelegatingMethodAccessorImpl.invoke(DelegatingMethodAccessorImpl.java:43)
		at java.base/java.lang.reflect.Method.invoke(Method.java:566)
		at org.apache.catalina.startup.Bootstrap.start(Bootstrap.java:345)
		at org.apache.catalina.startup.Bootstrap.main(Bootstrap.java:476)
17-Feb-2025 00:18:42.062 WARNING [main] org.apache.catalina.loader.WebappClassLoaderBase.clearReferencesObjectStreamClassCaches Failed to clear soft references from ObjectStreamClass$Caches for web application [my_webapp]
	java.lang.ClassCastException: class java.io.ObjectStreamClass$Caches$1 cannot be cast to class java.util.Map (java.io.ObjectStreamClass$Caches$1 and java.util.Map are in module java.base of loader 'bootstrap')
		at org.apache.catalina.loader.WebappClassLoaderBase.clearCache(WebappClassLoaderBase.java:2363)
		at org.apache.catalina.loader.WebappClassLoaderBase.clearReferencesObjectStreamClassCaches(WebappClassLoaderBase.java:2338)
		at org.apache.catalina.loader.WebappClassLoaderBase.clearReferences(WebappClassLoaderBase.java:1706)
		at org.apache.catalina.loader.WebappClassLoaderBase.stop(WebappClassLoaderBase.java:1634)
		at org.apache.catalina.loader.WebappLoader.stopInternal(WebappLoader.java:429)
		at org.apache.catalina.util.LifecycleBase.stop(LifecycleBase.java:257)
		at org.apache.catalina.core.StandardContext.stopInternal(StandardContext.java:5464)
		at org.apache.catalina.util.LifecycleBase.stop(LifecycleBase.java:257)
		at org.apache.catalina.core.ContainerBase$StopChild.call(ContainerBase.java:1412)
		at org.apache.catalina.core.ContainerBase$StopChild.call(ContainerBase.java:1401)
		at java.base/java.util.concurrent.FutureTask.run(FutureTask.java:264)
		at org.apache.tomcat.util.threads.InlineExecutorService.execute(InlineExecutorService.java:75)
		at java.base/java.util.concurrent.AbstractExecutorService.submit(AbstractExecutorService.java:140)
		at org.apache.catalina.core.ContainerBase.stopInternal(ContainerBase.java:986)
		at org.apache.catalina.util.LifecycleBase.stop(LifecycleBase.java:257)
		at org.apache.catalina.core.ContainerBase$StopChild.call(ContainerBase.java:1412)
		at org.apache.catalina.core.ContainerBase$StopChild.call(ContainerBase.java:1401)
		at java.base/java.util.concurrent.FutureTask.run(FutureTask.java:264)
		at org.apache.tomcat.util.threads.InlineExecutorService.execute(InlineExecutorService.java:75)
		at java.base/java.util.concurrent.AbstractExecutorService.submit(AbstractExecutorService.java:140)
		at org.apache.catalina.core.ContainerBase.stopInternal(ContainerBase.java:986)
		at org.apache.catalina.util.LifecycleBase.stop(LifecycleBase.java:257)
		at org.apache.catalina.core.StandardService.stopInternal(StandardService.java:497)
		at org.apache.catalina.util.LifecycleBase.stop(LifecycleBase.java:257)
		at org.apache.catalina.core.StandardServer.stopInternal(StandardServer.java:979)
		at org.apache.catalina.util.LifecycleBase.stop(LifecycleBase.java:257)
		at org.apache.catalina.startup.Catalina.stop(Catalina.java:872)
		at org.apache.catalina.startup.Catalina.start(Catalina.java:834)
		at java.base/jdk.internal.reflect.NativeMethodAccessorImpl.invoke0(Native Method)
		at java.base/jdk.internal.reflect.NativeMethodAccessorImpl.invoke(NativeMethodAccessorImpl.java:62)
		at java.base/jdk.internal.reflect.DelegatingMethodAccessorImpl.invoke(DelegatingMethodAccessorImpl.java:43)
		at java.base/java.lang.reflect.Method.invoke(Method.java:566)
		at org.apache.catalina.startup.Bootstrap.start(Bootstrap.java:345)
		at org.apache.catalina.startup.Bootstrap.main(Bootstrap.java:476)
17-Feb-2025 00:18:42.068 WARNING [main] org.apache.catalina.loader.WebappClassLoaderBase.clearReferencesObjectStreamClassCaches Failed to clear soft references from ObjectStreamClass$Caches for web application [manager]
	java.lang.ClassCastException: class java.io.ObjectStreamClass$Caches$1 cannot be cast to class java.util.Map (java.io.ObjectStreamClass$Caches$1 and java.util.Map are in module java.base of loader 'bootstrap')
		at org.apache.catalina.loader.WebappClassLoaderBase.clearCache(WebappClassLoaderBase.java:2363)
		at org.apache.catalina.loader.WebappClassLoaderBase.clearReferencesObjectStreamClassCaches(WebappClassLoaderBase.java:2338)
		at org.apache.catalina.loader.WebappClassLoaderBase.clearReferences(WebappClassLoaderBase.java:1706)
		at org.apache.catalina.loader.WebappClassLoaderBase.stop(WebappClassLoaderBase.java:1634)
		at org.apache.catalina.loader.WebappLoader.stopInternal(WebappLoader.java:429)
		at org.apache.catalina.util.LifecycleBase.stop(LifecycleBase.java:257)
		at org.apache.catalina.core.StandardContext.stopInternal(StandardContext.java:5464)
		at org.apache.catalina.util.LifecycleBase.stop(LifecycleBase.java:257)
		at org.apache.catalina.core.ContainerBase$StopChild.call(ContainerBase.java:1412)
		at org.apache.catalina.core.ContainerBase$StopChild.call(ContainerBase.java:1401)
		at java.base/java.util.concurrent.FutureTask.run(FutureTask.java:264)
		at org.apache.tomcat.util.threads.InlineExecutorService.execute(InlineExecutorService.java:75)
		at java.base/java.util.concurrent.AbstractExecutorService.submit(AbstractExecutorService.java:140)
		at org.apache.catalina.core.ContainerBase.stopInternal(ContainerBase.java:986)
		at org.apache.catalina.util.LifecycleBase.stop(LifecycleBase.java:257)
		at org.apache.catalina.core.ContainerBase$StopChild.call(ContainerBase.java:1412)
		at org.apache.catalina.core.ContainerBase$StopChild.call(ContainerBase.java:1401)
		at java.base/java.util.concurrent.FutureTask.run(FutureTask.java:264)
		at org.apache.tomcat.util.threads.InlineExecutorService.execute(InlineExecutorService.java:75)
		at java.base/java.util.concurrent.AbstractExecutorService.submit(AbstractExecutorService.java:140)
		at org.apache.catalina.core.ContainerBase.stopInternal(ContainerBase.java:986)
		at org.apache.catalina.util.LifecycleBase.stop(LifecycleBase.java:257)
		at org.apache.catalina.core.StandardService.stopInternal(StandardService.java:497)
		at org.apache.catalina.util.LifecycleBase.stop(LifecycleBase.java:257)
		at org.apache.catalina.core.StandardServer.stopInternal(StandardServer.java:979)
		at org.apache.catalina.util.LifecycleBase.stop(LifecycleBase.java:257)
		at org.apache.catalina.startup.Catalina.stop(Catalina.java:872)
		at org.apache.catalina.startup.Catalina.start(Catalina.java:834)
		at java.base/jdk.internal.reflect.NativeMethodAccessorImpl.invoke0(Native Method)
		at java.base/jdk.internal.reflect.NativeMethodAccessorImpl.invoke(NativeMethodAccessorImpl.java:62)
		at java.base/jdk.internal.reflect.DelegatingMethodAccessorImpl.invoke(DelegatingMethodAccessorImpl.java:43)
		at java.base/java.lang.reflect.Method.invoke(Method.java:566)
		at org.apache.catalina.startup.Bootstrap.start(Bootstrap.java:345)
		at org.apache.catalina.startup.Bootstrap.main(Bootstrap.java:476)
17-Feb-2025 00:18:42.071 WARNING [main] org.apache.catalina.loader.WebappClassLoaderBase.clearReferencesObjectStreamClassCaches Failed to clear soft references from ObjectStreamClass$Caches for web application [docs]
	java.lang.ClassCastException: class java.io.ObjectStreamClass$Caches$1 cannot be cast to class java.util.Map (java.io.ObjectStreamClass$Caches$1 and java.util.Map are in module java.base of loader 'bootstrap')
		at org.apache.catalina.loader.WebappClassLoaderBase.clearCache(WebappClassLoaderBase.java:2363)
		at org.apache.catalina.loader.WebappClassLoaderBase.clearReferencesObjectStreamClassCaches(WebappClassLoaderBase.java:2338)
		at org.apache.catalina.loader.WebappClassLoaderBase.clearReferences(WebappClassLoaderBase.java:1706)
		at org.apache.catalina.loader.WebappClassLoaderBase.stop(WebappClassLoaderBase.java:1634)
		at org.apache.catalina.loader.WebappLoader.stopInternal(WebappLoader.java:429)
		at org.apache.catalina.util.LifecycleBase.stop(LifecycleBase.java:257)
		at org.apache.catalina.core.StandardContext.stopInternal(StandardContext.java:5464)
		at org.apache.catalina.util.LifecycleBase.stop(LifecycleBase.java:257)
		at org.apache.catalina.core.ContainerBase$StopChild.call(ContainerBase.java:1412)
		at org.apache.catalina.core.ContainerBase$StopChild.call(ContainerBase.java:1401)
		at java.base/java.util.concurrent.FutureTask.run(FutureTask.java:264)
		at org.apache.tomcat.util.threads.InlineExecutorService.execute(InlineExecutorService.java:75)
		at java.base/java.util.concurrent.AbstractExecutorService.submit(AbstractExecutorService.java:140)
		at org.apache.catalina.core.ContainerBase.stopInternal(ContainerBase.java:986)
		at org.apache.catalina.util.LifecycleBase.stop(LifecycleBase.java:257)
		at org.apache.catalina.core.ContainerBase$StopChild.call(ContainerBase.java:1412)
		at org.apache.catalina.core.ContainerBase$StopChild.call(ContainerBase.java:1401)
		at java.base/java.util.concurrent.FutureTask.run(FutureTask.java:264)
		at org.apache.tomcat.util.threads.InlineExecutorService.execute(InlineExecutorService.java:75)
		at java.base/java.util.concurrent.AbstractExecutorService.submit(AbstractExecutorService.java:140)
		at org.apache.catalina.core.ContainerBase.stopInternal(ContainerBase.java:986)
		at org.apache.catalina.util.LifecycleBase.stop(LifecycleBase.java:257)
		at org.apache.catalina.core.StandardService.stopInternal(StandardService.java:497)
		at org.apache.catalina.util.LifecycleBase.stop(LifecycleBase.java:257)
		at org.apache.catalina.core.StandardServer.stopInternal(StandardServer.java:979)
		at org.apache.catalina.util.LifecycleBase.stop(LifecycleBase.java:257)
		at org.apache.catalina.startup.Catalina.stop(Catalina.java:872)
		at org.apache.catalina.startup.Catalina.start(Catalina.java:834)
		at java.base/jdk.internal.reflect.NativeMethodAccessorImpl.invoke0(Native Method)
		at java.base/jdk.internal.reflect.NativeMethodAccessorImpl.invoke(NativeMethodAccessorImpl.java:62)
		at java.base/jdk.internal.reflect.DelegatingMethodAccessorImpl.invoke(DelegatingMethodAccessorImpl.java:43)
		at java.base/java.lang.reflect.Method.invoke(Method.java:566)
		at org.apache.catalina.startup.Bootstrap.start(Bootstrap.java:345)
		at org.apache.catalina.startup.Bootstrap.main(Bootstrap.java:476)
17-Feb-2025 00:18:42.075 INFO [main] org.apache.coyote.AbstractProtocol.stop Stopping ProtocolHandler ["http-nio-8080"]
17-Feb-2025 00:18:42.114 INFO [main] org.apache.coyote.AbstractProtocol.destroy Destroying ProtocolHandler ["http-nio-8080"]
17-Feb-2025 00:18:42.669 INFO [main] org.apache.catalina.startup.VersionLoggerListener.log Server version name:   Apache Tomcat/10.0.10
17-Feb-2025 00:18:42.683 INFO [main] org.apache.catalina.startup.VersionLoggerListener.log Server built:          Jul 30 2021 09:51:27 UTC
17-Feb-2025 00:18:42.683 INFO [main] org.apache.catalina.startup.VersionLoggerListener.log Server version number: 10.0.10.0
17-Feb-2025 00:18:42.683 INFO [main] org.apache.catalina.startup.VersionLoggerListener.log OS Name:               Linux
17-Feb-2025 00:18:42.683 INFO [main] org.apache.catalina.startup.VersionLoggerListener.log OS Version:            5.15.0-92-generic
17-Feb-2025 00:18:42.683 INFO [main] org.apache.catalina.startup.VersionLoggerListener.log Architecture:          amd64
17-Feb-2025 00:18:42.683 INFO [main] org.apache.catalina.startup.VersionLoggerListener.log Java Home:             /usr/lib/jvm/java-11-openjdk-amd64
17-Feb-2025 00:18:42.683 INFO [main] org.apache.catalina.startup.VersionLoggerListener.log JVM Version:           11.0.26+4-post-Ubuntu-1ubuntu122.04
17-Feb-2025 00:18:42.683 INFO [main] org.apache.catalina.startup.VersionLoggerListener.log JVM Vendor:            Ubuntu
17-Feb-2025 00:18:42.684 INFO [main] org.apache.catalina.startup.VersionLoggerListener.log CATALINA_BASE:         /home/alumne/proj/FIB-PTI/servlets/apache-tomcat-10.0.10
17-Feb-2025 00:18:42.684 INFO [main] org.apache.catalina.startup.VersionLoggerListener.log CATALINA_HOME:         /home/alumne/proj/FIB-PTI/servlets/apache-tomcat-10.0.10
17-Feb-2025 00:18:42.706 INFO [main] org.apache.catalina.startup.VersionLoggerListener.log Command line argument: --add-opens=java.base/java.lang=ALL-UNNAMED
17-Feb-2025 00:18:42.706 INFO [main] org.apache.catalina.startup.VersionLoggerListener.log Command line argument: --add-opens=java.base/java.io=ALL-UNNAMED
17-Feb-2025 00:18:42.706 INFO [main] org.apache.catalina.startup.VersionLoggerListener.log Command line argument: --add-opens=java.base/java.util=ALL-UNNAMED
17-Feb-2025 00:18:42.706 INFO [main] org.apache.catalina.startup.VersionLoggerListener.log Command line argument: --add-opens=java.base/java.util.concurrent=ALL-UNNAMED
17-Feb-2025 00:18:42.707 INFO [main] org.apache.catalina.startup.VersionLoggerListener.log Command line argument: --add-opens=java.rmi/sun.rmi.transport=ALL-UNNAMED
17-Feb-2025 00:18:42.707 INFO [main] org.apache.catalina.startup.VersionLoggerListener.log Command line argument: -Djava.util.logging.config.file=/home/alumne/proj/FIB-PTI/servlets/apache-tomcat-10.0.10/conf/logging.properties
17-Feb-2025 00:18:42.707 INFO [main] org.apache.catalina.startup.VersionLoggerListener.log Command line argument: -Djava.util.logging.manager=org.apache.juli.ClassLoaderLogManager
17-Feb-2025 00:18:42.707 INFO [main] org.apache.catalina.startup.VersionLoggerListener.log Command line argument: -Djdk.tls.ephemeralDHKeySize=2048
17-Feb-2025 00:18:42.707 INFO [main] org.apache.catalina.startup.VersionLoggerListener.log Command line argument: -Djava.protocol.handler.pkgs=org.apache.catalina.webresources
17-Feb-2025 00:18:42.707 INFO [main] org.apache.catalina.startup.VersionLoggerListener.log Command line argument: -Dorg.apache.catalina.security.SecurityListener.UMASK=0027
17-Feb-2025 00:18:42.708 INFO [main] org.apache.catalina.startup.VersionLoggerListener.log Command line argument: -Dignore.endorsed.dirs=
17-Feb-2025 00:18:42.708 INFO [main] org.apache.catalina.startup.VersionLoggerListener.log Command line argument: -Dcatalina.base=/home/alumne/proj/FIB-PTI/servlets/apache-tomcat-10.0.10
17-Feb-2025 00:18:42.708 INFO [main] org.apache.catalina.startup.VersionLoggerListener.log Command line argument: -Dcatalina.home=/home/alumne/proj/FIB-PTI/servlets/apache-tomcat-10.0.10
17-Feb-2025 00:18:42.708 INFO [main] org.apache.catalina.startup.VersionLoggerListener.log Command line argument: -Djava.io.tmpdir=/home/alumne/proj/FIB-PTI/servlets/apache-tomcat-10.0.10/temp
17-Feb-2025 00:18:42.709 INFO [main] org.apache.catalina.core.AprLifecycleListener.lifecycleEvent The Apache Tomcat Native library which allows using OpenSSL was not found on the java.library.path: [/home/alumne/catkin_ws/devel/lib:/opt/ros/noetic/lib:/tmp/.mount_cursor8aCjg4/usr/lib:/usr/java/packages/lib:/usr/lib/x86_64-linux-gnu/jni:/lib/x86_64-linux-gnu:/usr/lib/x86_64-linux-gnu:/usr/lib/jni:/lib:/usr/lib]
17-Feb-2025 00:18:43.020 INFO [main] org.apache.coyote.AbstractProtocol.init Initializing ProtocolHandler ["http-nio-8080"]
17-Feb-2025 00:18:43.034 INFO [main] org.apache.catalina.startup.Catalina.load Server initialization in [602] milliseconds
17-Feb-2025 00:18:43.093 INFO [main] org.apache.catalina.core.StandardService.startInternal Starting service [Catalina]
17-Feb-2025 00:18:43.094 INFO [main] org.apache.catalina.core.StandardEngine.startInternal Starting Servlet engine: [Apache Tomcat/10.0.10]
17-Feb-2025 00:18:43.102 INFO [main] org.apache.catalina.startup.HostConfig.deployDirectory Deploying web application directory [/home/alumne/proj/FIB-PTI/servlets/apache-tomcat-10.0.10/webapps/host-manager]
17-Feb-2025 00:18:43.256 INFO [main] org.apache.jasper.servlet.TldScanner.scanJars At least one JAR was scanned for TLDs yet contained no TLDs. Enable debug logging for this logger for a complete list of JARs that were scanned but no TLDs were found in them. Skipping unneeded JARs during scanning can improve startup time and JSP compilation time.
17-Feb-2025 00:18:43.289 INFO [main] org.apache.catalina.startup.HostConfig.deployDirectory Deployment of web application directory [/home/alumne/proj/FIB-PTI/servlets/apache-tomcat-10.0.10/webapps/host-manager] has finished in [186] ms
17-Feb-2025 00:18:43.289 INFO [main] org.apache.catalina.startup.HostConfig.deployDirectory Deploying web application directory [/home/alumne/proj/FIB-PTI/servlets/apache-tomcat-10.0.10/webapps/ROOT]
17-Feb-2025 00:18:43.307 INFO [main] org.apache.jasper.servlet.TldScanner.scanJars At least one JAR was scanned for TLDs yet contained no TLDs. Enable debug logging for this logger for a complete list of JARs that were scanned but no TLDs were found in them. Skipping unneeded JARs during scanning can improve startup time and JSP compilation time.
17-Feb-2025 00:18:43.309 INFO [main] org.apache.catalina.startup.HostConfig.deployDirectory Deployment of web application directory [/home/alumne/proj/FIB-PTI/servlets/apache-tomcat-10.0.10/webapps/ROOT] has finished in [20] ms
17-Feb-2025 00:18:43.309 INFO [main] org.apache.catalina.startup.HostConfig.deployDirectory Deploying web application directory [/home/alumne/proj/FIB-PTI/servlets/apache-tomcat-10.0.10/webapps/my_webapp]
17-Feb-2025 00:18:43.339 INFO [main] org.apache.jasper.servlet.TldScanner.scanJars At least one JAR was scanned for TLDs yet contained no TLDs. Enable debug logging for this logger for a complete list of JARs that were scanned but no TLDs were found in them. Skipping unneeded JARs during scanning can improve startup time and JSP compilation time.
17-Feb-2025 00:18:43.346 INFO [main] org.apache.catalina.startup.HostConfig.deployDirectory Deployment of web application directory [/home/alumne/proj/FIB-PTI/servlets/apache-tomcat-10.0.10/webapps/my_webapp] has finished in [37] ms
17-Feb-2025 00:18:43.346 INFO [main] org.apache.catalina.startup.HostConfig.deployDirectory Deploying web application directory [/home/alumne/proj/FIB-PTI/servlets/apache-tomcat-10.0.10/webapps/manager]
17-Feb-2025 00:18:43.362 INFO [main] org.apache.jasper.servlet.TldScanner.scanJars At least one JAR was scanned for TLDs yet contained no TLDs. Enable debug logging for this logger for a complete list of JARs that were scanned but no TLDs were found in them. Skipping unneeded JARs during scanning can improve startup time and JSP compilation time.
17-Feb-2025 00:18:43.363 INFO [main] org.apache.catalina.startup.HostConfig.deployDirectory Deployment of web application directory [/home/alumne/proj/FIB-PTI/servlets/apache-tomcat-10.0.10/webapps/manager] has finished in [17] ms
17-Feb-2025 00:18:43.364 INFO [main] org.apache.catalina.startup.HostConfig.deployDirectory Deploying web application directory [/home/alumne/proj/FIB-PTI/servlets/apache-tomcat-10.0.10/webapps/docs]
17-Feb-2025 00:18:43.375 INFO [main] org.apache.jasper.servlet.TldScanner.scanJars At least one JAR was scanned for TLDs yet contained no TLDs. Enable debug logging for this logger for a complete list of JARs that were scanned but no TLDs were found in them. Skipping unneeded JARs during scanning can improve startup time and JSP compilation time.
17-Feb-2025 00:18:43.376 INFO [main] org.apache.catalina.startup.HostConfig.deployDirectory Deployment of web application directory [/home/alumne/proj/FIB-PTI/servlets/apache-tomcat-10.0.10/webapps/docs] has finished in [13] ms
17-Feb-2025 00:18:43.376 INFO [main] org.apache.catalina.startup.HostConfig.deployDirectory Deploying web application directory [/home/alumne/proj/FIB-PTI/servlets/apache-tomcat-10.0.10/webapps/examples]
17-Feb-2025 00:18:43.544 INFO [main] org.apache.jasper.servlet.TldScanner.scanJars At least one JAR was scanned for TLDs yet contained no TLDs. Enable debug logging for this logger for a complete list of JARs that were scanned but no TLDs were found in them. Skipping unneeded JARs during scanning can improve startup time and JSP compilation time.
17-Feb-2025 00:18:43.563 INFO [main] org.apache.catalina.startup.HostConfig.deployDirectory Deployment of web application directory [/home/alumne/proj/FIB-PTI/servlets/apache-tomcat-10.0.10/webapps/examples] has finished in [187] ms
17-Feb-2025 00:18:43.579 INFO [main] org.apache.coyote.AbstractProtocol.start Starting ProtocolHandler ["http-nio-8080"]
17-Feb-2025 00:18:43.602 INFO [main] org.apache.catalina.startup.Catalina.start Server startup in [567] milliseconds
17-Feb-2025 00:18:59.245 INFO [main] org.apache.catalina.core.StandardServer.await A valid shutdown command was received via the shutdown port. Stopping the Server instance.
17-Feb-2025 00:18:59.248 INFO [main] org.apache.coyote.AbstractProtocol.pause Pausing ProtocolHandler ["http-nio-8080"]
17-Feb-2025 00:18:59.259 INFO [main] org.apache.catalina.core.StandardService.stopInternal Stopping service [Catalina]
17-Feb-2025 00:18:59.298 WARNING [main] org.apache.catalina.loader.WebappClassLoaderBase.clearReferencesObjectStreamClassCaches Failed to clear soft references from ObjectStreamClass$Caches for web application [ROOT]
	java.lang.ClassCastException: class java.io.ObjectStreamClass$Caches$1 cannot be cast to class java.util.Map (java.io.ObjectStreamClass$Caches$1 and java.util.Map are in module java.base of loader 'bootstrap')
		at org.apache.catalina.loader.WebappClassLoaderBase.clearCache(WebappClassLoaderBase.java:2363)
		at org.apache.catalina.loader.WebappClassLoaderBase.clearReferencesObjectStreamClassCaches(WebappClassLoaderBase.java:2338)
		at org.apache.catalina.loader.WebappClassLoaderBase.clearReferences(WebappClassLoaderBase.java:1706)
		at org.apache.catalina.loader.WebappClassLoaderBase.stop(WebappClassLoaderBase.java:1634)
		at org.apache.catalina.loader.WebappLoader.stopInternal(WebappLoader.java:429)
		at org.apache.catalina.util.LifecycleBase.stop(LifecycleBase.java:257)
		at org.apache.catalina.core.StandardContext.stopInternal(StandardContext.java:5464)
		at org.apache.catalina.util.LifecycleBase.stop(LifecycleBase.java:257)
		at org.apache.catalina.core.ContainerBase$StopChild.call(ContainerBase.java:1412)
		at org.apache.catalina.core.ContainerBase$StopChild.call(ContainerBase.java:1401)
		at java.base/java.util.concurrent.FutureTask.run(FutureTask.java:264)
		at org.apache.tomcat.util.threads.InlineExecutorService.execute(InlineExecutorService.java:75)
		at java.base/java.util.concurrent.AbstractExecutorService.submit(AbstractExecutorService.java:140)
		at org.apache.catalina.core.ContainerBase.stopInternal(ContainerBase.java:986)
		at org.apache.catalina.util.LifecycleBase.stop(LifecycleBase.java:257)
		at org.apache.catalina.core.ContainerBase$StopChild.call(ContainerBase.java:1412)
		at org.apache.catalina.core.ContainerBase$StopChild.call(ContainerBase.java:1401)
		at java.base/java.util.concurrent.FutureTask.run(FutureTask.java:264)
		at org.apache.tomcat.util.threads.InlineExecutorService.execute(InlineExecutorService.java:75)
		at java.base/java.util.concurrent.AbstractExecutorService.submit(AbstractExecutorService.java:140)
		at org.apache.catalina.core.ContainerBase.stopInternal(ContainerBase.java:986)
		at org.apache.catalina.util.LifecycleBase.stop(LifecycleBase.java:257)
		at org.apache.catalina.core.StandardService.stopInternal(StandardService.java:497)
		at org.apache.catalina.util.LifecycleBase.stop(LifecycleBase.java:257)
		at org.apache.catalina.core.StandardServer.stopInternal(StandardServer.java:979)
		at org.apache.catalina.util.LifecycleBase.stop(LifecycleBase.java:257)
		at org.apache.catalina.startup.Catalina.stop(Catalina.java:872)
		at org.apache.catalina.startup.Catalina.start(Catalina.java:834)
		at java.base/jdk.internal.reflect.NativeMethodAccessorImpl.invoke0(Native Method)
		at java.base/jdk.internal.reflect.NativeMethodAccessorImpl.invoke(NativeMethodAccessorImpl.java:62)
		at java.base/jdk.internal.reflect.DelegatingMethodAccessorImpl.invoke(DelegatingMethodAccessorImpl.java:43)
		at java.base/java.lang.reflect.Method.invoke(Method.java:566)
		at org.apache.catalina.startup.Bootstrap.start(Bootstrap.java:345)
		at org.apache.catalina.startup.Bootstrap.main(Bootstrap.java:476)
17-Feb-2025 00:18:59.382 WARNING [main] org.apache.catalina.loader.WebappClassLoaderBase.clearReferencesObjectStreamClassCaches Failed to clear soft references from ObjectStreamClass$Caches for web application [examples]
	java.lang.ClassCastException: class java.io.ObjectStreamClass$Caches$1 cannot be cast to class java.util.Map (java.io.ObjectStreamClass$Caches$1 and java.util.Map are in module java.base of loader 'bootstrap')
		at org.apache.catalina.loader.WebappClassLoaderBase.clearCache(WebappClassLoaderBase.java:2363)
		at org.apache.catalina.loader.WebappClassLoaderBase.clearReferencesObjectStreamClassCaches(WebappClassLoaderBase.java:2338)
		at org.apache.catalina.loader.WebappClassLoaderBase.clearReferences(WebappClassLoaderBase.java:1706)
		at org.apache.catalina.loader.WebappClassLoaderBase.stop(WebappClassLoaderBase.java:1634)
		at org.apache.catalina.loader.WebappLoader.stopInternal(WebappLoader.java:429)
		at org.apache.catalina.util.LifecycleBase.stop(LifecycleBase.java:257)
		at org.apache.catalina.core.StandardContext.stopInternal(StandardContext.java:5464)
		at org.apache.catalina.util.LifecycleBase.stop(LifecycleBase.java:257)
		at org.apache.catalina.core.ContainerBase$StopChild.call(ContainerBase.java:1412)
		at org.apache.catalina.core.ContainerBase$StopChild.call(ContainerBase.java:1401)
		at java.base/java.util.concurrent.FutureTask.run(FutureTask.java:264)
		at org.apache.tomcat.util.threads.InlineExecutorService.execute(InlineExecutorService.java:75)
		at java.base/java.util.concurrent.AbstractExecutorService.submit(AbstractExecutorService.java:140)
		at org.apache.catalina.core.ContainerBase.stopInternal(ContainerBase.java:986)
		at org.apache.catalina.util.LifecycleBase.stop(LifecycleBase.java:257)
		at org.apache.catalina.core.ContainerBase$StopChild.call(ContainerBase.java:1412)
		at org.apache.catalina.core.ContainerBase$StopChild.call(ContainerBase.java:1401)
		at java.base/java.util.concurrent.FutureTask.run(FutureTask.java:264)
		at org.apache.tomcat.util.threads.InlineExecutorService.execute(InlineExecutorService.java:75)
		at java.base/java.util.concurrent.AbstractExecutorService.submit(AbstractExecutorService.java:140)
		at org.apache.catalina.core.ContainerBase.stopInternal(ContainerBase.java:986)
		at org.apache.catalina.util.LifecycleBase.stop(LifecycleBase.java:257)
		at org.apache.catalina.core.StandardService.stopInternal(StandardService.java:497)
		at org.apache.catalina.util.LifecycleBase.stop(LifecycleBase.java:257)
		at org.apache.catalina.core.StandardServer.stopInternal(StandardServer.java:979)
		at org.apache.catalina.util.LifecycleBase.stop(LifecycleBase.java:257)
		at org.apache.catalina.startup.Catalina.stop(Catalina.java:872)
		at org.apache.catalina.startup.Catalina.start(Catalina.java:834)
		at java.base/jdk.internal.reflect.NativeMethodAccessorImpl.invoke0(Native Method)
		at java.base/jdk.internal.reflect.NativeMethodAccessorImpl.invoke(NativeMethodAccessorImpl.java:62)
		at java.base/jdk.internal.reflect.DelegatingMethodAccessorImpl.invoke(DelegatingMethodAccessorImpl.java:43)
		at java.base/java.lang.reflect.Method.invoke(Method.java:566)
		at org.apache.catalina.startup.Bootstrap.start(Bootstrap.java:345)
		at org.apache.catalina.startup.Bootstrap.main(Bootstrap.java:476)
17-Feb-2025 00:18:59.409 WARNING [main] org.apache.catalina.loader.WebappClassLoaderBase.clearReferencesObjectStreamClassCaches Failed to clear soft references from ObjectStreamClass$Caches for web application [host-manager]
	java.lang.ClassCastException: class java.io.ObjectStreamClass$Caches$1 cannot be cast to class java.util.Map (java.io.ObjectStreamClass$Caches$1 and java.util.Map are in module java.base of loader 'bootstrap')
		at org.apache.catalina.loader.WebappClassLoaderBase.clearCache(WebappClassLoaderBase.java:2363)
		at org.apache.catalina.loader.WebappClassLoaderBase.clearReferencesObjectStreamClassCaches(WebappClassLoaderBase.java:2338)
		at org.apache.catalina.loader.WebappClassLoaderBase.clearReferences(WebappClassLoaderBase.java:1706)
		at org.apache.catalina.loader.WebappClassLoaderBase.stop(WebappClassLoaderBase.java:1634)
		at org.apache.catalina.loader.WebappLoader.stopInternal(WebappLoader.java:429)
		at org.apache.catalina.util.LifecycleBase.stop(LifecycleBase.java:257)
		at org.apache.catalina.core.StandardContext.stopInternal(StandardContext.java:5464)
		at org.apache.catalina.util.LifecycleBase.stop(LifecycleBase.java:257)
		at org.apache.catalina.core.ContainerBase$StopChild.call(ContainerBase.java:1412)
		at org.apache.catalina.core.ContainerBase$StopChild.call(ContainerBase.java:1401)
		at java.base/java.util.concurrent.FutureTask.run(FutureTask.java:264)
		at org.apache.tomcat.util.threads.InlineExecutorService.execute(InlineExecutorService.java:75)
		at java.base/java.util.concurrent.AbstractExecutorService.submit(AbstractExecutorService.java:140)
		at org.apache.catalina.core.ContainerBase.stopInternal(ContainerBase.java:986)
		at org.apache.catalina.util.LifecycleBase.stop(LifecycleBase.java:257)
		at org.apache.catalina.core.ContainerBase$StopChild.call(ContainerBase.java:1412)
		at org.apache.catalina.core.ContainerBase$StopChild.call(ContainerBase.java:1401)
		at java.base/java.util.concurrent.FutureTask.run(FutureTask.java:264)
		at org.apache.tomcat.util.threads.InlineExecutorService.execute(InlineExecutorService.java:75)
		at java.base/java.util.concurrent.AbstractExecutorService.submit(AbstractExecutorService.java:140)
		at org.apache.catalina.core.ContainerBase.stopInternal(ContainerBase.java:986)
		at org.apache.catalina.util.LifecycleBase.stop(LifecycleBase.java:257)
		at org.apache.catalina.core.StandardService.stopInternal(StandardService.java:497)
		at org.apache.catalina.util.LifecycleBase.stop(LifecycleBase.java:257)
		at org.apache.catalina.core.StandardServer.stopInternal(StandardServer.java:979)
		at org.apache.catalina.util.LifecycleBase.stop(LifecycleBase.java:257)
		at org.apache.catalina.startup.Catalina.stop(Catalina.java:872)
		at org.apache.catalina.startup.Catalina.start(Catalina.java:834)
		at java.base/jdk.internal.reflect.NativeMethodAccessorImpl.invoke0(Native Method)
		at java.base/jdk.internal.reflect.NativeMethodAccessorImpl.invoke(NativeMethodAccessorImpl.java:62)
		at java.base/jdk.internal.reflect.DelegatingMethodAccessorImpl.invoke(DelegatingMethodAccessorImpl.java:43)
		at java.base/java.lang.reflect.Method.invoke(Method.java:566)
		at org.apache.catalina.startup.Bootstrap.start(Bootstrap.java:345)
		at org.apache.catalina.startup.Bootstrap.main(Bootstrap.java:476)
17-Feb-2025 00:18:59.421 WARNING [main] org.apache.catalina.loader.WebappClassLoaderBase.clearReferencesObjectStreamClassCaches Failed to clear soft references from ObjectStreamClass$Caches for web application [my_webapp]
	java.lang.ClassCastException: class java.io.ObjectStreamClass$Caches$1 cannot be cast to class java.util.Map (java.io.ObjectStreamClass$Caches$1 and java.util.Map are in module java.base of loader 'bootstrap')
		at org.apache.catalina.loader.WebappClassLoaderBase.clearCache(WebappClassLoaderBase.java:2363)
		at org.apache.catalina.loader.WebappClassLoaderBase.clearReferencesObjectStreamClassCaches(WebappClassLoaderBase.java:2338)
		at org.apache.catalina.loader.WebappClassLoaderBase.clearReferences(WebappClassLoaderBase.java:1706)
		at org.apache.catalina.loader.WebappClassLoaderBase.stop(WebappClassLoaderBase.java:1634)
		at org.apache.catalina.loader.WebappLoader.stopInternal(WebappLoader.java:429)
		at org.apache.catalina.util.LifecycleBase.stop(LifecycleBase.java:257)
		at org.apache.catalina.core.StandardContext.stopInternal(StandardContext.java:5464)
		at org.apache.catalina.util.LifecycleBase.stop(LifecycleBase.java:257)
		at org.apache.catalina.core.ContainerBase$StopChild.call(ContainerBase.java:1412)
		at org.apache.catalina.core.ContainerBase$StopChild.call(ContainerBase.java:1401)
		at java.base/java.util.concurrent.FutureTask.run(FutureTask.java:264)
		at org.apache.tomcat.util.threads.InlineExecutorService.execute(InlineExecutorService.java:75)
		at java.base/java.util.concurrent.AbstractExecutorService.submit(AbstractExecutorService.java:140)
		at org.apache.catalina.core.ContainerBase.stopInternal(ContainerBase.java:986)
		at org.apache.catalina.util.LifecycleBase.stop(LifecycleBase.java:257)
		at org.apache.catalina.core.ContainerBase$StopChild.call(ContainerBase.java:1412)
		at org.apache.catalina.core.ContainerBase$StopChild.call(ContainerBase.java:1401)
		at java.base/java.util.concurrent.FutureTask.run(FutureTask.java:264)
		at org.apache.tomcat.util.threads.InlineExecutorService.execute(InlineExecutorService.java:75)
		at java.base/java.util.concurrent.AbstractExecutorService.submit(AbstractExecutorService.java:140)
		at org.apache.catalina.core.ContainerBase.stopInternal(ContainerBase.java:986)
		at org.apache.catalina.util.LifecycleBase.stop(LifecycleBase.java:257)
		at org.apache.catalina.core.StandardService.stopInternal(StandardService.java:497)
		at org.apache.catalina.util.LifecycleBase.stop(LifecycleBase.java:257)
		at org.apache.catalina.core.StandardServer.stopInternal(StandardServer.java:979)
		at org.apache.catalina.util.LifecycleBase.stop(LifecycleBase.java:257)
		at org.apache.catalina.startup.Catalina.stop(Catalina.java:872)
		at org.apache.catalina.startup.Catalina.start(Catalina.java:834)
		at java.base/jdk.internal.reflect.NativeMethodAccessorImpl.invoke0(Native Method)
		at java.base/jdk.internal.reflect.NativeMethodAccessorImpl.invoke(NativeMethodAccessorImpl.java:62)
		at java.base/jdk.internal.reflect.DelegatingMethodAccessorImpl.invoke(DelegatingMethodAccessorImpl.java:43)
		at java.base/java.lang.reflect.Method.invoke(Method.java:566)
		at org.apache.catalina.startup.Bootstrap.start(Bootstrap.java:345)
		at org.apache.catalina.startup.Bootstrap.main(Bootstrap.java:476)
17-Feb-2025 00:18:59.456 WARNING [main] org.apache.catalina.loader.WebappClassLoaderBase.clearReferencesObjectStreamClassCaches Failed to clear soft references from ObjectStreamClass$Caches for web application [manager]
	java.lang.ClassCastException: class java.io.ObjectStreamClass$Caches$1 cannot be cast to class java.util.Map (java.io.ObjectStreamClass$Caches$1 and java.util.Map are in module java.base of loader 'bootstrap')
		at org.apache.catalina.loader.WebappClassLoaderBase.clearCache(WebappClassLoaderBase.java:2363)
		at org.apache.catalina.loader.WebappClassLoaderBase.clearReferencesObjectStreamClassCaches(WebappClassLoaderBase.java:2338)
		at org.apache.catalina.loader.WebappClassLoaderBase.clearReferences(WebappClassLoaderBase.java:1706)
		at org.apache.catalina.loader.WebappClassLoaderBase.stop(WebappClassLoaderBase.java:1634)
		at org.apache.catalina.loader.WebappLoader.stopInternal(WebappLoader.java:429)
		at org.apache.catalina.util.LifecycleBase.stop(LifecycleBase.java:257)
		at org.apache.catalina.core.StandardContext.stopInternal(StandardContext.java:5464)
		at org.apache.catalina.util.LifecycleBase.stop(LifecycleBase.java:257)
		at org.apache.catalina.core.ContainerBase$StopChild.call(ContainerBase.java:1412)
		at org.apache.catalina.core.ContainerBase$StopChild.call(ContainerBase.java:1401)
		at java.base/java.util.concurrent.FutureTask.run(FutureTask.java:264)
		at org.apache.tomcat.util.threads.InlineExecutorService.execute(InlineExecutorService.java:75)
		at java.base/java.util.concurrent.AbstractExecutorService.submit(AbstractExecutorService.java:140)
		at org.apache.catalina.core.ContainerBase.stopInternal(ContainerBase.java:986)
		at org.apache.catalina.util.LifecycleBase.stop(LifecycleBase.java:257)
		at org.apache.catalina.core.ContainerBase$StopChild.call(ContainerBase.java:1412)
		at org.apache.catalina.core.ContainerBase$StopChild.call(ContainerBase.java:1401)
		at java.base/java.util.concurrent.FutureTask.run(FutureTask.java:264)
		at org.apache.tomcat.util.threads.InlineExecutorService.execute(InlineExecutorService.java:75)
		at java.base/java.util.concurrent.AbstractExecutorService.submit(AbstractExecutorService.java:140)
		at org.apache.catalina.core.ContainerBase.stopInternal(ContainerBase.java:986)
		at org.apache.catalina.util.LifecycleBase.stop(LifecycleBase.java:257)
		at org.apache.catalina.core.StandardService.stopInternal(StandardService.java:497)
		at org.apache.catalina.util.LifecycleBase.stop(LifecycleBase.java:257)
		at org.apache.catalina.core.StandardServer.stopInternal(StandardServer.java:979)
		at org.apache.catalina.util.LifecycleBase.stop(LifecycleBase.java:257)
		at org.apache.catalina.startup.Catalina.stop(Catalina.java:872)
		at org.apache.catalina.startup.Catalina.start(Catalina.java:834)
		at java.base/jdk.internal.reflect.NativeMethodAccessorImpl.invoke0(Native Method)
		at java.base/jdk.internal.reflect.NativeMethodAccessorImpl.invoke(NativeMethodAccessorImpl.java:62)
		at java.base/jdk.internal.reflect.DelegatingMethodAccessorImpl.invoke(DelegatingMethodAccessorImpl.java:43)
		at java.base/java.lang.reflect.Method.invoke(Method.java:566)
		at org.apache.catalina.startup.Bootstrap.start(Bootstrap.java:345)
		at org.apache.catalina.startup.Bootstrap.main(Bootstrap.java:476)
17-Feb-2025 00:18:59.464 WARNING [main] org.apache.catalina.loader.WebappClassLoaderBase.clearReferencesObjectStreamClassCaches Failed to clear soft references from ObjectStreamClass$Caches for web application [docs]
	java.lang.ClassCastException: class java.io.ObjectStreamClass$Caches$1 cannot be cast to class java.util.Map (java.io.ObjectStreamClass$Caches$1 and java.util.Map are in module java.base of loader 'bootstrap')
		at org.apache.catalina.loader.WebappClassLoaderBase.clearCache(WebappClassLoaderBase.java:2363)
		at org.apache.catalina.loader.WebappClassLoaderBase.clearReferencesObjectStreamClassCaches(WebappClassLoaderBase.java:2338)
		at org.apache.catalina.loader.WebappClassLoaderBase.clearReferences(WebappClassLoaderBase.java:1706)
		at org.apache.catalina.loader.WebappClassLoaderBase.stop(WebappClassLoaderBase.java:1634)
		at org.apache.catalina.loader.WebappLoader.stopInternal(WebappLoader.java:429)
		at org.apache.catalina.util.LifecycleBase.stop(LifecycleBase.java:257)
		at org.apache.catalina.core.StandardContext.stopInternal(StandardContext.java:5464)
		at org.apache.catalina.util.LifecycleBase.stop(LifecycleBase.java:257)
		at org.apache.catalina.core.ContainerBase$StopChild.call(ContainerBase.java:1412)
		at org.apache.catalina.core.ContainerBase$StopChild.call(ContainerBase.java:1401)
		at java.base/java.util.concurrent.FutureTask.run(FutureTask.java:264)
		at org.apache.tomcat.util.threads.InlineExecutorService.execute(InlineExecutorService.java:75)
		at java.base/java.util.concurrent.AbstractExecutorService.submit(AbstractExecutorService.java:140)
		at org.apache.catalina.core.ContainerBase.stopInternal(ContainerBase.java:986)
		at org.apache.catalina.util.LifecycleBase.stop(LifecycleBase.java:257)
		at org.apache.catalina.core.ContainerBase$StopChild.call(ContainerBase.java:1412)
		at org.apache.catalina.core.ContainerBase$StopChild.call(ContainerBase.java:1401)
		at java.base/java.util.concurrent.FutureTask.run(FutureTask.java:264)
		at org.apache.tomcat.util.threads.InlineExecutorService.execute(InlineExecutorService.java:75)
		at java.base/java.util.concurrent.AbstractExecutorService.submit(AbstractExecutorService.java:140)
		at org.apache.catalina.core.ContainerBase.stopInternal(ContainerBase.java:986)
		at org.apache.catalina.util.LifecycleBase.stop(LifecycleBase.java:257)
		at org.apache.catalina.core.StandardService.stopInternal(StandardService.java:497)
		at org.apache.catalina.util.LifecycleBase.stop(LifecycleBase.java:257)
		at org.apache.catalina.core.StandardServer.stopInternal(StandardServer.java:979)
		at org.apache.catalina.util.LifecycleBase.stop(LifecycleBase.java:257)
		at org.apache.catalina.startup.Catalina.stop(Catalina.java:872)
		at org.apache.catalina.startup.Catalina.start(Catalina.java:834)
		at java.base/jdk.internal.reflect.NativeMethodAccessorImpl.invoke0(Native Method)
		at java.base/jdk.internal.reflect.NativeMethodAccessorImpl.invoke(NativeMethodAccessorImpl.java:62)
		at java.base/jdk.internal.reflect.DelegatingMethodAccessorImpl.invoke(DelegatingMethodAccessorImpl.java:43)
		at java.base/java.lang.reflect.Method.invoke(Method.java:566)
		at org.apache.catalina.startup.Bootstrap.start(Bootstrap.java:345)
		at org.apache.catalina.startup.Bootstrap.main(Bootstrap.java:476)
17-Feb-2025 00:18:59.465 INFO [main] org.apache.coyote.AbstractProtocol.stop Stopping ProtocolHandler ["http-nio-8080"]
17-Feb-2025 00:18:59.513 INFO [main] org.apache.coyote.AbstractProtocol.destroy Destroying ProtocolHandler ["http-nio-8080"]
17-Feb-2025 00:19:00.485 INFO [main] org.apache.catalina.startup.VersionLoggerListener.log Server version name:   Apache Tomcat/10.0.10
17-Feb-2025 00:19:00.514 INFO [main] org.apache.catalina.startup.VersionLoggerListener.log Server built:          Jul 30 2021 09:51:27 UTC
17-Feb-2025 00:19:00.515 INFO [main] org.apache.catalina.startup.VersionLoggerListener.log Server version number: 10.0.10.0
17-Feb-2025 00:19:00.515 INFO [main] org.apache.catalina.startup.VersionLoggerListener.log OS Name:               Linux
17-Feb-2025 00:19:00.515 INFO [main] org.apache.catalina.startup.VersionLoggerListener.log OS Version:            5.15.0-92-generic
17-Feb-2025 00:19:00.516 INFO [main] org.apache.catalina.startup.VersionLoggerListener.log Architecture:          amd64
17-Feb-2025 00:19:00.517 INFO [main] org.apache.catalina.startup.VersionLoggerListener.log Java Home:             /usr/lib/jvm/java-11-openjdk-amd64
17-Feb-2025 00:19:00.517 INFO [main] org.apache.catalina.startup.VersionLoggerListener.log JVM Version:           11.0.26+4-post-Ubuntu-1ubuntu122.04
17-Feb-2025 00:19:00.517 INFO [main] org.apache.catalina.startup.VersionLoggerListener.log JVM Vendor:            Ubuntu
17-Feb-2025 00:19:00.517 INFO [main] org.apache.catalina.startup.VersionLoggerListener.log CATALINA_BASE:         /home/alumne/proj/FIB-PTI/servlets/apache-tomcat-10.0.10
17-Feb-2025 00:19:00.517 INFO [main] org.apache.catalina.startup.VersionLoggerListener.log CATALINA_HOME:         /home/alumne/proj/FIB-PTI/servlets/apache-tomcat-10.0.10
17-Feb-2025 00:19:00.587 INFO [main] org.apache.catalina.startup.VersionLoggerListener.log Command line argument: --add-opens=java.base/java.lang=ALL-UNNAMED
17-Feb-2025 00:19:00.588 INFO [main] org.apache.catalina.startup.VersionLoggerListener.log Command line argument: --add-opens=java.base/java.io=ALL-UNNAMED
17-Feb-2025 00:19:00.588 INFO [main] org.apache.catalina.startup.VersionLoggerListener.log Command line argument: --add-opens=java.base/java.util=ALL-UNNAMED
17-Feb-2025 00:19:00.589 INFO [main] org.apache.catalina.startup.VersionLoggerListener.log Command line argument: --add-opens=java.base/java.util.concurrent=ALL-UNNAMED
17-Feb-2025 00:19:00.589 INFO [main] org.apache.catalina.startup.VersionLoggerListener.log Command line argument: --add-opens=java.rmi/sun.rmi.transport=ALL-UNNAMED
17-Feb-2025 00:19:00.591 INFO [main] org.apache.catalina.startup.VersionLoggerListener.log Command line argument: -Djava.util.logging.config.file=/home/alumne/proj/FIB-PTI/servlets/apache-tomcat-10.0.10/conf/logging.properties
17-Feb-2025 00:19:00.592 INFO [main] org.apache.catalina.startup.VersionLoggerListener.log Command line argument: -Djava.util.logging.manager=org.apache.juli.ClassLoaderLogManager
17-Feb-2025 00:19:00.593 INFO [main] org.apache.catalina.startup.VersionLoggerListener.log Command line argument: -Djdk.tls.ephemeralDHKeySize=2048
17-Feb-2025 00:19:00.594 INFO [main] org.apache.catalina.startup.VersionLoggerListener.log Command line argument: -Djava.protocol.handler.pkgs=org.apache.catalina.webresources
17-Feb-2025 00:19:00.594 INFO [main] org.apache.catalina.startup.VersionLoggerListener.log Command line argument: -Dorg.apache.catalina.security.SecurityListener.UMASK=0027
17-Feb-2025 00:19:00.594 INFO [main] org.apache.catalina.startup.VersionLoggerListener.log Command line argument: -Dignore.endorsed.dirs=
17-Feb-2025 00:19:00.595 INFO [main] org.apache.catalina.startup.VersionLoggerListener.log Command line argument: -Dcatalina.base=/home/alumne/proj/FIB-PTI/servlets/apache-tomcat-10.0.10
17-Feb-2025 00:19:00.595 INFO [main] org.apache.catalina.startup.VersionLoggerListener.log Command line argument: -Dcatalina.home=/home/alumne/proj/FIB-PTI/servlets/apache-tomcat-10.0.10
17-Feb-2025 00:19:00.595 INFO [main] org.apache.catalina.startup.VersionLoggerListener.log Command line argument: -Djava.io.tmpdir=/home/alumne/proj/FIB-PTI/servlets/apache-tomcat-10.0.10/temp
17-Feb-2025 00:19:00.597 INFO [main] org.apache.catalina.core.AprLifecycleListener.lifecycleEvent The Apache Tomcat Native library which allows using OpenSSL was not found on the java.library.path: [/home/alumne/catkin_ws/devel/lib:/opt/ros/noetic/lib:/tmp/.mount_cursor8aCjg4/usr/lib:/usr/java/packages/lib:/usr/lib/x86_64-linux-gnu/jni:/lib/x86_64-linux-gnu:/usr/lib/x86_64-linux-gnu:/usr/lib/jni:/lib:/usr/lib]
17-Feb-2025 00:19:01.187 INFO [main] org.apache.coyote.AbstractProtocol.init Initializing ProtocolHandler ["http-nio-8080"]
17-Feb-2025 00:19:01.220 INFO [main] org.apache.catalina.startup.Catalina.load Server initialization in [964] milliseconds
17-Feb-2025 00:19:01.386 INFO [main] org.apache.catalina.core.StandardService.startInternal Starting service [Catalina]
17-Feb-2025 00:19:01.386 INFO [main] org.apache.catalina.core.StandardEngine.startInternal Starting Servlet engine: [Apache Tomcat/10.0.10]
17-Feb-2025 00:19:01.401 INFO [main] org.apache.catalina.startup.HostConfig.deployDirectory Deploying web application directory [/home/alumne/proj/FIB-PTI/servlets/apache-tomcat-10.0.10/webapps/host-manager]
17-Feb-2025 00:19:01.745 INFO [main] org.apache.jasper.servlet.TldScanner.scanJars At least one JAR was scanned for TLDs yet contained no TLDs. Enable debug logging for this logger for a complete list of JARs that were scanned but no TLDs were found in them. Skipping unneeded JARs during scanning can improve startup time and JSP compilation time.
17-Feb-2025 00:19:01.805 INFO [main] org.apache.catalina.startup.HostConfig.deployDirectory Deployment of web application directory [/home/alumne/proj/FIB-PTI/servlets/apache-tomcat-10.0.10/webapps/host-manager] has finished in [403] ms
17-Feb-2025 00:19:01.805 INFO [main] org.apache.catalina.startup.HostConfig.deployDirectory Deploying web application directory [/home/alumne/proj/FIB-PTI/servlets/apache-tomcat-10.0.10/webapps/ROOT]
17-Feb-2025 00:19:01.823 INFO [main] org.apache.jasper.servlet.TldScanner.scanJars At least one JAR was scanned for TLDs yet contained no TLDs. Enable debug logging for this logger for a complete list of JARs that were scanned but no TLDs were found in them. Skipping unneeded JARs during scanning can improve startup time and JSP compilation time.
17-Feb-2025 00:19:01.824 INFO [main] org.apache.catalina.startup.HostConfig.deployDirectory Deployment of web application directory [/home/alumne/proj/FIB-PTI/servlets/apache-tomcat-10.0.10/webapps/ROOT] has finished in [19] ms
17-Feb-2025 00:19:01.825 INFO [main] org.apache.catalina.startup.HostConfig.deployDirectory Deploying web application directory [/home/alumne/proj/FIB-PTI/servlets/apache-tomcat-10.0.10/webapps/my_webapp]
17-Feb-2025 00:19:01.858 INFO [main] org.apache.jasper.servlet.TldScanner.scanJars At least one JAR was scanned for TLDs yet contained no TLDs. Enable debug logging for this logger for a complete list of JARs that were scanned but no TLDs were found in them. Skipping unneeded JARs during scanning can improve startup time and JSP compilation time.
17-Feb-2025 00:19:01.865 INFO [main] org.apache.catalina.startup.HostConfig.deployDirectory Deployment of web application directory [/home/alumne/proj/FIB-PTI/servlets/apache-tomcat-10.0.10/webapps/my_webapp] has finished in [41] ms
17-Feb-2025 00:19:01.866 INFO [main] org.apache.catalina.startup.HostConfig.deployDirectory Deploying web application directory [/home/alumne/proj/FIB-PTI/servlets/apache-tomcat-10.0.10/webapps/manager]
17-Feb-2025 00:19:01.887 INFO [main] org.apache.jasper.servlet.TldScanner.scanJars At least one JAR was scanned for TLDs yet contained no TLDs. Enable debug logging for this logger for a complete list of JARs that were scanned but no TLDs were found in them. Skipping unneeded JARs during scanning can improve startup time and JSP compilation time.
17-Feb-2025 00:19:01.889 INFO [main] org.apache.catalina.startup.HostConfig.deployDirectory Deployment of web application directory [/home/alumne/proj/FIB-PTI/servlets/apache-tomcat-10.0.10/webapps/manager] has finished in [23] ms
17-Feb-2025 00:19:01.890 INFO [main] org.apache.catalina.startup.HostConfig.deployDirectory Deploying web application directory [/home/alumne/proj/FIB-PTI/servlets/apache-tomcat-10.0.10/webapps/docs]
17-Feb-2025 00:19:01.906 INFO [main] org.apache.jasper.servlet.TldScanner.scanJars At least one JAR was scanned for TLDs yet contained no TLDs. Enable debug logging for this logger for a complete list of JARs that were scanned but no TLDs were found in them. Skipping unneeded JARs during scanning can improve startup time and JSP compilation time.
17-Feb-2025 00:19:01.907 INFO [main] org.apache.catalina.startup.HostConfig.deployDirectory Deployment of web application directory [/home/alumne/proj/FIB-PTI/servlets/apache-tomcat-10.0.10/webapps/docs] has finished in [17] ms
17-Feb-2025 00:19:01.907 INFO [main] org.apache.catalina.startup.HostConfig.deployDirectory Deploying web application directory [/home/alumne/proj/FIB-PTI/servlets/apache-tomcat-10.0.10/webapps/examples]
17-Feb-2025 00:19:02.172 INFO [main] org.apache.jasper.servlet.TldScanner.scanJars At least one JAR was scanned for TLDs yet contained no TLDs. Enable debug logging for this logger for a complete list of JARs that were scanned but no TLDs were found in them. Skipping unneeded JARs during scanning can improve startup time and JSP compilation time.
17-Feb-2025 00:19:02.183 INFO [main] org.apache.catalina.startup.HostConfig.deployDirectory Deployment of web application directory [/home/alumne/proj/FIB-PTI/servlets/apache-tomcat-10.0.10/webapps/examples] has finished in [276] ms
17-Feb-2025 00:19:02.187 INFO [main] org.apache.coyote.AbstractProtocol.start Starting ProtocolHandler ["http-nio-8080"]
17-Feb-2025 00:19:02.219 INFO [main] org.apache.catalina.startup.Catalina.start Server startup in [996] milliseconds
17-Feb-2025 00:20:27.929 INFO [main] org.apache.catalina.core.StandardServer.await A valid shutdown command was received via the shutdown port. Stopping the Server instance.
17-Feb-2025 00:20:27.931 INFO [main] org.apache.coyote.AbstractProtocol.pause Pausing ProtocolHandler ["http-nio-8080"]
17-Feb-2025 00:20:27.951 INFO [main] org.apache.catalina.core.StandardService.stopInternal Stopping service [Catalina]
17-Feb-2025 00:20:27.970 WARNING [main] org.apache.catalina.loader.WebappClassLoaderBase.clearReferencesObjectStreamClassCaches Failed to clear soft references from ObjectStreamClass$Caches for web application [ROOT]
	java.lang.ClassCastException: class java.io.ObjectStreamClass$Caches$1 cannot be cast to class java.util.Map (java.io.ObjectStreamClass$Caches$1 and java.util.Map are in module java.base of loader 'bootstrap')
		at org.apache.catalina.loader.WebappClassLoaderBase.clearCache(WebappClassLoaderBase.java:2363)
		at org.apache.catalina.loader.WebappClassLoaderBase.clearReferencesObjectStreamClassCaches(WebappClassLoaderBase.java:2338)
		at org.apache.catalina.loader.WebappClassLoaderBase.clearReferences(WebappClassLoaderBase.java:1706)
		at org.apache.catalina.loader.WebappClassLoaderBase.stop(WebappClassLoaderBase.java:1634)
		at org.apache.catalina.loader.WebappLoader.stopInternal(WebappLoader.java:429)
		at org.apache.catalina.util.LifecycleBase.stop(LifecycleBase.java:257)
		at org.apache.catalina.core.StandardContext.stopInternal(StandardContext.java:5464)
		at org.apache.catalina.util.LifecycleBase.stop(LifecycleBase.java:257)
		at org.apache.catalina.core.ContainerBase$StopChild.call(ContainerBase.java:1412)
		at org.apache.catalina.core.ContainerBase$StopChild.call(ContainerBase.java:1401)
		at java.base/java.util.concurrent.FutureTask.run(FutureTask.java:264)
		at org.apache.tomcat.util.threads.InlineExecutorService.execute(InlineExecutorService.java:75)
		at java.base/java.util.concurrent.AbstractExecutorService.submit(AbstractExecutorService.java:140)
		at org.apache.catalina.core.ContainerBase.stopInternal(ContainerBase.java:986)
		at org.apache.catalina.util.LifecycleBase.stop(LifecycleBase.java:257)
		at org.apache.catalina.core.ContainerBase$StopChild.call(ContainerBase.java:1412)
		at org.apache.catalina.core.ContainerBase$StopChild.call(ContainerBase.java:1401)
		at java.base/java.util.concurrent.FutureTask.run(FutureTask.java:264)
		at org.apache.tomcat.util.threads.InlineExecutorService.execute(InlineExecutorService.java:75)
		at java.base/java.util.concurrent.AbstractExecutorService.submit(AbstractExecutorService.java:140)
		at org.apache.catalina.core.ContainerBase.stopInternal(ContainerBase.java:986)
		at org.apache.catalina.util.LifecycleBase.stop(LifecycleBase.java:257)
		at org.apache.catalina.core.StandardService.stopInternal(StandardService.java:497)
		at org.apache.catalina.util.LifecycleBase.stop(LifecycleBase.java:257)
		at org.apache.catalina.core.StandardServer.stopInternal(StandardServer.java:979)
		at org.apache.catalina.util.LifecycleBase.stop(LifecycleBase.java:257)
		at org.apache.catalina.startup.Catalina.stop(Catalina.java:872)
		at org.apache.catalina.startup.Catalina.start(Catalina.java:834)
		at java.base/jdk.internal.reflect.NativeMethodAccessorImpl.invoke0(Native Method)
		at java.base/jdk.internal.reflect.NativeMethodAccessorImpl.invoke(NativeMethodAccessorImpl.java:62)
		at java.base/jdk.internal.reflect.DelegatingMethodAccessorImpl.invoke(DelegatingMethodAccessorImpl.java:43)
		at java.base/java.lang.reflect.Method.invoke(Method.java:566)
		at org.apache.catalina.startup.Bootstrap.start(Bootstrap.java:345)
		at org.apache.catalina.startup.Bootstrap.main(Bootstrap.java:476)
17-Feb-2025 00:20:28.009 WARNING [main] org.apache.catalina.loader.WebappClassLoaderBase.clearReferencesObjectStreamClassCaches Failed to clear soft references from ObjectStreamClass$Caches for web application [examples]
	java.lang.ClassCastException: class java.io.ObjectStreamClass$Caches$1 cannot be cast to class java.util.Map (java.io.ObjectStreamClass$Caches$1 and java.util.Map are in module java.base of loader 'bootstrap')
		at org.apache.catalina.loader.WebappClassLoaderBase.clearCache(WebappClassLoaderBase.java:2363)
		at org.apache.catalina.loader.WebappClassLoaderBase.clearReferencesObjectStreamClassCaches(WebappClassLoaderBase.java:2338)
		at org.apache.catalina.loader.WebappClassLoaderBase.clearReferences(WebappClassLoaderBase.java:1706)
		at org.apache.catalina.loader.WebappClassLoaderBase.stop(WebappClassLoaderBase.java:1634)
		at org.apache.catalina.loader.WebappLoader.stopInternal(WebappLoader.java:429)
		at org.apache.catalina.util.LifecycleBase.stop(LifecycleBase.java:257)
		at org.apache.catalina.core.StandardContext.stopInternal(StandardContext.java:5464)
		at org.apache.catalina.util.LifecycleBase.stop(LifecycleBase.java:257)
		at org.apache.catalina.core.ContainerBase$StopChild.call(ContainerBase.java:1412)
		at org.apache.catalina.core.ContainerBase$StopChild.call(ContainerBase.java:1401)
		at java.base/java.util.concurrent.FutureTask.run(FutureTask.java:264)
		at org.apache.tomcat.util.threads.InlineExecutorService.execute(InlineExecutorService.java:75)
		at java.base/java.util.concurrent.AbstractExecutorService.submit(AbstractExecutorService.java:140)
		at org.apache.catalina.core.ContainerBase.stopInternal(ContainerBase.java:986)
		at org.apache.catalina.util.LifecycleBase.stop(LifecycleBase.java:257)
		at org.apache.catalina.core.ContainerBase$StopChild.call(ContainerBase.java:1412)
		at org.apache.catalina.core.ContainerBase$StopChild.call(ContainerBase.java:1401)
		at java.base/java.util.concurrent.FutureTask.run(FutureTask.java:264)
		at org.apache.tomcat.util.threads.InlineExecutorService.execute(InlineExecutorService.java:75)
		at java.base/java.util.concurrent.AbstractExecutorService.submit(AbstractExecutorService.java:140)
		at org.apache.catalina.core.ContainerBase.stopInternal(ContainerBase.java:986)
		at org.apache.catalina.util.LifecycleBase.stop(LifecycleBase.java:257)
		at org.apache.catalina.core.StandardService.stopInternal(StandardService.java:497)
		at org.apache.catalina.util.LifecycleBase.stop(LifecycleBase.java:257)
		at org.apache.catalina.core.StandardServer.stopInternal(StandardServer.java:979)
		at org.apache.catalina.util.LifecycleBase.stop(LifecycleBase.java:257)
		at org.apache.catalina.startup.Catalina.stop(Catalina.java:872)
		at org.apache.catalina.startup.Catalina.start(Catalina.java:834)
		at java.base/jdk.internal.reflect.NativeMethodAccessorImpl.invoke0(Native Method)
		at java.base/jdk.internal.reflect.NativeMethodAccessorImpl.invoke(NativeMethodAccessorImpl.java:62)
		at java.base/jdk.internal.reflect.DelegatingMethodAccessorImpl.invoke(DelegatingMethodAccessorImpl.java:43)
		at java.base/java.lang.reflect.Method.invoke(Method.java:566)
		at org.apache.catalina.startup.Bootstrap.start(Bootstrap.java:345)
		at org.apache.catalina.startup.Bootstrap.main(Bootstrap.java:476)
17-Feb-2025 00:20:28.023 WARNING [main] org.apache.catalina.loader.WebappClassLoaderBase.clearReferencesObjectStreamClassCaches Failed to clear soft references from ObjectStreamClass$Caches for web application [host-manager]
	java.lang.ClassCastException: class java.io.ObjectStreamClass$Caches$1 cannot be cast to class java.util.Map (java.io.ObjectStreamClass$Caches$1 and java.util.Map are in module java.base of loader 'bootstrap')
		at org.apache.catalina.loader.WebappClassLoaderBase.clearCache(WebappClassLoaderBase.java:2363)
		at org.apache.catalina.loader.WebappClassLoaderBase.clearReferencesObjectStreamClassCaches(WebappClassLoaderBase.java:2338)
		at org.apache.catalina.loader.WebappClassLoaderBase.clearReferences(WebappClassLoaderBase.java:1706)
		at org.apache.catalina.loader.WebappClassLoaderBase.stop(WebappClassLoaderBase.java:1634)
		at org.apache.catalina.loader.WebappLoader.stopInternal(WebappLoader.java:429)
		at org.apache.catalina.util.LifecycleBase.stop(LifecycleBase.java:257)
		at org.apache.catalina.core.StandardContext.stopInternal(StandardContext.java:5464)
		at org.apache.catalina.util.LifecycleBase.stop(LifecycleBase.java:257)
		at org.apache.catalina.core.ContainerBase$StopChild.call(ContainerBase.java:1412)
		at org.apache.catalina.core.ContainerBase$StopChild.call(ContainerBase.java:1401)
		at java.base/java.util.concurrent.FutureTask.run(FutureTask.java:264)
		at org.apache.tomcat.util.threads.InlineExecutorService.execute(InlineExecutorService.java:75)
		at java.base/java.util.concurrent.AbstractExecutorService.submit(AbstractExecutorService.java:140)
		at org.apache.catalina.core.ContainerBase.stopInternal(ContainerBase.java:986)
		at org.apache.catalina.util.LifecycleBase.stop(LifecycleBase.java:257)
		at org.apache.catalina.core.ContainerBase$StopChild.call(ContainerBase.java:1412)
		at org.apache.catalina.core.ContainerBase$StopChild.call(ContainerBase.java:1401)
		at java.base/java.util.concurrent.FutureTask.run(FutureTask.java:264)
		at org.apache.tomcat.util.threads.InlineExecutorService.execute(InlineExecutorService.java:75)
		at java.base/java.util.concurrent.AbstractExecutorService.submit(AbstractExecutorService.java:140)
		at org.apache.catalina.core.ContainerBase.stopInternal(ContainerBase.java:986)
		at org.apache.catalina.util.LifecycleBase.stop(LifecycleBase.java:257)
		at org.apache.catalina.core.StandardService.stopInternal(StandardService.java:497)
		at org.apache.catalina.util.LifecycleBase.stop(LifecycleBase.java:257)
		at org.apache.catalina.core.StandardServer.stopInternal(StandardServer.java:979)
		at org.apache.catalina.util.LifecycleBase.stop(LifecycleBase.java:257)
		at org.apache.catalina.startup.Catalina.stop(Catalina.java:872)
		at org.apache.catalina.startup.Catalina.start(Catalina.java:834)
		at java.base/jdk.internal.reflect.NativeMethodAccessorImpl.invoke0(Native Method)
		at java.base/jdk.internal.reflect.NativeMethodAccessorImpl.invoke(NativeMethodAccessorImpl.java:62)
		at java.base/jdk.internal.reflect.DelegatingMethodAccessorImpl.invoke(DelegatingMethodAccessorImpl.java:43)
		at java.base/java.lang.reflect.Method.invoke(Method.java:566)
		at org.apache.catalina.startup.Bootstrap.start(Bootstrap.java:345)
		at org.apache.catalina.startup.Bootstrap.main(Bootstrap.java:476)
17-Feb-2025 00:20:28.028 WARNING [main] org.apache.catalina.loader.WebappClassLoaderBase.clearReferencesObjectStreamClassCaches Failed to clear soft references from ObjectStreamClass$Caches for web application [my_webapp]
	java.lang.ClassCastException: class java.io.ObjectStreamClass$Caches$1 cannot be cast to class java.util.Map (java.io.ObjectStreamClass$Caches$1 and java.util.Map are in module java.base of loader 'bootstrap')
		at org.apache.catalina.loader.WebappClassLoaderBase.clearCache(WebappClassLoaderBase.java:2363)
		at org.apache.catalina.loader.WebappClassLoaderBase.clearReferencesObjectStreamClassCaches(WebappClassLoaderBase.java:2338)
		at org.apache.catalina.loader.WebappClassLoaderBase.clearReferences(WebappClassLoaderBase.java:1706)
		at org.apache.catalina.loader.WebappClassLoaderBase.stop(WebappClassLoaderBase.java:1634)
		at org.apache.catalina.loader.WebappLoader.stopInternal(WebappLoader.java:429)
		at org.apache.catalina.util.LifecycleBase.stop(LifecycleBase.java:257)
		at org.apache.catalina.core.StandardContext.stopInternal(StandardContext.java:5464)
		at org.apache.catalina.util.LifecycleBase.stop(LifecycleBase.java:257)
		at org.apache.catalina.core.ContainerBase$StopChild.call(ContainerBase.java:1412)
		at org.apache.catalina.core.ContainerBase$StopChild.call(ContainerBase.java:1401)
		at java.base/java.util.concurrent.FutureTask.run(FutureTask.java:264)
		at org.apache.tomcat.util.threads.InlineExecutorService.execute(InlineExecutorService.java:75)
		at java.base/java.util.concurrent.AbstractExecutorService.submit(AbstractExecutorService.java:140)
		at org.apache.catalina.core.ContainerBase.stopInternal(ContainerBase.java:986)
		at org.apache.catalina.util.LifecycleBase.stop(LifecycleBase.java:257)
		at org.apache.catalina.core.ContainerBase$StopChild.call(ContainerBase.java:1412)
		at org.apache.catalina.core.ContainerBase$StopChild.call(ContainerBase.java:1401)
		at java.base/java.util.concurrent.FutureTask.run(FutureTask.java:264)
		at org.apache.tomcat.util.threads.InlineExecutorService.execute(InlineExecutorService.java:75)
		at java.base/java.util.concurrent.AbstractExecutorService.submit(AbstractExecutorService.java:140)
		at org.apache.catalina.core.ContainerBase.stopInternal(ContainerBase.java:986)
		at org.apache.catalina.util.LifecycleBase.stop(LifecycleBase.java:257)
		at org.apache.catalina.core.StandardService.stopInternal(StandardService.java:497)
		at org.apache.catalina.util.LifecycleBase.stop(LifecycleBase.java:257)
		at org.apache.catalina.core.StandardServer.stopInternal(StandardServer.java:979)
		at org.apache.catalina.util.LifecycleBase.stop(LifecycleBase.java:257)
		at org.apache.catalina.startup.Catalina.stop(Catalina.java:872)
		at org.apache.catalina.startup.Catalina.start(Catalina.java:834)
		at java.base/jdk.internal.reflect.NativeMethodAccessorImpl.invoke0(Native Method)
		at java.base/jdk.internal.reflect.NativeMethodAccessorImpl.invoke(NativeMethodAccessorImpl.java:62)
		at java.base/jdk.internal.reflect.DelegatingMethodAccessorImpl.invoke(DelegatingMethodAccessorImpl.java:43)
		at java.base/java.lang.reflect.Method.invoke(Method.java:566)
		at org.apache.catalina.startup.Bootstrap.start(Bootstrap.java:345)
		at org.apache.catalina.startup.Bootstrap.main(Bootstrap.java:476)
17-Feb-2025 00:20:28.037 WARNING [main] org.apache.catalina.loader.WebappClassLoaderBase.clearReferencesObjectStreamClassCaches Failed to clear soft references from ObjectStreamClass$Caches for web application [manager]
	java.lang.ClassCastException: class java.io.ObjectStreamClass$Caches$1 cannot be cast to class java.util.Map (java.io.ObjectStreamClass$Caches$1 and java.util.Map are in module java.base of loader 'bootstrap')
		at org.apache.catalina.loader.WebappClassLoaderBase.clearCache(WebappClassLoaderBase.java:2363)
		at org.apache.catalina.loader.WebappClassLoaderBase.clearReferencesObjectStreamClassCaches(WebappClassLoaderBase.java:2338)
		at org.apache.catalina.loader.WebappClassLoaderBase.clearReferences(WebappClassLoaderBase.java:1706)
		at org.apache.catalina.loader.WebappClassLoaderBase.stop(WebappClassLoaderBase.java:1634)
		at org.apache.catalina.loader.WebappLoader.stopInternal(WebappLoader.java:429)
		at org.apache.catalina.util.LifecycleBase.stop(LifecycleBase.java:257)
		at org.apache.catalina.core.StandardContext.stopInternal(StandardContext.java:5464)
		at org.apache.catalina.util.LifecycleBase.stop(LifecycleBase.java:257)
		at org.apache.catalina.core.ContainerBase$StopChild.call(ContainerBase.java:1412)
		at org.apache.catalina.core.ContainerBase$StopChild.call(ContainerBase.java:1401)
		at java.base/java.util.concurrent.FutureTask.run(FutureTask.java:264)
		at org.apache.tomcat.util.threads.InlineExecutorService.execute(InlineExecutorService.java:75)
		at java.base/java.util.concurrent.AbstractExecutorService.submit(AbstractExecutorService.java:140)
		at org.apache.catalina.core.ContainerBase.stopInternal(ContainerBase.java:986)
		at org.apache.catalina.util.LifecycleBase.stop(LifecycleBase.java:257)
		at org.apache.catalina.core.ContainerBase$StopChild.call(ContainerBase.java:1412)
		at org.apache.catalina.core.ContainerBase$StopChild.call(ContainerBase.java:1401)
		at java.base/java.util.concurrent.FutureTask.run(FutureTask.java:264)
		at org.apache.tomcat.util.threads.InlineExecutorService.execute(InlineExecutorService.java:75)
		at java.base/java.util.concurrent.AbstractExecutorService.submit(AbstractExecutorService.java:140)
		at org.apache.catalina.core.ContainerBase.stopInternal(ContainerBase.java:986)
		at org.apache.catalina.util.LifecycleBase.stop(LifecycleBase.java:257)
		at org.apache.catalina.core.StandardService.stopInternal(StandardService.java:497)
		at org.apache.catalina.util.LifecycleBase.stop(LifecycleBase.java:257)
		at org.apache.catalina.core.StandardServer.stopInternal(StandardServer.java:979)
		at org.apache.catalina.util.LifecycleBase.stop(LifecycleBase.java:257)
		at org.apache.catalina.startup.Catalina.stop(Catalina.java:872)
		at org.apache.catalina.startup.Catalina.start(Catalina.java:834)
		at java.base/jdk.internal.reflect.NativeMethodAccessorImpl.invoke0(Native Method)
		at java.base/jdk.internal.reflect.NativeMethodAccessorImpl.invoke(NativeMethodAccessorImpl.java:62)
		at java.base/jdk.internal.reflect.DelegatingMethodAccessorImpl.invoke(DelegatingMethodAccessorImpl.java:43)
		at java.base/java.lang.reflect.Method.invoke(Method.java:566)
		at org.apache.catalina.startup.Bootstrap.start(Bootstrap.java:345)
		at org.apache.catalina.startup.Bootstrap.main(Bootstrap.java:476)
17-Feb-2025 00:20:28.070 WARNING [main] org.apache.catalina.loader.WebappClassLoaderBase.clearReferencesObjectStreamClassCaches Failed to clear soft references from ObjectStreamClass$Caches for web application [docs]
	java.lang.ClassCastException: class java.io.ObjectStreamClass$Caches$1 cannot be cast to class java.util.Map (java.io.ObjectStreamClass$Caches$1 and java.util.Map are in module java.base of loader 'bootstrap')
		at org.apache.catalina.loader.WebappClassLoaderBase.clearCache(WebappClassLoaderBase.java:2363)
		at org.apache.catalina.loader.WebappClassLoaderBase.clearReferencesObjectStreamClassCaches(WebappClassLoaderBase.java:2338)
		at org.apache.catalina.loader.WebappClassLoaderBase.clearReferences(WebappClassLoaderBase.java:1706)
		at org.apache.catalina.loader.WebappClassLoaderBase.stop(WebappClassLoaderBase.java:1634)
		at org.apache.catalina.loader.WebappLoader.stopInternal(WebappLoader.java:429)
		at org.apache.catalina.util.LifecycleBase.stop(LifecycleBase.java:257)
		at org.apache.catalina.core.StandardContext.stopInternal(StandardContext.java:5464)
		at org.apache.catalina.util.LifecycleBase.stop(LifecycleBase.java:257)
		at org.apache.catalina.core.ContainerBase$StopChild.call(ContainerBase.java:1412)
		at org.apache.catalina.core.ContainerBase$StopChild.call(ContainerBase.java:1401)
		at java.base/java.util.concurrent.FutureTask.run(FutureTask.java:264)
		at org.apache.tomcat.util.threads.InlineExecutorService.execute(InlineExecutorService.java:75)
		at java.base/java.util.concurrent.AbstractExecutorService.submit(AbstractExecutorService.java:140)
		at org.apache.catalina.core.ContainerBase.stopInternal(ContainerBase.java:986)
		at org.apache.catalina.util.LifecycleBase.stop(LifecycleBase.java:257)
		at org.apache.catalina.core.ContainerBase$StopChild.call(ContainerBase.java:1412)
		at org.apache.catalina.core.ContainerBase$StopChild.call(ContainerBase.java:1401)
		at java.base/java.util.concurrent.FutureTask.run(FutureTask.java:264)
		at org.apache.tomcat.util.threads.InlineExecutorService.execute(InlineExecutorService.java:75)
		at java.base/java.util.concurrent.AbstractExecutorService.submit(AbstractExecutorService.java:140)
		at org.apache.catalina.core.ContainerBase.stopInternal(ContainerBase.java:986)
		at org.apache.catalina.util.LifecycleBase.stop(LifecycleBase.java:257)
		at org.apache.catalina.core.StandardService.stopInternal(StandardService.java:497)
		at org.apache.catalina.util.LifecycleBase.stop(LifecycleBase.java:257)
		at org.apache.catalina.core.StandardServer.stopInternal(StandardServer.java:979)
		at org.apache.catalina.util.LifecycleBase.stop(LifecycleBase.java:257)
		at org.apache.catalina.startup.Catalina.stop(Catalina.java:872)
		at org.apache.catalina.startup.Catalina.start(Catalina.java:834)
		at java.base/jdk.internal.reflect.NativeMethodAccessorImpl.invoke0(Native Method)
		at java.base/jdk.internal.reflect.NativeMethodAccessorImpl.invoke(NativeMethodAccessorImpl.java:62)
		at java.base/jdk.internal.reflect.DelegatingMethodAccessorImpl.invoke(DelegatingMethodAccessorImpl.java:43)
		at java.base/java.lang.reflect.Method.invoke(Method.java:566)
		at org.apache.catalina.startup.Bootstrap.start(Bootstrap.java:345)
		at org.apache.catalina.startup.Bootstrap.main(Bootstrap.java:476)
17-Feb-2025 00:20:28.074 INFO [main] org.apache.coyote.AbstractProtocol.stop Stopping ProtocolHandler ["http-nio-8080"]
17-Feb-2025 00:20:28.118 INFO [main] org.apache.coyote.AbstractProtocol.destroy Destroying ProtocolHandler ["http-nio-8080"]
17-Feb-2025 00:20:28.845 INFO [main] org.apache.catalina.startup.VersionLoggerListener.log Server version name:   Apache Tomcat/10.0.10
17-Feb-2025 00:20:28.849 INFO [main] org.apache.catalina.startup.VersionLoggerListener.log Server built:          Jul 30 2021 09:51:27 UTC
17-Feb-2025 00:20:28.850 INFO [main] org.apache.catalina.startup.VersionLoggerListener.log Server version number: 10.0.10.0
17-Feb-2025 00:20:28.850 INFO [main] org.apache.catalina.startup.VersionLoggerListener.log OS Name:               Linux
17-Feb-2025 00:20:28.850 INFO [main] org.apache.catalina.startup.VersionLoggerListener.log OS Version:            5.15.0-92-generic
17-Feb-2025 00:20:28.850 INFO [main] org.apache.catalina.startup.VersionLoggerListener.log Architecture:          amd64
17-Feb-2025 00:20:28.851 INFO [main] org.apache.catalina.startup.VersionLoggerListener.log Java Home:             /usr/lib/jvm/java-11-openjdk-amd64
17-Feb-2025 00:20:28.851 INFO [main] org.apache.catalina.startup.VersionLoggerListener.log JVM Version:           11.0.26+4-post-Ubuntu-1ubuntu122.04
17-Feb-2025 00:20:28.851 INFO [main] org.apache.catalina.startup.VersionLoggerListener.log JVM Vendor:            Ubuntu
17-Feb-2025 00:20:28.851 INFO [main] org.apache.catalina.startup.VersionLoggerListener.log CATALINA_BASE:         /home/alumne/proj/FIB-PTI/servlets/apache-tomcat-10.0.10
17-Feb-2025 00:20:28.851 INFO [main] org.apache.catalina.startup.VersionLoggerListener.log CATALINA_HOME:         /home/alumne/proj/FIB-PTI/servlets/apache-tomcat-10.0.10
17-Feb-2025 00:20:28.900 INFO [main] org.apache.catalina.startup.VersionLoggerListener.log Command line argument: --add-opens=java.base/java.lang=ALL-UNNAMED
17-Feb-2025 00:20:28.900 INFO [main] org.apache.catalina.startup.VersionLoggerListener.log Command line argument: --add-opens=java.base/java.io=ALL-UNNAMED
17-Feb-2025 00:20:28.901 INFO [main] org.apache.catalina.startup.VersionLoggerListener.log Command line argument: --add-opens=java.base/java.util=ALL-UNNAMED
17-Feb-2025 00:20:28.901 INFO [main] org.apache.catalina.startup.VersionLoggerListener.log Command line argument: --add-opens=java.base/java.util.concurrent=ALL-UNNAMED
17-Feb-2025 00:20:28.903 INFO [main] org.apache.catalina.startup.VersionLoggerListener.log Command line argument: --add-opens=java.rmi/sun.rmi.transport=ALL-UNNAMED
17-Feb-2025 00:20:28.903 INFO [main] org.apache.catalina.startup.VersionLoggerListener.log Command line argument: -Djava.util.logging.config.file=/home/alumne/proj/FIB-PTI/servlets/apache-tomcat-10.0.10/conf/logging.properties
17-Feb-2025 00:20:28.904 INFO [main] org.apache.catalina.startup.VersionLoggerListener.log Command line argument: -Djava.util.logging.manager=org.apache.juli.ClassLoaderLogManager
17-Feb-2025 00:20:28.904 INFO [main] org.apache.catalina.startup.VersionLoggerListener.log Command line argument: -Djdk.tls.ephemeralDHKeySize=2048
17-Feb-2025 00:20:28.904 INFO [main] org.apache.catalina.startup.VersionLoggerListener.log Command line argument: -Djava.protocol.handler.pkgs=org.apache.catalina.webresources
17-Feb-2025 00:20:28.905 INFO [main] org.apache.catalina.startup.VersionLoggerListener.log Command line argument: -Dorg.apache.catalina.security.SecurityListener.UMASK=0027
17-Feb-2025 00:20:28.905 INFO [main] org.apache.catalina.startup.VersionLoggerListener.log Command line argument: -Dignore.endorsed.dirs=
17-Feb-2025 00:20:28.905 INFO [main] org.apache.catalina.startup.VersionLoggerListener.log Command line argument: -Dcatalina.base=/home/alumne/proj/FIB-PTI/servlets/apache-tomcat-10.0.10
17-Feb-2025 00:20:28.905 INFO [main] org.apache.catalina.startup.VersionLoggerListener.log Command line argument: -Dcatalina.home=/home/alumne/proj/FIB-PTI/servlets/apache-tomcat-10.0.10
17-Feb-2025 00:20:28.905 INFO [main] org.apache.catalina.startup.VersionLoggerListener.log Command line argument: -Djava.io.tmpdir=/home/alumne/proj/FIB-PTI/servlets/apache-tomcat-10.0.10/temp
17-Feb-2025 00:20:28.912 INFO [main] org.apache.catalina.core.AprLifecycleListener.lifecycleEvent The Apache Tomcat Native library which allows using OpenSSL was not found on the java.library.path: [/home/alumne/catkin_ws/devel/lib:/opt/ros/noetic/lib:/tmp/.mount_cursor8aCjg4/usr/lib:/usr/java/packages/lib:/usr/lib/x86_64-linux-gnu/jni:/lib/x86_64-linux-gnu:/usr/lib/x86_64-linux-gnu:/usr/lib/jni:/lib:/usr/lib]
17-Feb-2025 00:20:29.186 INFO [main] org.apache.coyote.AbstractProtocol.init Initializing ProtocolHandler ["http-nio-8080"]
17-Feb-2025 00:20:29.211 INFO [main] org.apache.catalina.startup.Catalina.load Server initialization in [707] milliseconds
17-Feb-2025 00:20:29.265 INFO [main] org.apache.catalina.core.StandardService.startInternal Starting service [Catalina]
17-Feb-2025 00:20:29.265 INFO [main] org.apache.catalina.core.StandardEngine.startInternal Starting Servlet engine: [Apache Tomcat/10.0.10]
17-Feb-2025 00:20:29.274 INFO [main] org.apache.catalina.startup.HostConfig.deployDirectory Deploying web application directory [/home/alumne/proj/FIB-PTI/servlets/apache-tomcat-10.0.10/webapps/host-manager]
17-Feb-2025 00:20:29.461 INFO [main] org.apache.jasper.servlet.TldScanner.scanJars At least one JAR was scanned for TLDs yet contained no TLDs. Enable debug logging for this logger for a complete list of JARs that were scanned but no TLDs were found in them. Skipping unneeded JARs during scanning can improve startup time and JSP compilation time.
17-Feb-2025 00:20:29.513 INFO [main] org.apache.catalina.startup.HostConfig.deployDirectory Deployment of web application directory [/home/alumne/proj/FIB-PTI/servlets/apache-tomcat-10.0.10/webapps/host-manager] has finished in [238] ms
17-Feb-2025 00:20:29.513 INFO [main] org.apache.catalina.startup.HostConfig.deployDirectory Deploying web application directory [/home/alumne/proj/FIB-PTI/servlets/apache-tomcat-10.0.10/webapps/ROOT]
17-Feb-2025 00:20:29.529 INFO [main] org.apache.jasper.servlet.TldScanner.scanJars At least one JAR was scanned for TLDs yet contained no TLDs. Enable debug logging for this logger for a complete list of JARs that were scanned but no TLDs were found in them. Skipping unneeded JARs during scanning can improve startup time and JSP compilation time.
17-Feb-2025 00:20:29.530 INFO [main] org.apache.catalina.startup.HostConfig.deployDirectory Deployment of web application directory [/home/alumne/proj/FIB-PTI/servlets/apache-tomcat-10.0.10/webapps/ROOT] has finished in [17] ms
17-Feb-2025 00:20:29.530 INFO [main] org.apache.catalina.startup.HostConfig.deployDirectory Deploying web application directory [/home/alumne/proj/FIB-PTI/servlets/apache-tomcat-10.0.10/webapps/my_webapp]
17-Feb-2025 00:20:29.558 INFO [main] org.apache.jasper.servlet.TldScanner.scanJars At least one JAR was scanned for TLDs yet contained no TLDs. Enable debug logging for this logger for a complete list of JARs that were scanned but no TLDs were found in them. Skipping unneeded JARs during scanning can improve startup time and JSP compilation time.
17-Feb-2025 00:20:29.565 INFO [main] org.apache.catalina.startup.HostConfig.deployDirectory Deployment of web application directory [/home/alumne/proj/FIB-PTI/servlets/apache-tomcat-10.0.10/webapps/my_webapp] has finished in [35] ms
17-Feb-2025 00:20:29.566 INFO [main] org.apache.catalina.startup.HostConfig.deployDirectory Deploying web application directory [/home/alumne/proj/FIB-PTI/servlets/apache-tomcat-10.0.10/webapps/manager]
17-Feb-2025 00:20:29.590 INFO [main] org.apache.jasper.servlet.TldScanner.scanJars At least one JAR was scanned for TLDs yet contained no TLDs. Enable debug logging for this logger for a complete list of JARs that were scanned but no TLDs were found in them. Skipping unneeded JARs during scanning can improve startup time and JSP compilation time.
17-Feb-2025 00:20:29.595 INFO [main] org.apache.catalina.startup.HostConfig.deployDirectory Deployment of web application directory [/home/alumne/proj/FIB-PTI/servlets/apache-tomcat-10.0.10/webapps/manager] has finished in [29] ms
17-Feb-2025 00:20:29.596 INFO [main] org.apache.catalina.startup.HostConfig.deployDirectory Deploying web application directory [/home/alumne/proj/FIB-PTI/servlets/apache-tomcat-10.0.10/webapps/docs]
17-Feb-2025 00:20:29.612 INFO [main] org.apache.jasper.servlet.TldScanner.scanJars At least one JAR was scanned for TLDs yet contained no TLDs. Enable debug logging for this logger for a complete list of JARs that were scanned but no TLDs were found in them. Skipping unneeded JARs during scanning can improve startup time and JSP compilation time.
17-Feb-2025 00:20:29.614 INFO [main] org.apache.catalina.startup.HostConfig.deployDirectory Deployment of web application directory [/home/alumne/proj/FIB-PTI/servlets/apache-tomcat-10.0.10/webapps/docs] has finished in [17] ms
17-Feb-2025 00:20:29.614 INFO [main] org.apache.catalina.startup.HostConfig.deployDirectory Deploying web application directory [/home/alumne/proj/FIB-PTI/servlets/apache-tomcat-10.0.10/webapps/examples]
17-Feb-2025 00:20:29.842 INFO [main] org.apache.jasper.servlet.TldScanner.scanJars At least one JAR was scanned for TLDs yet contained no TLDs. Enable debug logging for this logger for a complete list of JARs that were scanned but no TLDs were found in them. Skipping unneeded JARs during scanning can improve startup time and JSP compilation time.
17-Feb-2025 00:20:29.854 INFO [main] org.apache.catalina.startup.HostConfig.deployDirectory Deployment of web application directory [/home/alumne/proj/FIB-PTI/servlets/apache-tomcat-10.0.10/webapps/examples] has finished in [240] ms
17-Feb-2025 00:20:29.859 INFO [main] org.apache.coyote.AbstractProtocol.start Starting ProtocolHandler ["http-nio-8080"]
17-Feb-2025 00:20:29.868 INFO [main] org.apache.catalina.startup.Catalina.start Server startup in [656] milliseconds
17-Feb-2025 00:23:22.217 INFO [main] org.apache.catalina.core.StandardServer.await A valid shutdown command was received via the shutdown port. Stopping the Server instance.
17-Feb-2025 00:23:22.221 INFO [main] org.apache.coyote.AbstractProtocol.pause Pausing ProtocolHandler ["http-nio-8080"]
17-Feb-2025 00:23:22.228 INFO [main] org.apache.catalina.core.StandardService.stopInternal Stopping service [Catalina]
17-Feb-2025 00:23:22.242 WARNING [main] org.apache.catalina.loader.WebappClassLoaderBase.clearReferencesObjectStreamClassCaches Failed to clear soft references from ObjectStreamClass$Caches for web application [ROOT]
	java.lang.ClassCastException: class java.io.ObjectStreamClass$Caches$1 cannot be cast to class java.util.Map (java.io.ObjectStreamClass$Caches$1 and java.util.Map are in module java.base of loader 'bootstrap')
		at org.apache.catalina.loader.WebappClassLoaderBase.clearCache(WebappClassLoaderBase.java:2363)
		at org.apache.catalina.loader.WebappClassLoaderBase.clearReferencesObjectStreamClassCaches(WebappClassLoaderBase.java:2338)
		at org.apache.catalina.loader.WebappClassLoaderBase.clearReferences(WebappClassLoaderBase.java:1706)
		at org.apache.catalina.loader.WebappClassLoaderBase.stop(WebappClassLoaderBase.java:1634)
		at org.apache.catalina.loader.WebappLoader.stopInternal(WebappLoader.java:429)
		at org.apache.catalina.util.LifecycleBase.stop(LifecycleBase.java:257)
		at org.apache.catalina.core.StandardContext.stopInternal(StandardContext.java:5464)
		at org.apache.catalina.util.LifecycleBase.stop(LifecycleBase.java:257)
		at org.apache.catalina.core.ContainerBase$StopChild.call(ContainerBase.java:1412)
		at org.apache.catalina.core.ContainerBase$StopChild.call(ContainerBase.java:1401)
		at java.base/java.util.concurrent.FutureTask.run(FutureTask.java:264)
		at org.apache.tomcat.util.threads.InlineExecutorService.execute(InlineExecutorService.java:75)
		at java.base/java.util.concurrent.AbstractExecutorService.submit(AbstractExecutorService.java:140)
		at org.apache.catalina.core.ContainerBase.stopInternal(ContainerBase.java:986)
		at org.apache.catalina.util.LifecycleBase.stop(LifecycleBase.java:257)
		at org.apache.catalina.core.ContainerBase$StopChild.call(ContainerBase.java:1412)
		at org.apache.catalina.core.ContainerBase$StopChild.call(ContainerBase.java:1401)
		at java.base/java.util.concurrent.FutureTask.run(FutureTask.java:264)
		at org.apache.tomcat.util.threads.InlineExecutorService.execute(InlineExecutorService.java:75)
		at java.base/java.util.concurrent.AbstractExecutorService.submit(AbstractExecutorService.java:140)
		at org.apache.catalina.core.ContainerBase.stopInternal(ContainerBase.java:986)
		at org.apache.catalina.util.LifecycleBase.stop(LifecycleBase.java:257)
		at org.apache.catalina.core.StandardService.stopInternal(StandardService.java:497)
		at org.apache.catalina.util.LifecycleBase.stop(LifecycleBase.java:257)
		at org.apache.catalina.core.StandardServer.stopInternal(StandardServer.java:979)
		at org.apache.catalina.util.LifecycleBase.stop(LifecycleBase.java:257)
		at org.apache.catalina.startup.Catalina.stop(Catalina.java:872)
		at org.apache.catalina.startup.Catalina.start(Catalina.java:834)
		at java.base/jdk.internal.reflect.NativeMethodAccessorImpl.invoke0(Native Method)
		at java.base/jdk.internal.reflect.NativeMethodAccessorImpl.invoke(NativeMethodAccessorImpl.java:62)
		at java.base/jdk.internal.reflect.DelegatingMethodAccessorImpl.invoke(DelegatingMethodAccessorImpl.java:43)
		at java.base/java.lang.reflect.Method.invoke(Method.java:566)
		at org.apache.catalina.startup.Bootstrap.start(Bootstrap.java:345)
		at org.apache.catalina.startup.Bootstrap.main(Bootstrap.java:476)
17-Feb-2025 00:23:22.256 WARNING [main] org.apache.catalina.loader.WebappClassLoaderBase.clearReferencesObjectStreamClassCaches Failed to clear soft references from ObjectStreamClass$Caches for web application [examples]
	java.lang.ClassCastException: class java.io.ObjectStreamClass$Caches$1 cannot be cast to class java.util.Map (java.io.ObjectStreamClass$Caches$1 and java.util.Map are in module java.base of loader 'bootstrap')
		at org.apache.catalina.loader.WebappClassLoaderBase.clearCache(WebappClassLoaderBase.java:2363)
		at org.apache.catalina.loader.WebappClassLoaderBase.clearReferencesObjectStreamClassCaches(WebappClassLoaderBase.java:2338)
		at org.apache.catalina.loader.WebappClassLoaderBase.clearReferences(WebappClassLoaderBase.java:1706)
		at org.apache.catalina.loader.WebappClassLoaderBase.stop(WebappClassLoaderBase.java:1634)
		at org.apache.catalina.loader.WebappLoader.stopInternal(WebappLoader.java:429)
		at org.apache.catalina.util.LifecycleBase.stop(LifecycleBase.java:257)
		at org.apache.catalina.core.StandardContext.stopInternal(StandardContext.java:5464)
		at org.apache.catalina.util.LifecycleBase.stop(LifecycleBase.java:257)
		at org.apache.catalina.core.ContainerBase$StopChild.call(ContainerBase.java:1412)
		at org.apache.catalina.core.ContainerBase$StopChild.call(ContainerBase.java:1401)
		at java.base/java.util.concurrent.FutureTask.run(FutureTask.java:264)
		at org.apache.tomcat.util.threads.InlineExecutorService.execute(InlineExecutorService.java:75)
		at java.base/java.util.concurrent.AbstractExecutorService.submit(AbstractExecutorService.java:140)
		at org.apache.catalina.core.ContainerBase.stopInternal(ContainerBase.java:986)
		at org.apache.catalina.util.LifecycleBase.stop(LifecycleBase.java:257)
		at org.apache.catalina.core.ContainerBase$StopChild.call(ContainerBase.java:1412)
		at org.apache.catalina.core.ContainerBase$StopChild.call(ContainerBase.java:1401)
		at java.base/java.util.concurrent.FutureTask.run(FutureTask.java:264)
		at org.apache.tomcat.util.threads.InlineExecutorService.execute(InlineExecutorService.java:75)
		at java.base/java.util.concurrent.AbstractExecutorService.submit(AbstractExecutorService.java:140)
		at org.apache.catalina.core.ContainerBase.stopInternal(ContainerBase.java:986)
		at org.apache.catalina.util.LifecycleBase.stop(LifecycleBase.java:257)
		at org.apache.catalina.core.StandardService.stopInternal(StandardService.java:497)
		at org.apache.catalina.util.LifecycleBase.stop(LifecycleBase.java:257)
		at org.apache.catalina.core.StandardServer.stopInternal(StandardServer.java:979)
		at org.apache.catalina.util.LifecycleBase.stop(LifecycleBase.java:257)
		at org.apache.catalina.startup.Catalina.stop(Catalina.java:872)
		at org.apache.catalina.startup.Catalina.start(Catalina.java:834)
		at java.base/jdk.internal.reflect.NativeMethodAccessorImpl.invoke0(Native Method)
		at java.base/jdk.internal.reflect.NativeMethodAccessorImpl.invoke(NativeMethodAccessorImpl.java:62)
		at java.base/jdk.internal.reflect.DelegatingMethodAccessorImpl.invoke(DelegatingMethodAccessorImpl.java:43)
		at java.base/java.lang.reflect.Method.invoke(Method.java:566)
		at org.apache.catalina.startup.Bootstrap.start(Bootstrap.java:345)
		at org.apache.catalina.startup.Bootstrap.main(Bootstrap.java:476)
17-Feb-2025 00:23:22.259 WARNING [main] org.apache.catalina.loader.WebappClassLoaderBase.clearReferencesObjectStreamClassCaches Failed to clear soft references from ObjectStreamClass$Caches for web application [host-manager]
	java.lang.ClassCastException: class java.io.ObjectStreamClass$Caches$1 cannot be cast to class java.util.Map (java.io.ObjectStreamClass$Caches$1 and java.util.Map are in module java.base of loader 'bootstrap')
		at org.apache.catalina.loader.WebappClassLoaderBase.clearCache(WebappClassLoaderBase.java:2363)
		at org.apache.catalina.loader.WebappClassLoaderBase.clearReferencesObjectStreamClassCaches(WebappClassLoaderBase.java:2338)
		at org.apache.catalina.loader.WebappClassLoaderBase.clearReferences(WebappClassLoaderBase.java:1706)
		at org.apache.catalina.loader.WebappClassLoaderBase.stop(WebappClassLoaderBase.java:1634)
		at org.apache.catalina.loader.WebappLoader.stopInternal(WebappLoader.java:429)
		at org.apache.catalina.util.LifecycleBase.stop(LifecycleBase.java:257)
		at org.apache.catalina.core.StandardContext.stopInternal(StandardContext.java:5464)
		at org.apache.catalina.util.LifecycleBase.stop(LifecycleBase.java:257)
		at org.apache.catalina.core.ContainerBase$StopChild.call(ContainerBase.java:1412)
		at org.apache.catalina.core.ContainerBase$StopChild.call(ContainerBase.java:1401)
		at java.base/java.util.concurrent.FutureTask.run(FutureTask.java:264)
		at org.apache.tomcat.util.threads.InlineExecutorService.execute(InlineExecutorService.java:75)
		at java.base/java.util.concurrent.AbstractExecutorService.submit(AbstractExecutorService.java:140)
		at org.apache.catalina.core.ContainerBase.stopInternal(ContainerBase.java:986)
		at org.apache.catalina.util.LifecycleBase.stop(LifecycleBase.java:257)
		at org.apache.catalina.core.ContainerBase$StopChild.call(ContainerBase.java:1412)
		at org.apache.catalina.core.ContainerBase$StopChild.call(ContainerBase.java:1401)
		at java.base/java.util.concurrent.FutureTask.run(FutureTask.java:264)
		at org.apache.tomcat.util.threads.InlineExecutorService.execute(InlineExecutorService.java:75)
		at java.base/java.util.concurrent.AbstractExecutorService.submit(AbstractExecutorService.java:140)
		at org.apache.catalina.core.ContainerBase.stopInternal(ContainerBase.java:986)
		at org.apache.catalina.util.LifecycleBase.stop(LifecycleBase.java:257)
		at org.apache.catalina.core.StandardService.stopInternal(StandardService.java:497)
		at org.apache.catalina.util.LifecycleBase.stop(LifecycleBase.java:257)
		at org.apache.catalina.core.StandardServer.stopInternal(StandardServer.java:979)
		at org.apache.catalina.util.LifecycleBase.stop(LifecycleBase.java:257)
		at org.apache.catalina.startup.Catalina.stop(Catalina.java:872)
		at org.apache.catalina.startup.Catalina.start(Catalina.java:834)
		at java.base/jdk.internal.reflect.NativeMethodAccessorImpl.invoke0(Native Method)
		at java.base/jdk.internal.reflect.NativeMethodAccessorImpl.invoke(NativeMethodAccessorImpl.java:62)
		at java.base/jdk.internal.reflect.DelegatingMethodAccessorImpl.invoke(DelegatingMethodAccessorImpl.java:43)
		at java.base/java.lang.reflect.Method.invoke(Method.java:566)
		at org.apache.catalina.startup.Bootstrap.start(Bootstrap.java:345)
		at org.apache.catalina.startup.Bootstrap.main(Bootstrap.java:476)
17-Feb-2025 00:23:22.262 WARNING [main] org.apache.catalina.loader.WebappClassLoaderBase.clearReferencesObjectStreamClassCaches Failed to clear soft references from ObjectStreamClass$Caches for web application [my_webapp]
	java.lang.ClassCastException: class java.io.ObjectStreamClass$Caches$1 cannot be cast to class java.util.Map (java.io.ObjectStreamClass$Caches$1 and java.util.Map are in module java.base of loader 'bootstrap')
		at org.apache.catalina.loader.WebappClassLoaderBase.clearCache(WebappClassLoaderBase.java:2363)
		at org.apache.catalina.loader.WebappClassLoaderBase.clearReferencesObjectStreamClassCaches(WebappClassLoaderBase.java:2338)
		at org.apache.catalina.loader.WebappClassLoaderBase.clearReferences(WebappClassLoaderBase.java:1706)
		at org.apache.catalina.loader.WebappClassLoaderBase.stop(WebappClassLoaderBase.java:1634)
		at org.apache.catalina.loader.WebappLoader.stopInternal(WebappLoader.java:429)
		at org.apache.catalina.util.LifecycleBase.stop(LifecycleBase.java:257)
		at org.apache.catalina.core.StandardContext.stopInternal(StandardContext.java:5464)
		at org.apache.catalina.util.LifecycleBase.stop(LifecycleBase.java:257)
		at org.apache.catalina.core.ContainerBase$StopChild.call(ContainerBase.java:1412)
		at org.apache.catalina.core.ContainerBase$StopChild.call(ContainerBase.java:1401)
		at java.base/java.util.concurrent.FutureTask.run(FutureTask.java:264)
		at org.apache.tomcat.util.threads.InlineExecutorService.execute(InlineExecutorService.java:75)
		at java.base/java.util.concurrent.AbstractExecutorService.submit(AbstractExecutorService.java:140)
		at org.apache.catalina.core.ContainerBase.stopInternal(ContainerBase.java:986)
		at org.apache.catalina.util.LifecycleBase.stop(LifecycleBase.java:257)
		at org.apache.catalina.core.ContainerBase$StopChild.call(ContainerBase.java:1412)
		at org.apache.catalina.core.ContainerBase$StopChild.call(ContainerBase.java:1401)
		at java.base/java.util.concurrent.FutureTask.run(FutureTask.java:264)
		at org.apache.tomcat.util.threads.InlineExecutorService.execute(InlineExecutorService.java:75)
		at java.base/java.util.concurrent.AbstractExecutorService.submit(AbstractExecutorService.java:140)
		at org.apache.catalina.core.ContainerBase.stopInternal(ContainerBase.java:986)
		at org.apache.catalina.util.LifecycleBase.stop(LifecycleBase.java:257)
		at org.apache.catalina.core.StandardService.stopInternal(StandardService.java:497)
		at org.apache.catalina.util.LifecycleBase.stop(LifecycleBase.java:257)
		at org.apache.catalina.core.StandardServer.stopInternal(StandardServer.java:979)
		at org.apache.catalina.util.LifecycleBase.stop(LifecycleBase.java:257)
		at org.apache.catalina.startup.Catalina.stop(Catalina.java:872)
		at org.apache.catalina.startup.Catalina.start(Catalina.java:834)
		at java.base/jdk.internal.reflect.NativeMethodAccessorImpl.invoke0(Native Method)
		at java.base/jdk.internal.reflect.NativeMethodAccessorImpl.invoke(NativeMethodAccessorImpl.java:62)
		at java.base/jdk.internal.reflect.DelegatingMethodAccessorImpl.invoke(DelegatingMethodAccessorImpl.java:43)
		at java.base/java.lang.reflect.Method.invoke(Method.java:566)
		at org.apache.catalina.startup.Bootstrap.start(Bootstrap.java:345)
		at org.apache.catalina.startup.Bootstrap.main(Bootstrap.java:476)
17-Feb-2025 00:23:22.264 WARNING [main] org.apache.catalina.loader.WebappClassLoaderBase.clearReferencesObjectStreamClassCaches Failed to clear soft references from ObjectStreamClass$Caches for web application [manager]
	java.lang.ClassCastException: class java.io.ObjectStreamClass$Caches$1 cannot be cast to class java.util.Map (java.io.ObjectStreamClass$Caches$1 and java.util.Map are in module java.base of loader 'bootstrap')
		at org.apache.catalina.loader.WebappClassLoaderBase.clearCache(WebappClassLoaderBase.java:2363)
		at org.apache.catalina.loader.WebappClassLoaderBase.clearReferencesObjectStreamClassCaches(WebappClassLoaderBase.java:2338)
		at org.apache.catalina.loader.WebappClassLoaderBase.clearReferences(WebappClassLoaderBase.java:1706)
		at org.apache.catalina.loader.WebappClassLoaderBase.stop(WebappClassLoaderBase.java:1634)
		at org.apache.catalina.loader.WebappLoader.stopInternal(WebappLoader.java:429)
		at org.apache.catalina.util.LifecycleBase.stop(LifecycleBase.java:257)
		at org.apache.catalina.core.StandardContext.stopInternal(StandardContext.java:5464)
		at org.apache.catalina.util.LifecycleBase.stop(LifecycleBase.java:257)
		at org.apache.catalina.core.ContainerBase$StopChild.call(ContainerBase.java:1412)
		at org.apache.catalina.core.ContainerBase$StopChild.call(ContainerBase.java:1401)
		at java.base/java.util.concurrent.FutureTask.run(FutureTask.java:264)
		at org.apache.tomcat.util.threads.InlineExecutorService.execute(InlineExecutorService.java:75)
		at java.base/java.util.concurrent.AbstractExecutorService.submit(AbstractExecutorService.java:140)
		at org.apache.catalina.core.ContainerBase.stopInternal(ContainerBase.java:986)
		at org.apache.catalina.util.LifecycleBase.stop(LifecycleBase.java:257)
		at org.apache.catalina.core.ContainerBase$StopChild.call(ContainerBase.java:1412)
		at org.apache.catalina.core.ContainerBase$StopChild.call(ContainerBase.java:1401)
		at java.base/java.util.concurrent.FutureTask.run(FutureTask.java:264)
		at org.apache.tomcat.util.threads.InlineExecutorService.execute(InlineExecutorService.java:75)
		at java.base/java.util.concurrent.AbstractExecutorService.submit(AbstractExecutorService.java:140)
		at org.apache.catalina.core.ContainerBase.stopInternal(ContainerBase.java:986)
		at org.apache.catalina.util.LifecycleBase.stop(LifecycleBase.java:257)
		at org.apache.catalina.core.StandardService.stopInternal(StandardService.java:497)
		at org.apache.catalina.util.LifecycleBase.stop(LifecycleBase.java:257)
		at org.apache.catalina.core.StandardServer.stopInternal(StandardServer.java:979)
		at org.apache.catalina.util.LifecycleBase.stop(LifecycleBase.java:257)
		at org.apache.catalina.startup.Catalina.stop(Catalina.java:872)
		at org.apache.catalina.startup.Catalina.start(Catalina.java:834)
		at java.base/jdk.internal.reflect.NativeMethodAccessorImpl.invoke0(Native Method)
		at java.base/jdk.internal.reflect.NativeMethodAccessorImpl.invoke(NativeMethodAccessorImpl.java:62)
		at java.base/jdk.internal.reflect.DelegatingMethodAccessorImpl.invoke(DelegatingMethodAccessorImpl.java:43)
		at java.base/java.lang.reflect.Method.invoke(Method.java:566)
		at org.apache.catalina.startup.Bootstrap.start(Bootstrap.java:345)
		at org.apache.catalina.startup.Bootstrap.main(Bootstrap.java:476)
17-Feb-2025 00:23:22.266 WARNING [main] org.apache.catalina.loader.WebappClassLoaderBase.clearReferencesObjectStreamClassCaches Failed to clear soft references from ObjectStreamClass$Caches for web application [docs]
	java.lang.ClassCastException: class java.io.ObjectStreamClass$Caches$1 cannot be cast to class java.util.Map (java.io.ObjectStreamClass$Caches$1 and java.util.Map are in module java.base of loader 'bootstrap')
		at org.apache.catalina.loader.WebappClassLoaderBase.clearCache(WebappClassLoaderBase.java:2363)
		at org.apache.catalina.loader.WebappClassLoaderBase.clearReferencesObjectStreamClassCaches(WebappClassLoaderBase.java:2338)
		at org.apache.catalina.loader.WebappClassLoaderBase.clearReferences(WebappClassLoaderBase.java:1706)
		at org.apache.catalina.loader.WebappClassLoaderBase.stop(WebappClassLoaderBase.java:1634)
		at org.apache.catalina.loader.WebappLoader.stopInternal(WebappLoader.java:429)
		at org.apache.catalina.util.LifecycleBase.stop(LifecycleBase.java:257)
		at org.apache.catalina.core.StandardContext.stopInternal(StandardContext.java:5464)
		at org.apache.catalina.util.LifecycleBase.stop(LifecycleBase.java:257)
		at org.apache.catalina.core.ContainerBase$StopChild.call(ContainerBase.java:1412)
		at org.apache.catalina.core.ContainerBase$StopChild.call(ContainerBase.java:1401)
		at java.base/java.util.concurrent.FutureTask.run(FutureTask.java:264)
		at org.apache.tomcat.util.threads.InlineExecutorService.execute(InlineExecutorService.java:75)
		at java.base/java.util.concurrent.AbstractExecutorService.submit(AbstractExecutorService.java:140)
		at org.apache.catalina.core.ContainerBase.stopInternal(ContainerBase.java:986)
		at org.apache.catalina.util.LifecycleBase.stop(LifecycleBase.java:257)
		at org.apache.catalina.core.ContainerBase$StopChild.call(ContainerBase.java:1412)
		at org.apache.catalina.core.ContainerBase$StopChild.call(ContainerBase.java:1401)
		at java.base/java.util.concurrent.FutureTask.run(FutureTask.java:264)
		at org.apache.tomcat.util.threads.InlineExecutorService.execute(InlineExecutorService.java:75)
		at java.base/java.util.concurrent.AbstractExecutorService.submit(AbstractExecutorService.java:140)
		at org.apache.catalina.core.ContainerBase.stopInternal(ContainerBase.java:986)
		at org.apache.catalina.util.LifecycleBase.stop(LifecycleBase.java:257)
		at org.apache.catalina.core.StandardService.stopInternal(StandardService.java:497)
		at org.apache.catalina.util.LifecycleBase.stop(LifecycleBase.java:257)
		at org.apache.catalina.core.StandardServer.stopInternal(StandardServer.java:979)
		at org.apache.catalina.util.LifecycleBase.stop(LifecycleBase.java:257)
		at org.apache.catalina.startup.Catalina.stop(Catalina.java:872)
		at org.apache.catalina.startup.Catalina.start(Catalina.java:834)
		at java.base/jdk.internal.reflect.NativeMethodAccessorImpl.invoke0(Native Method)
		at java.base/jdk.internal.reflect.NativeMethodAccessorImpl.invoke(NativeMethodAccessorImpl.java:62)
		at java.base/jdk.internal.reflect.DelegatingMethodAccessorImpl.invoke(DelegatingMethodAccessorImpl.java:43)
		at java.base/java.lang.reflect.Method.invoke(Method.java:566)
		at org.apache.catalina.startup.Bootstrap.start(Bootstrap.java:345)
		at org.apache.catalina.startup.Bootstrap.main(Bootstrap.java:476)
17-Feb-2025 00:23:22.269 INFO [main] org.apache.coyote.AbstractProtocol.stop Stopping ProtocolHandler ["http-nio-8080"]
17-Feb-2025 00:23:22.288 INFO [main] org.apache.coyote.AbstractProtocol.destroy Destroying ProtocolHandler ["http-nio-8080"]
17-Feb-2025 00:23:22.807 INFO [main] org.apache.catalina.startup.VersionLoggerListener.log Server version name:   Apache Tomcat/10.0.10
17-Feb-2025 00:23:22.848 INFO [main] org.apache.catalina.startup.VersionLoggerListener.log Server built:          Jul 30 2021 09:51:27 UTC
17-Feb-2025 00:23:22.848 INFO [main] org.apache.catalina.startup.VersionLoggerListener.log Server version number: 10.0.10.0
17-Feb-2025 00:23:22.848 INFO [main] org.apache.catalina.startup.VersionLoggerListener.log OS Name:               Linux
17-Feb-2025 00:23:22.848 INFO [main] org.apache.catalina.startup.VersionLoggerListener.log OS Version:            5.15.0-92-generic
17-Feb-2025 00:23:22.848 INFO [main] org.apache.catalina.startup.VersionLoggerListener.log Architecture:          amd64
17-Feb-2025 00:23:22.848 INFO [main] org.apache.catalina.startup.VersionLoggerListener.log Java Home:             /usr/lib/jvm/java-11-openjdk-amd64
17-Feb-2025 00:23:22.849 INFO [main] org.apache.catalina.startup.VersionLoggerListener.log JVM Version:           11.0.26+4-post-Ubuntu-1ubuntu122.04
17-Feb-2025 00:23:22.849 INFO [main] org.apache.catalina.startup.VersionLoggerListener.log JVM Vendor:            Ubuntu
17-Feb-2025 00:23:22.849 INFO [main] org.apache.catalina.startup.VersionLoggerListener.log CATALINA_BASE:         /home/alumne/proj/FIB-PTI/servlets/apache-tomcat-10.0.10
17-Feb-2025 00:23:22.849 INFO [main] org.apache.catalina.startup.VersionLoggerListener.log CATALINA_HOME:         /home/alumne/proj/FIB-PTI/servlets/apache-tomcat-10.0.10
17-Feb-2025 00:23:22.946 INFO [main] org.apache.catalina.startup.VersionLoggerListener.log Command line argument: --add-opens=java.base/java.lang=ALL-UNNAMED
17-Feb-2025 00:23:22.946 INFO [main] org.apache.catalina.startup.VersionLoggerListener.log Command line argument: --add-opens=java.base/java.io=ALL-UNNAMED
17-Feb-2025 00:23:22.946 INFO [main] org.apache.catalina.startup.VersionLoggerListener.log Command line argument: --add-opens=java.base/java.util=ALL-UNNAMED
17-Feb-2025 00:23:22.946 INFO [main] org.apache.catalina.startup.VersionLoggerListener.log Command line argument: --add-opens=java.base/java.util.concurrent=ALL-UNNAMED
17-Feb-2025 00:23:22.946 INFO [main] org.apache.catalina.startup.VersionLoggerListener.log Command line argument: --add-opens=java.rmi/sun.rmi.transport=ALL-UNNAMED
17-Feb-2025 00:23:22.946 INFO [main] org.apache.catalina.startup.VersionLoggerListener.log Command line argument: -Djava.util.logging.config.file=/home/alumne/proj/FIB-PTI/servlets/apache-tomcat-10.0.10/conf/logging.properties
17-Feb-2025 00:23:22.946 INFO [main] org.apache.catalina.startup.VersionLoggerListener.log Command line argument: -Djava.util.logging.manager=org.apache.juli.ClassLoaderLogManager
17-Feb-2025 00:23:22.947 INFO [main] org.apache.catalina.startup.VersionLoggerListener.log Command line argument: -Djdk.tls.ephemeralDHKeySize=2048
17-Feb-2025 00:23:22.947 INFO [main] org.apache.catalina.startup.VersionLoggerListener.log Command line argument: -Djava.protocol.handler.pkgs=org.apache.catalina.webresources
17-Feb-2025 00:23:22.947 INFO [main] org.apache.catalina.startup.VersionLoggerListener.log Command line argument: -Dorg.apache.catalina.security.SecurityListener.UMASK=0027
17-Feb-2025 00:23:22.947 INFO [main] org.apache.catalina.startup.VersionLoggerListener.log Command line argument: -Dignore.endorsed.dirs=
17-Feb-2025 00:23:22.947 INFO [main] org.apache.catalina.startup.VersionLoggerListener.log Command line argument: -Dcatalina.base=/home/alumne/proj/FIB-PTI/servlets/apache-tomcat-10.0.10
17-Feb-2025 00:23:22.947 INFO [main] org.apache.catalina.startup.VersionLoggerListener.log Command line argument: -Dcatalina.home=/home/alumne/proj/FIB-PTI/servlets/apache-tomcat-10.0.10
17-Feb-2025 00:23:22.947 INFO [main] org.apache.catalina.startup.VersionLoggerListener.log Command line argument: -Djava.io.tmpdir=/home/alumne/proj/FIB-PTI/servlets/apache-tomcat-10.0.10/temp
17-Feb-2025 00:23:22.956 INFO [main] org.apache.catalina.core.AprLifecycleListener.lifecycleEvent The Apache Tomcat Native library which allows using OpenSSL was not found on the java.library.path: [/home/alumne/catkin_ws/devel/lib:/opt/ros/noetic/lib:/tmp/.mount_cursor8aCjg4/usr/lib:/usr/java/packages/lib:/usr/lib/x86_64-linux-gnu/jni:/lib/x86_64-linux-gnu:/usr/lib/x86_64-linux-gnu:/usr/lib/jni:/lib:/usr/lib]
17-Feb-2025 00:23:23.918 INFO [main] org.apache.coyote.AbstractProtocol.init Initializing ProtocolHandler ["http-nio-8080"]
17-Feb-2025 00:23:23.964 INFO [main] org.apache.catalina.startup.Catalina.load Server initialization in [1374] milliseconds
17-Feb-2025 00:23:24.190 INFO [main] org.apache.catalina.core.StandardService.startInternal Starting service [Catalina]
17-Feb-2025 00:23:24.191 INFO [main] org.apache.catalina.core.StandardEngine.startInternal Starting Servlet engine: [Apache Tomcat/10.0.10]
17-Feb-2025 00:23:24.198 INFO [main] org.apache.catalina.startup.HostConfig.deployDirectory Deploying web application directory [/home/alumne/proj/FIB-PTI/servlets/apache-tomcat-10.0.10/webapps/host-manager]
17-Feb-2025 00:23:24.652 INFO [main] org.apache.jasper.servlet.TldScanner.scanJars At least one JAR was scanned for TLDs yet contained no TLDs. Enable debug logging for this logger for a complete list of JARs that were scanned but no TLDs were found in them. Skipping unneeded JARs during scanning can improve startup time and JSP compilation time.
17-Feb-2025 00:23:24.748 INFO [main] org.apache.catalina.startup.HostConfig.deployDirectory Deployment of web application directory [/home/alumne/proj/FIB-PTI/servlets/apache-tomcat-10.0.10/webapps/host-manager] has finished in [547] ms
17-Feb-2025 00:23:24.749 INFO [main] org.apache.catalina.startup.HostConfig.deployDirectory Deploying web application directory [/home/alumne/proj/FIB-PTI/servlets/apache-tomcat-10.0.10/webapps/ROOT]
17-Feb-2025 00:23:24.796 INFO [main] org.apache.jasper.servlet.TldScanner.scanJars At least one JAR was scanned for TLDs yet contained no TLDs. Enable debug logging for this logger for a complete list of JARs that were scanned but no TLDs were found in them. Skipping unneeded JARs during scanning can improve startup time and JSP compilation time.
17-Feb-2025 00:23:24.798 INFO [main] org.apache.catalina.startup.HostConfig.deployDirectory Deployment of web application directory [/home/alumne/proj/FIB-PTI/servlets/apache-tomcat-10.0.10/webapps/ROOT] has finished in [49] ms
17-Feb-2025 00:23:24.798 INFO [main] org.apache.catalina.startup.HostConfig.deployDirectory Deploying web application directory [/home/alumne/proj/FIB-PTI/servlets/apache-tomcat-10.0.10/webapps/my_webapp]
17-Feb-2025 00:23:24.852 INFO [main] org.apache.jasper.servlet.TldScanner.scanJars At least one JAR was scanned for TLDs yet contained no TLDs. Enable debug logging for this logger for a complete list of JARs that were scanned but no TLDs were found in them. Skipping unneeded JARs during scanning can improve startup time and JSP compilation time.
17-Feb-2025 00:23:24.859 INFO [main] org.apache.catalina.startup.HostConfig.deployDirectory Deployment of web application directory [/home/alumne/proj/FIB-PTI/servlets/apache-tomcat-10.0.10/webapps/my_webapp] has finished in [61] ms
17-Feb-2025 00:23:24.859 INFO [main] org.apache.catalina.startup.HostConfig.deployDirectory Deploying web application directory [/home/alumne/proj/FIB-PTI/servlets/apache-tomcat-10.0.10/webapps/manager]
17-Feb-2025 00:23:24.880 INFO [main] org.apache.jasper.servlet.TldScanner.scanJars At least one JAR was scanned for TLDs yet contained no TLDs. Enable debug logging for this logger for a complete list of JARs that were scanned but no TLDs were found in them. Skipping unneeded JARs during scanning can improve startup time and JSP compilation time.
17-Feb-2025 00:23:24.882 INFO [main] org.apache.catalina.startup.HostConfig.deployDirectory Deployment of web application directory [/home/alumne/proj/FIB-PTI/servlets/apache-tomcat-10.0.10/webapps/manager] has finished in [23] ms
17-Feb-2025 00:23:24.882 INFO [main] org.apache.catalina.startup.HostConfig.deployDirectory Deploying web application directory [/home/alumne/proj/FIB-PTI/servlets/apache-tomcat-10.0.10/webapps/docs]
17-Feb-2025 00:23:24.895 INFO [main] org.apache.jasper.servlet.TldScanner.scanJars At least one JAR was scanned for TLDs yet contained no TLDs. Enable debug logging for this logger for a complete list of JARs that were scanned but no TLDs were found in them. Skipping unneeded JARs during scanning can improve startup time and JSP compilation time.
17-Feb-2025 00:23:24.896 INFO [main] org.apache.catalina.startup.HostConfig.deployDirectory Deployment of web application directory [/home/alumne/proj/FIB-PTI/servlets/apache-tomcat-10.0.10/webapps/docs] has finished in [14] ms
17-Feb-2025 00:23:24.896 INFO [main] org.apache.catalina.startup.HostConfig.deployDirectory Deploying web application directory [/home/alumne/proj/FIB-PTI/servlets/apache-tomcat-10.0.10/webapps/examples]
17-Feb-2025 00:23:25.243 INFO [main] org.apache.jasper.servlet.TldScanner.scanJars At least one JAR was scanned for TLDs yet contained no TLDs. Enable debug logging for this logger for a complete list of JARs that were scanned but no TLDs were found in them. Skipping unneeded JARs during scanning can improve startup time and JSP compilation time.
17-Feb-2025 00:23:25.265 INFO [main] org.apache.catalina.startup.HostConfig.deployDirectory Deployment of web application directory [/home/alumne/proj/FIB-PTI/servlets/apache-tomcat-10.0.10/webapps/examples] has finished in [369] ms
17-Feb-2025 00:23:25.297 INFO [main] org.apache.coyote.AbstractProtocol.start Starting ProtocolHandler ["http-nio-8080"]
17-Feb-2025 00:23:25.310 INFO [main] org.apache.catalina.startup.Catalina.start Server startup in [1345] milliseconds
17-Feb-2025 00:32:32.974 INFO [main] org.apache.catalina.core.StandardServer.await A valid shutdown command was received via the shutdown port. Stopping the Server instance.
17-Feb-2025 00:32:32.978 INFO [main] org.apache.coyote.AbstractProtocol.pause Pausing ProtocolHandler ["http-nio-8080"]
17-Feb-2025 00:32:32.986 INFO [main] org.apache.catalina.core.StandardService.stopInternal Stopping service [Catalina]
17-Feb-2025 00:32:32.998 WARNING [main] org.apache.catalina.loader.WebappClassLoaderBase.clearReferencesObjectStreamClassCaches Failed to clear soft references from ObjectStreamClass$Caches for web application [ROOT]
	java.lang.ClassCastException: class java.io.ObjectStreamClass$Caches$1 cannot be cast to class java.util.Map (java.io.ObjectStreamClass$Caches$1 and java.util.Map are in module java.base of loader 'bootstrap')
		at org.apache.catalina.loader.WebappClassLoaderBase.clearCache(WebappClassLoaderBase.java:2363)
		at org.apache.catalina.loader.WebappClassLoaderBase.clearReferencesObjectStreamClassCaches(WebappClassLoaderBase.java:2338)
		at org.apache.catalina.loader.WebappClassLoaderBase.clearReferences(WebappClassLoaderBase.java:1706)
		at org.apache.catalina.loader.WebappClassLoaderBase.stop(WebappClassLoaderBase.java:1634)
		at org.apache.catalina.loader.WebappLoader.stopInternal(WebappLoader.java:429)
		at org.apache.catalina.util.LifecycleBase.stop(LifecycleBase.java:257)
		at org.apache.catalina.core.StandardContext.stopInternal(StandardContext.java:5464)
		at org.apache.catalina.util.LifecycleBase.stop(LifecycleBase.java:257)
		at org.apache.catalina.core.ContainerBase$StopChild.call(ContainerBase.java:1412)
		at org.apache.catalina.core.ContainerBase$StopChild.call(ContainerBase.java:1401)
		at java.base/java.util.concurrent.FutureTask.run(FutureTask.java:264)
		at org.apache.tomcat.util.threads.InlineExecutorService.execute(InlineExecutorService.java:75)
		at java.base/java.util.concurrent.AbstractExecutorService.submit(AbstractExecutorService.java:140)
		at org.apache.catalina.core.ContainerBase.stopInternal(ContainerBase.java:986)
		at org.apache.catalina.util.LifecycleBase.stop(LifecycleBase.java:257)
		at org.apache.catalina.core.ContainerBase$StopChild.call(ContainerBase.java:1412)
		at org.apache.catalina.core.ContainerBase$StopChild.call(ContainerBase.java:1401)
		at java.base/java.util.concurrent.FutureTask.run(FutureTask.java:264)
		at org.apache.tomcat.util.threads.InlineExecutorService.execute(InlineExecutorService.java:75)
		at java.base/java.util.concurrent.AbstractExecutorService.submit(AbstractExecutorService.java:140)
		at org.apache.catalina.core.ContainerBase.stopInternal(ContainerBase.java:986)
		at org.apache.catalina.util.LifecycleBase.stop(LifecycleBase.java:257)
		at org.apache.catalina.core.StandardService.stopInternal(StandardService.java:497)
		at org.apache.catalina.util.LifecycleBase.stop(LifecycleBase.java:257)
		at org.apache.catalina.core.StandardServer.stopInternal(StandardServer.java:979)
		at org.apache.catalina.util.LifecycleBase.stop(LifecycleBase.java:257)
		at org.apache.catalina.startup.Catalina.stop(Catalina.java:872)
		at org.apache.catalina.startup.Catalina.start(Catalina.java:834)
		at java.base/jdk.internal.reflect.NativeMethodAccessorImpl.invoke0(Native Method)
		at java.base/jdk.internal.reflect.NativeMethodAccessorImpl.invoke(NativeMethodAccessorImpl.java:62)
		at java.base/jdk.internal.reflect.DelegatingMethodAccessorImpl.invoke(DelegatingMethodAccessorImpl.java:43)
		at java.base/java.lang.reflect.Method.invoke(Method.java:566)
		at org.apache.catalina.startup.Bootstrap.start(Bootstrap.java:345)
		at org.apache.catalina.startup.Bootstrap.main(Bootstrap.java:476)
17-Feb-2025 00:32:33.061 WARNING [main] org.apache.catalina.loader.WebappClassLoaderBase.clearReferencesObjectStreamClassCaches Failed to clear soft references from ObjectStreamClass$Caches for web application [examples]
	java.lang.ClassCastException: class java.io.ObjectStreamClass$Caches$1 cannot be cast to class java.util.Map (java.io.ObjectStreamClass$Caches$1 and java.util.Map are in module java.base of loader 'bootstrap')
		at org.apache.catalina.loader.WebappClassLoaderBase.clearCache(WebappClassLoaderBase.java:2363)
		at org.apache.catalina.loader.WebappClassLoaderBase.clearReferencesObjectStreamClassCaches(WebappClassLoaderBase.java:2338)
		at org.apache.catalina.loader.WebappClassLoaderBase.clearReferences(WebappClassLoaderBase.java:1706)
		at org.apache.catalina.loader.WebappClassLoaderBase.stop(WebappClassLoaderBase.java:1634)
		at org.apache.catalina.loader.WebappLoader.stopInternal(WebappLoader.java:429)
		at org.apache.catalina.util.LifecycleBase.stop(LifecycleBase.java:257)
		at org.apache.catalina.core.StandardContext.stopInternal(StandardContext.java:5464)
		at org.apache.catalina.util.LifecycleBase.stop(LifecycleBase.java:257)
		at org.apache.catalina.core.ContainerBase$StopChild.call(ContainerBase.java:1412)
		at org.apache.catalina.core.ContainerBase$StopChild.call(ContainerBase.java:1401)
		at java.base/java.util.concurrent.FutureTask.run(FutureTask.java:264)
		at org.apache.tomcat.util.threads.InlineExecutorService.execute(InlineExecutorService.java:75)
		at java.base/java.util.concurrent.AbstractExecutorService.submit(AbstractExecutorService.java:140)
		at org.apache.catalina.core.ContainerBase.stopInternal(ContainerBase.java:986)
		at org.apache.catalina.util.LifecycleBase.stop(LifecycleBase.java:257)
		at org.apache.catalina.core.ContainerBase$StopChild.call(ContainerBase.java:1412)
		at org.apache.catalina.core.ContainerBase$StopChild.call(ContainerBase.java:1401)
		at java.base/java.util.concurrent.FutureTask.run(FutureTask.java:264)
		at org.apache.tomcat.util.threads.InlineExecutorService.execute(InlineExecutorService.java:75)
		at java.base/java.util.concurrent.AbstractExecutorService.submit(AbstractExecutorService.java:140)
		at org.apache.catalina.core.ContainerBase.stopInternal(ContainerBase.java:986)
		at org.apache.catalina.util.LifecycleBase.stop(LifecycleBase.java:257)
		at org.apache.catalina.core.StandardService.stopInternal(StandardService.java:497)
		at org.apache.catalina.util.LifecycleBase.stop(LifecycleBase.java:257)
		at org.apache.catalina.core.StandardServer.stopInternal(StandardServer.java:979)
		at org.apache.catalina.util.LifecycleBase.stop(LifecycleBase.java:257)
		at org.apache.catalina.startup.Catalina.stop(Catalina.java:872)
		at org.apache.catalina.startup.Catalina.start(Catalina.java:834)
		at java.base/jdk.internal.reflect.NativeMethodAccessorImpl.invoke0(Native Method)
		at java.base/jdk.internal.reflect.NativeMethodAccessorImpl.invoke(NativeMethodAccessorImpl.java:62)
		at java.base/jdk.internal.reflect.DelegatingMethodAccessorImpl.invoke(DelegatingMethodAccessorImpl.java:43)
		at java.base/java.lang.reflect.Method.invoke(Method.java:566)
		at org.apache.catalina.startup.Bootstrap.start(Bootstrap.java:345)
		at org.apache.catalina.startup.Bootstrap.main(Bootstrap.java:476)
17-Feb-2025 00:32:33.067 WARNING [main] org.apache.catalina.loader.WebappClassLoaderBase.clearReferencesObjectStreamClassCaches Failed to clear soft references from ObjectStreamClass$Caches for web application [host-manager]
	java.lang.ClassCastException: class java.io.ObjectStreamClass$Caches$1 cannot be cast to class java.util.Map (java.io.ObjectStreamClass$Caches$1 and java.util.Map are in module java.base of loader 'bootstrap')
		at org.apache.catalina.loader.WebappClassLoaderBase.clearCache(WebappClassLoaderBase.java:2363)
		at org.apache.catalina.loader.WebappClassLoaderBase.clearReferencesObjectStreamClassCaches(WebappClassLoaderBase.java:2338)
		at org.apache.catalina.loader.WebappClassLoaderBase.clearReferences(WebappClassLoaderBase.java:1706)
		at org.apache.catalina.loader.WebappClassLoaderBase.stop(WebappClassLoaderBase.java:1634)
		at org.apache.catalina.loader.WebappLoader.stopInternal(WebappLoader.java:429)
		at org.apache.catalina.util.LifecycleBase.stop(LifecycleBase.java:257)
		at org.apache.catalina.core.StandardContext.stopInternal(StandardContext.java:5464)
		at org.apache.catalina.util.LifecycleBase.stop(LifecycleBase.java:257)
		at org.apache.catalina.core.ContainerBase$StopChild.call(ContainerBase.java:1412)
		at org.apache.catalina.core.ContainerBase$StopChild.call(ContainerBase.java:1401)
		at java.base/java.util.concurrent.FutureTask.run(FutureTask.java:264)
		at org.apache.tomcat.util.threads.InlineExecutorService.execute(InlineExecutorService.java:75)
		at java.base/java.util.concurrent.AbstractExecutorService.submit(AbstractExecutorService.java:140)
		at org.apache.catalina.core.ContainerBase.stopInternal(ContainerBase.java:986)
		at org.apache.catalina.util.LifecycleBase.stop(LifecycleBase.java:257)
		at org.apache.catalina.core.ContainerBase$StopChild.call(ContainerBase.java:1412)
		at org.apache.catalina.core.ContainerBase$StopChild.call(ContainerBase.java:1401)
		at java.base/java.util.concurrent.FutureTask.run(FutureTask.java:264)
		at org.apache.tomcat.util.threads.InlineExecutorService.execute(InlineExecutorService.java:75)
		at java.base/java.util.concurrent.AbstractExecutorService.submit(AbstractExecutorService.java:140)
		at org.apache.catalina.core.ContainerBase.stopInternal(ContainerBase.java:986)
		at org.apache.catalina.util.LifecycleBase.stop(LifecycleBase.java:257)
		at org.apache.catalina.core.StandardService.stopInternal(StandardService.java:497)
		at org.apache.catalina.util.LifecycleBase.stop(LifecycleBase.java:257)
		at org.apache.catalina.core.StandardServer.stopInternal(StandardServer.java:979)
		at org.apache.catalina.util.LifecycleBase.stop(LifecycleBase.java:257)
		at org.apache.catalina.startup.Catalina.stop(Catalina.java:872)
		at org.apache.catalina.startup.Catalina.start(Catalina.java:834)
		at java.base/jdk.internal.reflect.NativeMethodAccessorImpl.invoke0(Native Method)
		at java.base/jdk.internal.reflect.NativeMethodAccessorImpl.invoke(NativeMethodAccessorImpl.java:62)
		at java.base/jdk.internal.reflect.DelegatingMethodAccessorImpl.invoke(DelegatingMethodAccessorImpl.java:43)
		at java.base/java.lang.reflect.Method.invoke(Method.java:566)
		at org.apache.catalina.startup.Bootstrap.start(Bootstrap.java:345)
		at org.apache.catalina.startup.Bootstrap.main(Bootstrap.java:476)
17-Feb-2025 00:32:33.069 WARNING [main] org.apache.catalina.loader.WebappClassLoaderBase.clearReferencesObjectStreamClassCaches Failed to clear soft references from ObjectStreamClass$Caches for web application [my_webapp]
	java.lang.ClassCastException: class java.io.ObjectStreamClass$Caches$1 cannot be cast to class java.util.Map (java.io.ObjectStreamClass$Caches$1 and java.util.Map are in module java.base of loader 'bootstrap')
		at org.apache.catalina.loader.WebappClassLoaderBase.clearCache(WebappClassLoaderBase.java:2363)
		at org.apache.catalina.loader.WebappClassLoaderBase.clearReferencesObjectStreamClassCaches(WebappClassLoaderBase.java:2338)
		at org.apache.catalina.loader.WebappClassLoaderBase.clearReferences(WebappClassLoaderBase.java:1706)
		at org.apache.catalina.loader.WebappClassLoaderBase.stop(WebappClassLoaderBase.java:1634)
		at org.apache.catalina.loader.WebappLoader.stopInternal(WebappLoader.java:429)
		at org.apache.catalina.util.LifecycleBase.stop(LifecycleBase.java:257)
		at org.apache.catalina.core.StandardContext.stopInternal(StandardContext.java:5464)
		at org.apache.catalina.util.LifecycleBase.stop(LifecycleBase.java:257)
		at org.apache.catalina.core.ContainerBase$StopChild.call(ContainerBase.java:1412)
		at org.apache.catalina.core.ContainerBase$StopChild.call(ContainerBase.java:1401)
		at java.base/java.util.concurrent.FutureTask.run(FutureTask.java:264)
		at org.apache.tomcat.util.threads.InlineExecutorService.execute(InlineExecutorService.java:75)
		at java.base/java.util.concurrent.AbstractExecutorService.submit(AbstractExecutorService.java:140)
		at org.apache.catalina.core.ContainerBase.stopInternal(ContainerBase.java:986)
		at org.apache.catalina.util.LifecycleBase.stop(LifecycleBase.java:257)
		at org.apache.catalina.core.ContainerBase$StopChild.call(ContainerBase.java:1412)
		at org.apache.catalina.core.ContainerBase$StopChild.call(ContainerBase.java:1401)
		at java.base/java.util.concurrent.FutureTask.run(FutureTask.java:264)
		at org.apache.tomcat.util.threads.InlineExecutorService.execute(InlineExecutorService.java:75)
		at java.base/java.util.concurrent.AbstractExecutorService.submit(AbstractExecutorService.java:140)
		at org.apache.catalina.core.ContainerBase.stopInternal(ContainerBase.java:986)
		at org.apache.catalina.util.LifecycleBase.stop(LifecycleBase.java:257)
		at org.apache.catalina.core.StandardService.stopInternal(StandardService.java:497)
		at org.apache.catalina.util.LifecycleBase.stop(LifecycleBase.java:257)
		at org.apache.catalina.core.StandardServer.stopInternal(StandardServer.java:979)
		at org.apache.catalina.util.LifecycleBase.stop(LifecycleBase.java:257)
		at org.apache.catalina.startup.Catalina.stop(Catalina.java:872)
		at org.apache.catalina.startup.Catalina.start(Catalina.java:834)
		at java.base/jdk.internal.reflect.NativeMethodAccessorImpl.invoke0(Native Method)
		at java.base/jdk.internal.reflect.NativeMethodAccessorImpl.invoke(NativeMethodAccessorImpl.java:62)
		at java.base/jdk.internal.reflect.DelegatingMethodAccessorImpl.invoke(DelegatingMethodAccessorImpl.java:43)
		at java.base/java.lang.reflect.Method.invoke(Method.java:566)
		at org.apache.catalina.startup.Bootstrap.start(Bootstrap.java:345)
		at org.apache.catalina.startup.Bootstrap.main(Bootstrap.java:476)
17-Feb-2025 00:32:33.071 WARNING [main] org.apache.catalina.loader.WebappClassLoaderBase.clearReferencesObjectStreamClassCaches Failed to clear soft references from ObjectStreamClass$Caches for web application [manager]
	java.lang.ClassCastException: class java.io.ObjectStreamClass$Caches$1 cannot be cast to class java.util.Map (java.io.ObjectStreamClass$Caches$1 and java.util.Map are in module java.base of loader 'bootstrap')
		at org.apache.catalina.loader.WebappClassLoaderBase.clearCache(WebappClassLoaderBase.java:2363)
		at org.apache.catalina.loader.WebappClassLoaderBase.clearReferencesObjectStreamClassCaches(WebappClassLoaderBase.java:2338)
		at org.apache.catalina.loader.WebappClassLoaderBase.clearReferences(WebappClassLoaderBase.java:1706)
		at org.apache.catalina.loader.WebappClassLoaderBase.stop(WebappClassLoaderBase.java:1634)
		at org.apache.catalina.loader.WebappLoader.stopInternal(WebappLoader.java:429)
		at org.apache.catalina.util.LifecycleBase.stop(LifecycleBase.java:257)
		at org.apache.catalina.core.StandardContext.stopInternal(StandardContext.java:5464)
		at org.apache.catalina.util.LifecycleBase.stop(LifecycleBase.java:257)
		at org.apache.catalina.core.ContainerBase$StopChild.call(ContainerBase.java:1412)
		at org.apache.catalina.core.ContainerBase$StopChild.call(ContainerBase.java:1401)
		at java.base/java.util.concurrent.FutureTask.run(FutureTask.java:264)
		at org.apache.tomcat.util.threads.InlineExecutorService.execute(InlineExecutorService.java:75)
		at java.base/java.util.concurrent.AbstractExecutorService.submit(AbstractExecutorService.java:140)
		at org.apache.catalina.core.ContainerBase.stopInternal(ContainerBase.java:986)
		at org.apache.catalina.util.LifecycleBase.stop(LifecycleBase.java:257)
		at org.apache.catalina.core.ContainerBase$StopChild.call(ContainerBase.java:1412)
		at org.apache.catalina.core.ContainerBase$StopChild.call(ContainerBase.java:1401)
		at java.base/java.util.concurrent.FutureTask.run(FutureTask.java:264)
		at org.apache.tomcat.util.threads.InlineExecutorService.execute(InlineExecutorService.java:75)
		at java.base/java.util.concurrent.AbstractExecutorService.submit(AbstractExecutorService.java:140)
		at org.apache.catalina.core.ContainerBase.stopInternal(ContainerBase.java:986)
		at org.apache.catalina.util.LifecycleBase.stop(LifecycleBase.java:257)
		at org.apache.catalina.core.StandardService.stopInternal(StandardService.java:497)
		at org.apache.catalina.util.LifecycleBase.stop(LifecycleBase.java:257)
		at org.apache.catalina.core.StandardServer.stopInternal(StandardServer.java:979)
		at org.apache.catalina.util.LifecycleBase.stop(LifecycleBase.java:257)
		at org.apache.catalina.startup.Catalina.stop(Catalina.java:872)
		at org.apache.catalina.startup.Catalina.start(Catalina.java:834)
		at java.base/jdk.internal.reflect.NativeMethodAccessorImpl.invoke0(Native Method)
		at java.base/jdk.internal.reflect.NativeMethodAccessorImpl.invoke(NativeMethodAccessorImpl.java:62)
		at java.base/jdk.internal.reflect.DelegatingMethodAccessorImpl.invoke(DelegatingMethodAccessorImpl.java:43)
		at java.base/java.lang.reflect.Method.invoke(Method.java:566)
		at org.apache.catalina.startup.Bootstrap.start(Bootstrap.java:345)
		at org.apache.catalina.startup.Bootstrap.main(Bootstrap.java:476)
17-Feb-2025 00:32:33.077 WARNING [main] org.apache.catalina.loader.WebappClassLoaderBase.clearReferencesObjectStreamClassCaches Failed to clear soft references from ObjectStreamClass$Caches for web application [docs]
	java.lang.ClassCastException: class java.io.ObjectStreamClass$Caches$1 cannot be cast to class java.util.Map (java.io.ObjectStreamClass$Caches$1 and java.util.Map are in module java.base of loader 'bootstrap')
		at org.apache.catalina.loader.WebappClassLoaderBase.clearCache(WebappClassLoaderBase.java:2363)
		at org.apache.catalina.loader.WebappClassLoaderBase.clearReferencesObjectStreamClassCaches(WebappClassLoaderBase.java:2338)
		at org.apache.catalina.loader.WebappClassLoaderBase.clearReferences(WebappClassLoaderBase.java:1706)
		at org.apache.catalina.loader.WebappClassLoaderBase.stop(WebappClassLoaderBase.java:1634)
		at org.apache.catalina.loader.WebappLoader.stopInternal(WebappLoader.java:429)
		at org.apache.catalina.util.LifecycleBase.stop(LifecycleBase.java:257)
		at org.apache.catalina.core.StandardContext.stopInternal(StandardContext.java:5464)
		at org.apache.catalina.util.LifecycleBase.stop(LifecycleBase.java:257)
		at org.apache.catalina.core.ContainerBase$StopChild.call(ContainerBase.java:1412)
		at org.apache.catalina.core.ContainerBase$StopChild.call(ContainerBase.java:1401)
		at java.base/java.util.concurrent.FutureTask.run(FutureTask.java:264)
		at org.apache.tomcat.util.threads.InlineExecutorService.execute(InlineExecutorService.java:75)
		at java.base/java.util.concurrent.AbstractExecutorService.submit(AbstractExecutorService.java:140)
		at org.apache.catalina.core.ContainerBase.stopInternal(ContainerBase.java:986)
		at org.apache.catalina.util.LifecycleBase.stop(LifecycleBase.java:257)
		at org.apache.catalina.core.ContainerBase$StopChild.call(ContainerBase.java:1412)
		at org.apache.catalina.core.ContainerBase$StopChild.call(ContainerBase.java:1401)
		at java.base/java.util.concurrent.FutureTask.run(FutureTask.java:264)
		at org.apache.tomcat.util.threads.InlineExecutorService.execute(InlineExecutorService.java:75)
		at java.base/java.util.concurrent.AbstractExecutorService.submit(AbstractExecutorService.java:140)
		at org.apache.catalina.core.ContainerBase.stopInternal(ContainerBase.java:986)
		at org.apache.catalina.util.LifecycleBase.stop(LifecycleBase.java:257)
		at org.apache.catalina.core.StandardService.stopInternal(StandardService.java:497)
		at org.apache.catalina.util.LifecycleBase.stop(LifecycleBase.java:257)
		at org.apache.catalina.core.StandardServer.stopInternal(StandardServer.java:979)
		at org.apache.catalina.util.LifecycleBase.stop(LifecycleBase.java:257)
		at org.apache.catalina.startup.Catalina.stop(Catalina.java:872)
		at org.apache.catalina.startup.Catalina.start(Catalina.java:834)
		at java.base/jdk.internal.reflect.NativeMethodAccessorImpl.invoke0(Native Method)
		at java.base/jdk.internal.reflect.NativeMethodAccessorImpl.invoke(NativeMethodAccessorImpl.java:62)
		at java.base/jdk.internal.reflect.DelegatingMethodAccessorImpl.invoke(DelegatingMethodAccessorImpl.java:43)
		at java.base/java.lang.reflect.Method.invoke(Method.java:566)
		at org.apache.catalina.startup.Bootstrap.start(Bootstrap.java:345)
		at org.apache.catalina.startup.Bootstrap.main(Bootstrap.java:476)
17-Feb-2025 00:32:33.078 INFO [main] org.apache.coyote.AbstractProtocol.stop Stopping ProtocolHandler ["http-nio-8080"]
17-Feb-2025 00:32:33.094 INFO [main] org.apache.coyote.AbstractProtocol.destroy Destroying ProtocolHandler ["http-nio-8080"]
17-Feb-2025 00:32:33.695 INFO [main] org.apache.catalina.startup.VersionLoggerListener.log Server version name:   Apache Tomcat/10.0.10
17-Feb-2025 00:32:33.698 INFO [main] org.apache.catalina.startup.VersionLoggerListener.log Server built:          Jul 30 2021 09:51:27 UTC
17-Feb-2025 00:32:33.698 INFO [main] org.apache.catalina.startup.VersionLoggerListener.log Server version number: 10.0.10.0
17-Feb-2025 00:32:33.698 INFO [main] org.apache.catalina.startup.VersionLoggerListener.log OS Name:               Linux
17-Feb-2025 00:32:33.698 INFO [main] org.apache.catalina.startup.VersionLoggerListener.log OS Version:            5.15.0-92-generic
17-Feb-2025 00:32:33.699 INFO [main] org.apache.catalina.startup.VersionLoggerListener.log Architecture:          amd64
17-Feb-2025 00:32:33.699 INFO [main] org.apache.catalina.startup.VersionLoggerListener.log Java Home:             /usr/lib/jvm/java-11-openjdk-amd64
17-Feb-2025 00:32:33.699 INFO [main] org.apache.catalina.startup.VersionLoggerListener.log JVM Version:           11.0.26+4-post-Ubuntu-1ubuntu122.04
17-Feb-2025 00:32:33.699 INFO [main] org.apache.catalina.startup.VersionLoggerListener.log JVM Vendor:            Ubuntu
17-Feb-2025 00:32:33.699 INFO [main] org.apache.catalina.startup.VersionLoggerListener.log CATALINA_BASE:         /home/alumne/proj/FIB-PTI/servlets/apache-tomcat-10.0.10
17-Feb-2025 00:32:33.700 INFO [main] org.apache.catalina.startup.VersionLoggerListener.log CATALINA_HOME:         /home/alumne/proj/FIB-PTI/servlets/apache-tomcat-10.0.10
17-Feb-2025 00:32:33.723 INFO [main] org.apache.catalina.startup.VersionLoggerListener.log Command line argument: --add-opens=java.base/java.lang=ALL-UNNAMED
17-Feb-2025 00:32:33.723 INFO [main] org.apache.catalina.startup.VersionLoggerListener.log Command line argument: --add-opens=java.base/java.io=ALL-UNNAMED
17-Feb-2025 00:32:33.723 INFO [main] org.apache.catalina.startup.VersionLoggerListener.log Command line argument: --add-opens=java.base/java.util=ALL-UNNAMED
17-Feb-2025 00:32:33.723 INFO [main] org.apache.catalina.startup.VersionLoggerListener.log Command line argument: --add-opens=java.base/java.util.concurrent=ALL-UNNAMED
17-Feb-2025 00:32:33.723 INFO [main] org.apache.catalina.startup.VersionLoggerListener.log Command line argument: --add-opens=java.rmi/sun.rmi.transport=ALL-UNNAMED
17-Feb-2025 00:32:33.723 INFO [main] org.apache.catalina.startup.VersionLoggerListener.log Command line argument: -Djava.util.logging.config.file=/home/alumne/proj/FIB-PTI/servlets/apache-tomcat-10.0.10/conf/logging.properties
17-Feb-2025 00:32:33.723 INFO [main] org.apache.catalina.startup.VersionLoggerListener.log Command line argument: -Djava.util.logging.manager=org.apache.juli.ClassLoaderLogManager
17-Feb-2025 00:32:33.724 INFO [main] org.apache.catalina.startup.VersionLoggerListener.log Command line argument: -Djdk.tls.ephemeralDHKeySize=2048
17-Feb-2025 00:32:33.724 INFO [main] org.apache.catalina.startup.VersionLoggerListener.log Command line argument: -Djava.protocol.handler.pkgs=org.apache.catalina.webresources
17-Feb-2025 00:32:33.724 INFO [main] org.apache.catalina.startup.VersionLoggerListener.log Command line argument: -Dorg.apache.catalina.security.SecurityListener.UMASK=0027
17-Feb-2025 00:32:33.724 INFO [main] org.apache.catalina.startup.VersionLoggerListener.log Command line argument: -Dignore.endorsed.dirs=
17-Feb-2025 00:32:33.724 INFO [main] org.apache.catalina.startup.VersionLoggerListener.log Command line argument: -Dcatalina.base=/home/alumne/proj/FIB-PTI/servlets/apache-tomcat-10.0.10
17-Feb-2025 00:32:33.724 INFO [main] org.apache.catalina.startup.VersionLoggerListener.log Command line argument: -Dcatalina.home=/home/alumne/proj/FIB-PTI/servlets/apache-tomcat-10.0.10
17-Feb-2025 00:32:33.725 INFO [main] org.apache.catalina.startup.VersionLoggerListener.log Command line argument: -Djava.io.tmpdir=/home/alumne/proj/FIB-PTI/servlets/apache-tomcat-10.0.10/temp
17-Feb-2025 00:32:33.731 INFO [main] org.apache.catalina.core.AprLifecycleListener.lifecycleEvent The Apache Tomcat Native library which allows using OpenSSL was not found on the java.library.path: [/home/alumne/catkin_ws/devel/lib:/opt/ros/noetic/lib:/tmp/.mount_cursor8aCjg4/usr/lib:/usr/java/packages/lib:/usr/lib/x86_64-linux-gnu/jni:/lib/x86_64-linux-gnu:/usr/lib/x86_64-linux-gnu:/usr/lib/jni:/lib:/usr/lib]
17-Feb-2025 00:32:34.062 INFO [main] org.apache.coyote.AbstractProtocol.init Initializing ProtocolHandler ["http-nio-8080"]
17-Feb-2025 00:32:34.085 INFO [main] org.apache.catalina.startup.Catalina.load Server initialization in [611] milliseconds
17-Feb-2025 00:32:34.137 INFO [main] org.apache.catalina.core.StandardService.startInternal Starting service [Catalina]
17-Feb-2025 00:32:34.137 INFO [main] org.apache.catalina.core.StandardEngine.startInternal Starting Servlet engine: [Apache Tomcat/10.0.10]
17-Feb-2025 00:32:34.145 INFO [main] org.apache.catalina.startup.HostConfig.deployDirectory Deploying web application directory [/home/alumne/proj/FIB-PTI/servlets/apache-tomcat-10.0.10/webapps/host-manager]
17-Feb-2025 00:32:34.377 INFO [main] org.apache.jasper.servlet.TldScanner.scanJars At least one JAR was scanned for TLDs yet contained no TLDs. Enable debug logging for this logger for a complete list of JARs that were scanned but no TLDs were found in them. Skipping unneeded JARs during scanning can improve startup time and JSP compilation time.
17-Feb-2025 00:32:34.425 INFO [main] org.apache.catalina.startup.HostConfig.deployDirectory Deployment of web application directory [/home/alumne/proj/FIB-PTI/servlets/apache-tomcat-10.0.10/webapps/host-manager] has finished in [280] ms
17-Feb-2025 00:32:34.426 INFO [main] org.apache.catalina.startup.HostConfig.deployDirectory Deploying web application directory [/home/alumne/proj/FIB-PTI/servlets/apache-tomcat-10.0.10/webapps/ROOT]
17-Feb-2025 00:32:34.442 INFO [main] org.apache.jasper.servlet.TldScanner.scanJars At least one JAR was scanned for TLDs yet contained no TLDs. Enable debug logging for this logger for a complete list of JARs that were scanned but no TLDs were found in them. Skipping unneeded JARs during scanning can improve startup time and JSP compilation time.
17-Feb-2025 00:32:34.445 INFO [main] org.apache.catalina.startup.HostConfig.deployDirectory Deployment of web application directory [/home/alumne/proj/FIB-PTI/servlets/apache-tomcat-10.0.10/webapps/ROOT] has finished in [19] ms
17-Feb-2025 00:32:34.446 INFO [main] org.apache.catalina.startup.HostConfig.deployDirectory Deploying web application directory [/home/alumne/proj/FIB-PTI/servlets/apache-tomcat-10.0.10/webapps/my_webapp]
17-Feb-2025 00:32:34.478 INFO [main] org.apache.jasper.servlet.TldScanner.scanJars At least one JAR was scanned for TLDs yet contained no TLDs. Enable debug logging for this logger for a complete list of JARs that were scanned but no TLDs were found in them. Skipping unneeded JARs during scanning can improve startup time and JSP compilation time.
17-Feb-2025 00:32:34.485 INFO [main] org.apache.catalina.startup.HostConfig.deployDirectory Deployment of web application directory [/home/alumne/proj/FIB-PTI/servlets/apache-tomcat-10.0.10/webapps/my_webapp] has finished in [39] ms
17-Feb-2025 00:32:34.485 INFO [main] org.apache.catalina.startup.HostConfig.deployDirectory Deploying web application directory [/home/alumne/proj/FIB-PTI/servlets/apache-tomcat-10.0.10/webapps/manager]
17-Feb-2025 00:32:34.504 INFO [main] org.apache.jasper.servlet.TldScanner.scanJars At least one JAR was scanned for TLDs yet contained no TLDs. Enable debug logging for this logger for a complete list of JARs that were scanned but no TLDs were found in them. Skipping unneeded JARs during scanning can improve startup time and JSP compilation time.
17-Feb-2025 00:32:34.506 INFO [main] org.apache.catalina.startup.HostConfig.deployDirectory Deployment of web application directory [/home/alumne/proj/FIB-PTI/servlets/apache-tomcat-10.0.10/webapps/manager] has finished in [20] ms
17-Feb-2025 00:32:34.506 INFO [main] org.apache.catalina.startup.HostConfig.deployDirectory Deploying web application directory [/home/alumne/proj/FIB-PTI/servlets/apache-tomcat-10.0.10/webapps/docs]
17-Feb-2025 00:32:34.530 INFO [main] org.apache.jasper.servlet.TldScanner.scanJars At least one JAR was scanned for TLDs yet contained no TLDs. Enable debug logging for this logger for a complete list of JARs that were scanned but no TLDs were found in them. Skipping unneeded JARs during scanning can improve startup time and JSP compilation time.
17-Feb-2025 00:32:34.532 INFO [main] org.apache.catalina.startup.HostConfig.deployDirectory Deployment of web application directory [/home/alumne/proj/FIB-PTI/servlets/apache-tomcat-10.0.10/webapps/docs] has finished in [26] ms
17-Feb-2025 00:32:34.533 INFO [main] org.apache.catalina.startup.HostConfig.deployDirectory Deploying web application directory [/home/alumne/proj/FIB-PTI/servlets/apache-tomcat-10.0.10/webapps/examples]
17-Feb-2025 00:32:34.775 INFO [main] org.apache.jasper.servlet.TldScanner.scanJars At least one JAR was scanned for TLDs yet contained no TLDs. Enable debug logging for this logger for a complete list of JARs that were scanned but no TLDs were found in them. Skipping unneeded JARs during scanning can improve startup time and JSP compilation time.
17-Feb-2025 00:32:34.788 INFO [main] org.apache.catalina.startup.HostConfig.deployDirectory Deployment of web application directory [/home/alumne/proj/FIB-PTI/servlets/apache-tomcat-10.0.10/webapps/examples] has finished in [255] ms
17-Feb-2025 00:32:34.802 INFO [main] org.apache.coyote.AbstractProtocol.start Starting ProtocolHandler ["http-nio-8080"]
17-Feb-2025 00:32:34.831 INFO [main] org.apache.catalina.startup.Catalina.start Server startup in [741] milliseconds
17-Feb-2025 00:33:08.661 INFO [main] org.apache.catalina.core.StandardServer.await A valid shutdown command was received via the shutdown port. Stopping the Server instance.
17-Feb-2025 00:33:08.662 INFO [main] org.apache.coyote.AbstractProtocol.pause Pausing ProtocolHandler ["http-nio-8080"]
17-Feb-2025 00:33:08.672 INFO [main] org.apache.catalina.core.StandardService.stopInternal Stopping service [Catalina]
17-Feb-2025 00:33:08.684 WARNING [main] org.apache.catalina.loader.WebappClassLoaderBase.clearReferencesObjectStreamClassCaches Failed to clear soft references from ObjectStreamClass$Caches for web application [ROOT]
	java.lang.ClassCastException: class java.io.ObjectStreamClass$Caches$1 cannot be cast to class java.util.Map (java.io.ObjectStreamClass$Caches$1 and java.util.Map are in module java.base of loader 'bootstrap')
		at org.apache.catalina.loader.WebappClassLoaderBase.clearCache(WebappClassLoaderBase.java:2363)
		at org.apache.catalina.loader.WebappClassLoaderBase.clearReferencesObjectStreamClassCaches(WebappClassLoaderBase.java:2338)
		at org.apache.catalina.loader.WebappClassLoaderBase.clearReferences(WebappClassLoaderBase.java:1706)
		at org.apache.catalina.loader.WebappClassLoaderBase.stop(WebappClassLoaderBase.java:1634)
		at org.apache.catalina.loader.WebappLoader.stopInternal(WebappLoader.java:429)
		at org.apache.catalina.util.LifecycleBase.stop(LifecycleBase.java:257)
		at org.apache.catalina.core.StandardContext.stopInternal(StandardContext.java:5464)
		at org.apache.catalina.util.LifecycleBase.stop(LifecycleBase.java:257)
		at org.apache.catalina.core.ContainerBase$StopChild.call(ContainerBase.java:1412)
		at org.apache.catalina.core.ContainerBase$StopChild.call(ContainerBase.java:1401)
		at java.base/java.util.concurrent.FutureTask.run(FutureTask.java:264)
		at org.apache.tomcat.util.threads.InlineExecutorService.execute(InlineExecutorService.java:75)
		at java.base/java.util.concurrent.AbstractExecutorService.submit(AbstractExecutorService.java:140)
		at org.apache.catalina.core.ContainerBase.stopInternal(ContainerBase.java:986)
		at org.apache.catalina.util.LifecycleBase.stop(LifecycleBase.java:257)
		at org.apache.catalina.core.ContainerBase$StopChild.call(ContainerBase.java:1412)
		at org.apache.catalina.core.ContainerBase$StopChild.call(ContainerBase.java:1401)
		at java.base/java.util.concurrent.FutureTask.run(FutureTask.java:264)
		at org.apache.tomcat.util.threads.InlineExecutorService.execute(InlineExecutorService.java:75)
		at java.base/java.util.concurrent.AbstractExecutorService.submit(AbstractExecutorService.java:140)
		at org.apache.catalina.core.ContainerBase.stopInternal(ContainerBase.java:986)
		at org.apache.catalina.util.LifecycleBase.stop(LifecycleBase.java:257)
		at org.apache.catalina.core.StandardService.stopInternal(StandardService.java:497)
		at org.apache.catalina.util.LifecycleBase.stop(LifecycleBase.java:257)
		at org.apache.catalina.core.StandardServer.stopInternal(StandardServer.java:979)
		at org.apache.catalina.util.LifecycleBase.stop(LifecycleBase.java:257)
		at org.apache.catalina.startup.Catalina.stop(Catalina.java:872)
		at org.apache.catalina.startup.Catalina.start(Catalina.java:834)
		at java.base/jdk.internal.reflect.NativeMethodAccessorImpl.invoke0(Native Method)
		at java.base/jdk.internal.reflect.NativeMethodAccessorImpl.invoke(NativeMethodAccessorImpl.java:62)
		at java.base/jdk.internal.reflect.DelegatingMethodAccessorImpl.invoke(DelegatingMethodAccessorImpl.java:43)
		at java.base/java.lang.reflect.Method.invoke(Method.java:566)
		at org.apache.catalina.startup.Bootstrap.start(Bootstrap.java:345)
		at org.apache.catalina.startup.Bootstrap.main(Bootstrap.java:476)
17-Feb-2025 00:33:08.698 WARNING [main] org.apache.catalina.loader.WebappClassLoaderBase.clearReferencesObjectStreamClassCaches Failed to clear soft references from ObjectStreamClass$Caches for web application [examples]
	java.lang.ClassCastException: class java.io.ObjectStreamClass$Caches$1 cannot be cast to class java.util.Map (java.io.ObjectStreamClass$Caches$1 and java.util.Map are in module java.base of loader 'bootstrap')
		at org.apache.catalina.loader.WebappClassLoaderBase.clearCache(WebappClassLoaderBase.java:2363)
		at org.apache.catalina.loader.WebappClassLoaderBase.clearReferencesObjectStreamClassCaches(WebappClassLoaderBase.java:2338)
		at org.apache.catalina.loader.WebappClassLoaderBase.clearReferences(WebappClassLoaderBase.java:1706)
		at org.apache.catalina.loader.WebappClassLoaderBase.stop(WebappClassLoaderBase.java:1634)
		at org.apache.catalina.loader.WebappLoader.stopInternal(WebappLoader.java:429)
		at org.apache.catalina.util.LifecycleBase.stop(LifecycleBase.java:257)
		at org.apache.catalina.core.StandardContext.stopInternal(StandardContext.java:5464)
		at org.apache.catalina.util.LifecycleBase.stop(LifecycleBase.java:257)
		at org.apache.catalina.core.ContainerBase$StopChild.call(ContainerBase.java:1412)
		at org.apache.catalina.core.ContainerBase$StopChild.call(ContainerBase.java:1401)
		at java.base/java.util.concurrent.FutureTask.run(FutureTask.java:264)
		at org.apache.tomcat.util.threads.InlineExecutorService.execute(InlineExecutorService.java:75)
		at java.base/java.util.concurrent.AbstractExecutorService.submit(AbstractExecutorService.java:140)
		at org.apache.catalina.core.ContainerBase.stopInternal(ContainerBase.java:986)
		at org.apache.catalina.util.LifecycleBase.stop(LifecycleBase.java:257)
		at org.apache.catalina.core.ContainerBase$StopChild.call(ContainerBase.java:1412)
		at org.apache.catalina.core.ContainerBase$StopChild.call(ContainerBase.java:1401)
		at java.base/java.util.concurrent.FutureTask.run(FutureTask.java:264)
		at org.apache.tomcat.util.threads.InlineExecutorService.execute(InlineExecutorService.java:75)
		at java.base/java.util.concurrent.AbstractExecutorService.submit(AbstractExecutorService.java:140)
		at org.apache.catalina.core.ContainerBase.stopInternal(ContainerBase.java:986)
		at org.apache.catalina.util.LifecycleBase.stop(LifecycleBase.java:257)
		at org.apache.catalina.core.StandardService.stopInternal(StandardService.java:497)
		at org.apache.catalina.util.LifecycleBase.stop(LifecycleBase.java:257)
		at org.apache.catalina.core.StandardServer.stopInternal(StandardServer.java:979)
		at org.apache.catalina.util.LifecycleBase.stop(LifecycleBase.java:257)
		at org.apache.catalina.startup.Catalina.stop(Catalina.java:872)
		at org.apache.catalina.startup.Catalina.start(Catalina.java:834)
		at java.base/jdk.internal.reflect.NativeMethodAccessorImpl.invoke0(Native Method)
		at java.base/jdk.internal.reflect.NativeMethodAccessorImpl.invoke(NativeMethodAccessorImpl.java:62)
		at java.base/jdk.internal.reflect.DelegatingMethodAccessorImpl.invoke(DelegatingMethodAccessorImpl.java:43)
		at java.base/java.lang.reflect.Method.invoke(Method.java:566)
		at org.apache.catalina.startup.Bootstrap.start(Bootstrap.java:345)
		at org.apache.catalina.startup.Bootstrap.main(Bootstrap.java:476)
17-Feb-2025 00:33:08.709 WARNING [main] org.apache.catalina.loader.WebappClassLoaderBase.clearReferencesObjectStreamClassCaches Failed to clear soft references from ObjectStreamClass$Caches for web application [host-manager]
	java.lang.ClassCastException: class java.io.ObjectStreamClass$Caches$1 cannot be cast to class java.util.Map (java.io.ObjectStreamClass$Caches$1 and java.util.Map are in module java.base of loader 'bootstrap')
		at org.apache.catalina.loader.WebappClassLoaderBase.clearCache(WebappClassLoaderBase.java:2363)
		at org.apache.catalina.loader.WebappClassLoaderBase.clearReferencesObjectStreamClassCaches(WebappClassLoaderBase.java:2338)
		at org.apache.catalina.loader.WebappClassLoaderBase.clearReferences(WebappClassLoaderBase.java:1706)
		at org.apache.catalina.loader.WebappClassLoaderBase.stop(WebappClassLoaderBase.java:1634)
		at org.apache.catalina.loader.WebappLoader.stopInternal(WebappLoader.java:429)
		at org.apache.catalina.util.LifecycleBase.stop(LifecycleBase.java:257)
		at org.apache.catalina.core.StandardContext.stopInternal(StandardContext.java:5464)
		at org.apache.catalina.util.LifecycleBase.stop(LifecycleBase.java:257)
		at org.apache.catalina.core.ContainerBase$StopChild.call(ContainerBase.java:1412)
		at org.apache.catalina.core.ContainerBase$StopChild.call(ContainerBase.java:1401)
		at java.base/java.util.concurrent.FutureTask.run(FutureTask.java:264)
		at org.apache.tomcat.util.threads.InlineExecutorService.execute(InlineExecutorService.java:75)
		at java.base/java.util.concurrent.AbstractExecutorService.submit(AbstractExecutorService.java:140)
		at org.apache.catalina.core.ContainerBase.stopInternal(ContainerBase.java:986)
		at org.apache.catalina.util.LifecycleBase.stop(LifecycleBase.java:257)
		at org.apache.catalina.core.ContainerBase$StopChild.call(ContainerBase.java:1412)
		at org.apache.catalina.core.ContainerBase$StopChild.call(ContainerBase.java:1401)
		at java.base/java.util.concurrent.FutureTask.run(FutureTask.java:264)
		at org.apache.tomcat.util.threads.InlineExecutorService.execute(InlineExecutorService.java:75)
		at java.base/java.util.concurrent.AbstractExecutorService.submit(AbstractExecutorService.java:140)
		at org.apache.catalina.core.ContainerBase.stopInternal(ContainerBase.java:986)
		at org.apache.catalina.util.LifecycleBase.stop(LifecycleBase.java:257)
		at org.apache.catalina.core.StandardService.stopInternal(StandardService.java:497)
		at org.apache.catalina.util.LifecycleBase.stop(LifecycleBase.java:257)
		at org.apache.catalina.core.StandardServer.stopInternal(StandardServer.java:979)
		at org.apache.catalina.util.LifecycleBase.stop(LifecycleBase.java:257)
		at org.apache.catalina.startup.Catalina.stop(Catalina.java:872)
		at org.apache.catalina.startup.Catalina.start(Catalina.java:834)
		at java.base/jdk.internal.reflect.NativeMethodAccessorImpl.invoke0(Native Method)
		at java.base/jdk.internal.reflect.NativeMethodAccessorImpl.invoke(NativeMethodAccessorImpl.java:62)
		at java.base/jdk.internal.reflect.DelegatingMethodAccessorImpl.invoke(DelegatingMethodAccessorImpl.java:43)
		at java.base/java.lang.reflect.Method.invoke(Method.java:566)
		at org.apache.catalina.startup.Bootstrap.start(Bootstrap.java:345)
		at org.apache.catalina.startup.Bootstrap.main(Bootstrap.java:476)
17-Feb-2025 00:33:08.722 WARNING [main] org.apache.catalina.loader.WebappClassLoaderBase.clearReferencesObjectStreamClassCaches Failed to clear soft references from ObjectStreamClass$Caches for web application [my_webapp]
	java.lang.ClassCastException: class java.io.ObjectStreamClass$Caches$1 cannot be cast to class java.util.Map (java.io.ObjectStreamClass$Caches$1 and java.util.Map are in module java.base of loader 'bootstrap')
		at org.apache.catalina.loader.WebappClassLoaderBase.clearCache(WebappClassLoaderBase.java:2363)
		at org.apache.catalina.loader.WebappClassLoaderBase.clearReferencesObjectStreamClassCaches(WebappClassLoaderBase.java:2338)
		at org.apache.catalina.loader.WebappClassLoaderBase.clearReferences(WebappClassLoaderBase.java:1706)
		at org.apache.catalina.loader.WebappClassLoaderBase.stop(WebappClassLoaderBase.java:1634)
		at org.apache.catalina.loader.WebappLoader.stopInternal(WebappLoader.java:429)
		at org.apache.catalina.util.LifecycleBase.stop(LifecycleBase.java:257)
		at org.apache.catalina.core.StandardContext.stopInternal(StandardContext.java:5464)
		at org.apache.catalina.util.LifecycleBase.stop(LifecycleBase.java:257)
		at org.apache.catalina.core.ContainerBase$StopChild.call(ContainerBase.java:1412)
		at org.apache.catalina.core.ContainerBase$StopChild.call(ContainerBase.java:1401)
		at java.base/java.util.concurrent.FutureTask.run(FutureTask.java:264)
		at org.apache.tomcat.util.threads.InlineExecutorService.execute(InlineExecutorService.java:75)
		at java.base/java.util.concurrent.AbstractExecutorService.submit(AbstractExecutorService.java:140)
		at org.apache.catalina.core.ContainerBase.stopInternal(ContainerBase.java:986)
		at org.apache.catalina.util.LifecycleBase.stop(LifecycleBase.java:257)
		at org.apache.catalina.core.ContainerBase$StopChild.call(ContainerBase.java:1412)
		at org.apache.catalina.core.ContainerBase$StopChild.call(ContainerBase.java:1401)
		at java.base/java.util.concurrent.FutureTask.run(FutureTask.java:264)
		at org.apache.tomcat.util.threads.InlineExecutorService.execute(InlineExecutorService.java:75)
		at java.base/java.util.concurrent.AbstractExecutorService.submit(AbstractExecutorService.java:140)
		at org.apache.catalina.core.ContainerBase.stopInternal(ContainerBase.java:986)
		at org.apache.catalina.util.LifecycleBase.stop(LifecycleBase.java:257)
		at org.apache.catalina.core.StandardService.stopInternal(StandardService.java:497)
		at org.apache.catalina.util.LifecycleBase.stop(LifecycleBase.java:257)
		at org.apache.catalina.core.StandardServer.stopInternal(StandardServer.java:979)
		at org.apache.catalina.util.LifecycleBase.stop(LifecycleBase.java:257)
		at org.apache.catalina.startup.Catalina.stop(Catalina.java:872)
		at org.apache.catalina.startup.Catalina.start(Catalina.java:834)
		at java.base/jdk.internal.reflect.NativeMethodAccessorImpl.invoke0(Native Method)
		at java.base/jdk.internal.reflect.NativeMethodAccessorImpl.invoke(NativeMethodAccessorImpl.java:62)
		at java.base/jdk.internal.reflect.DelegatingMethodAccessorImpl.invoke(DelegatingMethodAccessorImpl.java:43)
		at java.base/java.lang.reflect.Method.invoke(Method.java:566)
		at org.apache.catalina.startup.Bootstrap.start(Bootstrap.java:345)
		at org.apache.catalina.startup.Bootstrap.main(Bootstrap.java:476)
17-Feb-2025 00:33:08.729 WARNING [main] org.apache.catalina.loader.WebappClassLoaderBase.clearReferencesObjectStreamClassCaches Failed to clear soft references from ObjectStreamClass$Caches for web application [manager]
	java.lang.ClassCastException: class java.io.ObjectStreamClass$Caches$1 cannot be cast to class java.util.Map (java.io.ObjectStreamClass$Caches$1 and java.util.Map are in module java.base of loader 'bootstrap')
		at org.apache.catalina.loader.WebappClassLoaderBase.clearCache(WebappClassLoaderBase.java:2363)
		at org.apache.catalina.loader.WebappClassLoaderBase.clearReferencesObjectStreamClassCaches(WebappClassLoaderBase.java:2338)
		at org.apache.catalina.loader.WebappClassLoaderBase.clearReferences(WebappClassLoaderBase.java:1706)
		at org.apache.catalina.loader.WebappClassLoaderBase.stop(WebappClassLoaderBase.java:1634)
		at org.apache.catalina.loader.WebappLoader.stopInternal(WebappLoader.java:429)
		at org.apache.catalina.util.LifecycleBase.stop(LifecycleBase.java:257)
		at org.apache.catalina.core.StandardContext.stopInternal(StandardContext.java:5464)
		at org.apache.catalina.util.LifecycleBase.stop(LifecycleBase.java:257)
		at org.apache.catalina.core.ContainerBase$StopChild.call(ContainerBase.java:1412)
		at org.apache.catalina.core.ContainerBase$StopChild.call(ContainerBase.java:1401)
		at java.base/java.util.concurrent.FutureTask.run(FutureTask.java:264)
		at org.apache.tomcat.util.threads.InlineExecutorService.execute(InlineExecutorService.java:75)
		at java.base/java.util.concurrent.AbstractExecutorService.submit(AbstractExecutorService.java:140)
		at org.apache.catalina.core.ContainerBase.stopInternal(ContainerBase.java:986)
		at org.apache.catalina.util.LifecycleBase.stop(LifecycleBase.java:257)
		at org.apache.catalina.core.ContainerBase$StopChild.call(ContainerBase.java:1412)
		at org.apache.catalina.core.ContainerBase$StopChild.call(ContainerBase.java:1401)
		at java.base/java.util.concurrent.FutureTask.run(FutureTask.java:264)
		at org.apache.tomcat.util.threads.InlineExecutorService.execute(InlineExecutorService.java:75)
		at java.base/java.util.concurrent.AbstractExecutorService.submit(AbstractExecutorService.java:140)
		at org.apache.catalina.core.ContainerBase.stopInternal(ContainerBase.java:986)
		at org.apache.catalina.util.LifecycleBase.stop(LifecycleBase.java:257)
		at org.apache.catalina.core.StandardService.stopInternal(StandardService.java:497)
		at org.apache.catalina.util.LifecycleBase.stop(LifecycleBase.java:257)
		at org.apache.catalina.core.StandardServer.stopInternal(StandardServer.java:979)
		at org.apache.catalina.util.LifecycleBase.stop(LifecycleBase.java:257)
		at org.apache.catalina.startup.Catalina.stop(Catalina.java:872)
		at org.apache.catalina.startup.Catalina.start(Catalina.java:834)
		at java.base/jdk.internal.reflect.NativeMethodAccessorImpl.invoke0(Native Method)
		at java.base/jdk.internal.reflect.NativeMethodAccessorImpl.invoke(NativeMethodAccessorImpl.java:62)
		at java.base/jdk.internal.reflect.DelegatingMethodAccessorImpl.invoke(DelegatingMethodAccessorImpl.java:43)
		at java.base/java.lang.reflect.Method.invoke(Method.java:566)
		at org.apache.catalina.startup.Bootstrap.start(Bootstrap.java:345)
		at org.apache.catalina.startup.Bootstrap.main(Bootstrap.java:476)
17-Feb-2025 00:33:08.731 WARNING [main] org.apache.catalina.loader.WebappClassLoaderBase.clearReferencesObjectStreamClassCaches Failed to clear soft references from ObjectStreamClass$Caches for web application [docs]
	java.lang.ClassCastException: class java.io.ObjectStreamClass$Caches$1 cannot be cast to class java.util.Map (java.io.ObjectStreamClass$Caches$1 and java.util.Map are in module java.base of loader 'bootstrap')
		at org.apache.catalina.loader.WebappClassLoaderBase.clearCache(WebappClassLoaderBase.java:2363)
		at org.apache.catalina.loader.WebappClassLoaderBase.clearReferencesObjectStreamClassCaches(WebappClassLoaderBase.java:2338)
		at org.apache.catalina.loader.WebappClassLoaderBase.clearReferences(WebappClassLoaderBase.java:1706)
		at org.apache.catalina.loader.WebappClassLoaderBase.stop(WebappClassLoaderBase.java:1634)
		at org.apache.catalina.loader.WebappLoader.stopInternal(WebappLoader.java:429)
		at org.apache.catalina.util.LifecycleBase.stop(LifecycleBase.java:257)
		at org.apache.catalina.core.StandardContext.stopInternal(StandardContext.java:5464)
		at org.apache.catalina.util.LifecycleBase.stop(LifecycleBase.java:257)
		at org.apache.catalina.core.ContainerBase$StopChild.call(ContainerBase.java:1412)
		at org.apache.catalina.core.ContainerBase$StopChild.call(ContainerBase.java:1401)
		at java.base/java.util.concurrent.FutureTask.run(FutureTask.java:264)
		at org.apache.tomcat.util.threads.InlineExecutorService.execute(InlineExecutorService.java:75)
		at java.base/java.util.concurrent.AbstractExecutorService.submit(AbstractExecutorService.java:140)
		at org.apache.catalina.core.ContainerBase.stopInternal(ContainerBase.java:986)
		at org.apache.catalina.util.LifecycleBase.stop(LifecycleBase.java:257)
		at org.apache.catalina.core.ContainerBase$StopChild.call(ContainerBase.java:1412)
		at org.apache.catalina.core.ContainerBase$StopChild.call(ContainerBase.java:1401)
		at java.base/java.util.concurrent.FutureTask.run(FutureTask.java:264)
		at org.apache.tomcat.util.threads.InlineExecutorService.execute(InlineExecutorService.java:75)
		at java.base/java.util.concurrent.AbstractExecutorService.submit(AbstractExecutorService.java:140)
		at org.apache.catalina.core.ContainerBase.stopInternal(ContainerBase.java:986)
		at org.apache.catalina.util.LifecycleBase.stop(LifecycleBase.java:257)
		at org.apache.catalina.core.StandardService.stopInternal(StandardService.java:497)
		at org.apache.catalina.util.LifecycleBase.stop(LifecycleBase.java:257)
		at org.apache.catalina.core.StandardServer.stopInternal(StandardServer.java:979)
		at org.apache.catalina.util.LifecycleBase.stop(LifecycleBase.java:257)
		at org.apache.catalina.startup.Catalina.stop(Catalina.java:872)
		at org.apache.catalina.startup.Catalina.start(Catalina.java:834)
		at java.base/jdk.internal.reflect.NativeMethodAccessorImpl.invoke0(Native Method)
		at java.base/jdk.internal.reflect.NativeMethodAccessorImpl.invoke(NativeMethodAccessorImpl.java:62)
		at java.base/jdk.internal.reflect.DelegatingMethodAccessorImpl.invoke(DelegatingMethodAccessorImpl.java:43)
		at java.base/java.lang.reflect.Method.invoke(Method.java:566)
		at org.apache.catalina.startup.Bootstrap.start(Bootstrap.java:345)
		at org.apache.catalina.startup.Bootstrap.main(Bootstrap.java:476)
17-Feb-2025 00:33:08.732 INFO [main] org.apache.coyote.AbstractProtocol.stop Stopping ProtocolHandler ["http-nio-8080"]
17-Feb-2025 00:33:08.775 INFO [main] org.apache.coyote.AbstractProtocol.destroy Destroying ProtocolHandler ["http-nio-8080"]
17-Feb-2025 00:33:09.346 INFO [main] org.apache.catalina.startup.VersionLoggerListener.log Server version name:   Apache Tomcat/10.0.10
17-Feb-2025 00:33:09.351 INFO [main] org.apache.catalina.startup.VersionLoggerListener.log Server built:          Jul 30 2021 09:51:27 UTC
17-Feb-2025 00:33:09.352 INFO [main] org.apache.catalina.startup.VersionLoggerListener.log Server version number: 10.0.10.0
17-Feb-2025 00:33:09.352 INFO [main] org.apache.catalina.startup.VersionLoggerListener.log OS Name:               Linux
17-Feb-2025 00:33:09.353 INFO [main] org.apache.catalina.startup.VersionLoggerListener.log OS Version:            5.15.0-92-generic
17-Feb-2025 00:33:09.353 INFO [main] org.apache.catalina.startup.VersionLoggerListener.log Architecture:          amd64
17-Feb-2025 00:33:09.353 INFO [main] org.apache.catalina.startup.VersionLoggerListener.log Java Home:             /usr/lib/jvm/java-11-openjdk-amd64
17-Feb-2025 00:33:09.353 INFO [main] org.apache.catalina.startup.VersionLoggerListener.log JVM Version:           11.0.26+4-post-Ubuntu-1ubuntu122.04
17-Feb-2025 00:33:09.354 INFO [main] org.apache.catalina.startup.VersionLoggerListener.log JVM Vendor:            Ubuntu
17-Feb-2025 00:33:09.354 INFO [main] org.apache.catalina.startup.VersionLoggerListener.log CATALINA_BASE:         /home/alumne/proj/FIB-PTI/servlets/apache-tomcat-10.0.10
17-Feb-2025 00:33:09.354 INFO [main] org.apache.catalina.startup.VersionLoggerListener.log CATALINA_HOME:         /home/alumne/proj/FIB-PTI/servlets/apache-tomcat-10.0.10
17-Feb-2025 00:33:09.384 INFO [main] org.apache.catalina.startup.VersionLoggerListener.log Command line argument: --add-opens=java.base/java.lang=ALL-UNNAMED
17-Feb-2025 00:33:09.385 INFO [main] org.apache.catalina.startup.VersionLoggerListener.log Command line argument: --add-opens=java.base/java.io=ALL-UNNAMED
17-Feb-2025 00:33:09.385 INFO [main] org.apache.catalina.startup.VersionLoggerListener.log Command line argument: --add-opens=java.base/java.util=ALL-UNNAMED
17-Feb-2025 00:33:09.385 INFO [main] org.apache.catalina.startup.VersionLoggerListener.log Command line argument: --add-opens=java.base/java.util.concurrent=ALL-UNNAMED
17-Feb-2025 00:33:09.386 INFO [main] org.apache.catalina.startup.VersionLoggerListener.log Command line argument: --add-opens=java.rmi/sun.rmi.transport=ALL-UNNAMED
17-Feb-2025 00:33:09.387 INFO [main] org.apache.catalina.startup.VersionLoggerListener.log Command line argument: -Djava.util.logging.config.file=/home/alumne/proj/FIB-PTI/servlets/apache-tomcat-10.0.10/conf/logging.properties
17-Feb-2025 00:33:09.387 INFO [main] org.apache.catalina.startup.VersionLoggerListener.log Command line argument: -Djava.util.logging.manager=org.apache.juli.ClassLoaderLogManager
17-Feb-2025 00:33:09.388 INFO [main] org.apache.catalina.startup.VersionLoggerListener.log Command line argument: -Djdk.tls.ephemeralDHKeySize=2048
17-Feb-2025 00:33:09.389 INFO [main] org.apache.catalina.startup.VersionLoggerListener.log Command line argument: -Djava.protocol.handler.pkgs=org.apache.catalina.webresources
17-Feb-2025 00:33:09.390 INFO [main] org.apache.catalina.startup.VersionLoggerListener.log Command line argument: -Dorg.apache.catalina.security.SecurityListener.UMASK=0027
17-Feb-2025 00:33:09.390 INFO [main] org.apache.catalina.startup.VersionLoggerListener.log Command line argument: -Dignore.endorsed.dirs=
17-Feb-2025 00:33:09.390 INFO [main] org.apache.catalina.startup.VersionLoggerListener.log Command line argument: -Dcatalina.base=/home/alumne/proj/FIB-PTI/servlets/apache-tomcat-10.0.10
17-Feb-2025 00:33:09.390 INFO [main] org.apache.catalina.startup.VersionLoggerListener.log Command line argument: -Dcatalina.home=/home/alumne/proj/FIB-PTI/servlets/apache-tomcat-10.0.10
17-Feb-2025 00:33:09.390 INFO [main] org.apache.catalina.startup.VersionLoggerListener.log Command line argument: -Djava.io.tmpdir=/home/alumne/proj/FIB-PTI/servlets/apache-tomcat-10.0.10/temp
17-Feb-2025 00:33:09.393 INFO [main] org.apache.catalina.core.AprLifecycleListener.lifecycleEvent The Apache Tomcat Native library which allows using OpenSSL was not found on the java.library.path: [/home/alumne/catkin_ws/devel/lib:/opt/ros/noetic/lib:/tmp/.mount_cursor8aCjg4/usr/lib:/usr/java/packages/lib:/usr/lib/x86_64-linux-gnu/jni:/lib/x86_64-linux-gnu:/usr/lib/x86_64-linux-gnu:/usr/lib/jni:/lib:/usr/lib]
17-Feb-2025 00:33:09.775 INFO [main] org.apache.coyote.AbstractProtocol.init Initializing ProtocolHandler ["http-nio-8080"]
17-Feb-2025 00:33:09.799 INFO [main] org.apache.catalina.startup.Catalina.load Server initialization in [738] milliseconds
17-Feb-2025 00:33:09.851 INFO [main] org.apache.catalina.core.StandardService.startInternal Starting service [Catalina]
17-Feb-2025 00:33:09.852 INFO [main] org.apache.catalina.core.StandardEngine.startInternal Starting Servlet engine: [Apache Tomcat/10.0.10]
17-Feb-2025 00:33:09.860 INFO [main] org.apache.catalina.startup.HostConfig.deployDirectory Deploying web application directory [/home/alumne/proj/FIB-PTI/servlets/apache-tomcat-10.0.10/webapps/host-manager]
17-Feb-2025 00:33:10.105 INFO [main] org.apache.jasper.servlet.TldScanner.scanJars At least one JAR was scanned for TLDs yet contained no TLDs. Enable debug logging for this logger for a complete list of JARs that were scanned but no TLDs were found in them. Skipping unneeded JARs during scanning can improve startup time and JSP compilation time.
17-Feb-2025 00:33:10.160 INFO [main] org.apache.catalina.startup.HostConfig.deployDirectory Deployment of web application directory [/home/alumne/proj/FIB-PTI/servlets/apache-tomcat-10.0.10/webapps/host-manager] has finished in [300] ms
17-Feb-2025 00:33:10.161 INFO [main] org.apache.catalina.startup.HostConfig.deployDirectory Deploying web application directory [/home/alumne/proj/FIB-PTI/servlets/apache-tomcat-10.0.10/webapps/ROOT]
17-Feb-2025 00:33:10.178 INFO [main] org.apache.jasper.servlet.TldScanner.scanJars At least one JAR was scanned for TLDs yet contained no TLDs. Enable debug logging for this logger for a complete list of JARs that were scanned but no TLDs were found in them. Skipping unneeded JARs during scanning can improve startup time and JSP compilation time.
17-Feb-2025 00:33:10.180 INFO [main] org.apache.catalina.startup.HostConfig.deployDirectory Deployment of web application directory [/home/alumne/proj/FIB-PTI/servlets/apache-tomcat-10.0.10/webapps/ROOT] has finished in [19] ms
17-Feb-2025 00:33:10.180 INFO [main] org.apache.catalina.startup.HostConfig.deployDirectory Deploying web application directory [/home/alumne/proj/FIB-PTI/servlets/apache-tomcat-10.0.10/webapps/my_webapp]
17-Feb-2025 00:33:10.221 INFO [main] org.apache.jasper.servlet.TldScanner.scanJars At least one JAR was scanned for TLDs yet contained no TLDs. Enable debug logging for this logger for a complete list of JARs that were scanned but no TLDs were found in them. Skipping unneeded JARs during scanning can improve startup time and JSP compilation time.
17-Feb-2025 00:33:10.228 INFO [main] org.apache.catalina.startup.HostConfig.deployDirectory Deployment of web application directory [/home/alumne/proj/FIB-PTI/servlets/apache-tomcat-10.0.10/webapps/my_webapp] has finished in [48] ms
17-Feb-2025 00:33:10.228 INFO [main] org.apache.catalina.startup.HostConfig.deployDirectory Deploying web application directory [/home/alumne/proj/FIB-PTI/servlets/apache-tomcat-10.0.10/webapps/manager]
17-Feb-2025 00:33:10.247 INFO [main] org.apache.jasper.servlet.TldScanner.scanJars At least one JAR was scanned for TLDs yet contained no TLDs. Enable debug logging for this logger for a complete list of JARs that were scanned but no TLDs were found in them. Skipping unneeded JARs during scanning can improve startup time and JSP compilation time.
17-Feb-2025 00:33:10.248 INFO [main] org.apache.catalina.startup.HostConfig.deployDirectory Deployment of web application directory [/home/alumne/proj/FIB-PTI/servlets/apache-tomcat-10.0.10/webapps/manager] has finished in [20] ms
17-Feb-2025 00:33:10.249 INFO [main] org.apache.catalina.startup.HostConfig.deployDirectory Deploying web application directory [/home/alumne/proj/FIB-PTI/servlets/apache-tomcat-10.0.10/webapps/docs]
17-Feb-2025 00:33:10.266 INFO [main] org.apache.jasper.servlet.TldScanner.scanJars At least one JAR was scanned for TLDs yet contained no TLDs. Enable debug logging for this logger for a complete list of JARs that were scanned but no TLDs were found in them. Skipping unneeded JARs during scanning can improve startup time and JSP compilation time.
17-Feb-2025 00:33:10.267 INFO [main] org.apache.catalina.startup.HostConfig.deployDirectory Deployment of web application directory [/home/alumne/proj/FIB-PTI/servlets/apache-tomcat-10.0.10/webapps/docs] has finished in [18] ms
17-Feb-2025 00:33:10.268 INFO [main] org.apache.catalina.startup.HostConfig.deployDirectory Deploying web application directory [/home/alumne/proj/FIB-PTI/servlets/apache-tomcat-10.0.10/webapps/examples]
17-Feb-2025 00:33:10.650 INFO [main] org.apache.jasper.servlet.TldScanner.scanJars At least one JAR was scanned for TLDs yet contained no TLDs. Enable debug logging for this logger for a complete list of JARs that were scanned but no TLDs were found in them. Skipping unneeded JARs during scanning can improve startup time and JSP compilation time.
17-Feb-2025 00:33:10.665 INFO [main] org.apache.catalina.startup.HostConfig.deployDirectory Deployment of web application directory [/home/alumne/proj/FIB-PTI/servlets/apache-tomcat-10.0.10/webapps/examples] has finished in [397] ms
17-Feb-2025 00:33:10.680 INFO [main] org.apache.coyote.AbstractProtocol.start Starting ProtocolHandler ["http-nio-8080"]
17-Feb-2025 00:33:10.699 INFO [main] org.apache.catalina.startup.Catalina.start Server startup in [899] milliseconds
17-Feb-2025 00:37:08.914 INFO [main] org.apache.catalina.core.StandardServer.await A valid shutdown command was received via the shutdown port. Stopping the Server instance.
17-Feb-2025 00:37:08.917 INFO [main] org.apache.coyote.AbstractProtocol.pause Pausing ProtocolHandler ["http-nio-8080"]
17-Feb-2025 00:37:08.929 INFO [main] org.apache.catalina.core.StandardService.stopInternal Stopping service [Catalina]
17-Feb-2025 00:37:08.972 WARNING [main] org.apache.catalina.loader.WebappClassLoaderBase.clearReferencesObjectStreamClassCaches Failed to clear soft references from ObjectStreamClass$Caches for web application [ROOT]
	java.lang.ClassCastException: class java.io.ObjectStreamClass$Caches$1 cannot be cast to class java.util.Map (java.io.ObjectStreamClass$Caches$1 and java.util.Map are in module java.base of loader 'bootstrap')
		at org.apache.catalina.loader.WebappClassLoaderBase.clearCache(WebappClassLoaderBase.java:2363)
		at org.apache.catalina.loader.WebappClassLoaderBase.clearReferencesObjectStreamClassCaches(WebappClassLoaderBase.java:2338)
		at org.apache.catalina.loader.WebappClassLoaderBase.clearReferences(WebappClassLoaderBase.java:1706)
		at org.apache.catalina.loader.WebappClassLoaderBase.stop(WebappClassLoaderBase.java:1634)
		at org.apache.catalina.loader.WebappLoader.stopInternal(WebappLoader.java:429)
		at org.apache.catalina.util.LifecycleBase.stop(LifecycleBase.java:257)
		at org.apache.catalina.core.StandardContext.stopInternal(StandardContext.java:5464)
		at org.apache.catalina.util.LifecycleBase.stop(LifecycleBase.java:257)
		at org.apache.catalina.core.ContainerBase$StopChild.call(ContainerBase.java:1412)
		at org.apache.catalina.core.ContainerBase$StopChild.call(ContainerBase.java:1401)
		at java.base/java.util.concurrent.FutureTask.run(FutureTask.java:264)
		at org.apache.tomcat.util.threads.InlineExecutorService.execute(InlineExecutorService.java:75)
		at java.base/java.util.concurrent.AbstractExecutorService.submit(AbstractExecutorService.java:140)
		at org.apache.catalina.core.ContainerBase.stopInternal(ContainerBase.java:986)
		at org.apache.catalina.util.LifecycleBase.stop(LifecycleBase.java:257)
		at org.apache.catalina.core.ContainerBase$StopChild.call(ContainerBase.java:1412)
		at org.apache.catalina.core.ContainerBase$StopChild.call(ContainerBase.java:1401)
		at java.base/java.util.concurrent.FutureTask.run(FutureTask.java:264)
		at org.apache.tomcat.util.threads.InlineExecutorService.execute(InlineExecutorService.java:75)
		at java.base/java.util.concurrent.AbstractExecutorService.submit(AbstractExecutorService.java:140)
		at org.apache.catalina.core.ContainerBase.stopInternal(ContainerBase.java:986)
		at org.apache.catalina.util.LifecycleBase.stop(LifecycleBase.java:257)
		at org.apache.catalina.core.StandardService.stopInternal(StandardService.java:497)
		at org.apache.catalina.util.LifecycleBase.stop(LifecycleBase.java:257)
		at org.apache.catalina.core.StandardServer.stopInternal(StandardServer.java:979)
		at org.apache.catalina.util.LifecycleBase.stop(LifecycleBase.java:257)
		at org.apache.catalina.startup.Catalina.stop(Catalina.java:872)
		at org.apache.catalina.startup.Catalina.start(Catalina.java:834)
		at java.base/jdk.internal.reflect.NativeMethodAccessorImpl.invoke0(Native Method)
		at java.base/jdk.internal.reflect.NativeMethodAccessorImpl.invoke(NativeMethodAccessorImpl.java:62)
		at java.base/jdk.internal.reflect.DelegatingMethodAccessorImpl.invoke(DelegatingMethodAccessorImpl.java:43)
		at java.base/java.lang.reflect.Method.invoke(Method.java:566)
		at org.apache.catalina.startup.Bootstrap.start(Bootstrap.java:345)
		at org.apache.catalina.startup.Bootstrap.main(Bootstrap.java:476)
17-Feb-2025 00:37:09.046 WARNING [main] org.apache.catalina.loader.WebappClassLoaderBase.clearReferencesObjectStreamClassCaches Failed to clear soft references from ObjectStreamClass$Caches for web application [examples]
	java.lang.ClassCastException: class java.io.ObjectStreamClass$Caches$1 cannot be cast to class java.util.Map (java.io.ObjectStreamClass$Caches$1 and java.util.Map are in module java.base of loader 'bootstrap')
		at org.apache.catalina.loader.WebappClassLoaderBase.clearCache(WebappClassLoaderBase.java:2363)
		at org.apache.catalina.loader.WebappClassLoaderBase.clearReferencesObjectStreamClassCaches(WebappClassLoaderBase.java:2338)
		at org.apache.catalina.loader.WebappClassLoaderBase.clearReferences(WebappClassLoaderBase.java:1706)
		at org.apache.catalina.loader.WebappClassLoaderBase.stop(WebappClassLoaderBase.java:1634)
		at org.apache.catalina.loader.WebappLoader.stopInternal(WebappLoader.java:429)
		at org.apache.catalina.util.LifecycleBase.stop(LifecycleBase.java:257)
		at org.apache.catalina.core.StandardContext.stopInternal(StandardContext.java:5464)
		at org.apache.catalina.util.LifecycleBase.stop(LifecycleBase.java:257)
		at org.apache.catalina.core.ContainerBase$StopChild.call(ContainerBase.java:1412)
		at org.apache.catalina.core.ContainerBase$StopChild.call(ContainerBase.java:1401)
		at java.base/java.util.concurrent.FutureTask.run(FutureTask.java:264)
		at org.apache.tomcat.util.threads.InlineExecutorService.execute(InlineExecutorService.java:75)
		at java.base/java.util.concurrent.AbstractExecutorService.submit(AbstractExecutorService.java:140)
		at org.apache.catalina.core.ContainerBase.stopInternal(ContainerBase.java:986)
		at org.apache.catalina.util.LifecycleBase.stop(LifecycleBase.java:257)
		at org.apache.catalina.core.ContainerBase$StopChild.call(ContainerBase.java:1412)
		at org.apache.catalina.core.ContainerBase$StopChild.call(ContainerBase.java:1401)
		at java.base/java.util.concurrent.FutureTask.run(FutureTask.java:264)
		at org.apache.tomcat.util.threads.InlineExecutorService.execute(InlineExecutorService.java:75)
		at java.base/java.util.concurrent.AbstractExecutorService.submit(AbstractExecutorService.java:140)
		at org.apache.catalina.core.ContainerBase.stopInternal(ContainerBase.java:986)
		at org.apache.catalina.util.LifecycleBase.stop(LifecycleBase.java:257)
		at org.apache.catalina.core.StandardService.stopInternal(StandardService.java:497)
		at org.apache.catalina.util.LifecycleBase.stop(LifecycleBase.java:257)
		at org.apache.catalina.core.StandardServer.stopInternal(StandardServer.java:979)
		at org.apache.catalina.util.LifecycleBase.stop(LifecycleBase.java:257)
		at org.apache.catalina.startup.Catalina.stop(Catalina.java:872)
		at org.apache.catalina.startup.Catalina.start(Catalina.java:834)
		at java.base/jdk.internal.reflect.NativeMethodAccessorImpl.invoke0(Native Method)
		at java.base/jdk.internal.reflect.NativeMethodAccessorImpl.invoke(NativeMethodAccessorImpl.java:62)
		at java.base/jdk.internal.reflect.DelegatingMethodAccessorImpl.invoke(DelegatingMethodAccessorImpl.java:43)
		at java.base/java.lang.reflect.Method.invoke(Method.java:566)
		at org.apache.catalina.startup.Bootstrap.start(Bootstrap.java:345)
		at org.apache.catalina.startup.Bootstrap.main(Bootstrap.java:476)
17-Feb-2025 00:37:09.084 WARNING [main] org.apache.catalina.loader.WebappClassLoaderBase.clearReferencesObjectStreamClassCaches Failed to clear soft references from ObjectStreamClass$Caches for web application [host-manager]
	java.lang.ClassCastException: class java.io.ObjectStreamClass$Caches$1 cannot be cast to class java.util.Map (java.io.ObjectStreamClass$Caches$1 and java.util.Map are in module java.base of loader 'bootstrap')
		at org.apache.catalina.loader.WebappClassLoaderBase.clearCache(WebappClassLoaderBase.java:2363)
		at org.apache.catalina.loader.WebappClassLoaderBase.clearReferencesObjectStreamClassCaches(WebappClassLoaderBase.java:2338)
		at org.apache.catalina.loader.WebappClassLoaderBase.clearReferences(WebappClassLoaderBase.java:1706)
		at org.apache.catalina.loader.WebappClassLoaderBase.stop(WebappClassLoaderBase.java:1634)
		at org.apache.catalina.loader.WebappLoader.stopInternal(WebappLoader.java:429)
		at org.apache.catalina.util.LifecycleBase.stop(LifecycleBase.java:257)
		at org.apache.catalina.core.StandardContext.stopInternal(StandardContext.java:5464)
		at org.apache.catalina.util.LifecycleBase.stop(LifecycleBase.java:257)
		at org.apache.catalina.core.ContainerBase$StopChild.call(ContainerBase.java:1412)
		at org.apache.catalina.core.ContainerBase$StopChild.call(ContainerBase.java:1401)
		at java.base/java.util.concurrent.FutureTask.run(FutureTask.java:264)
		at org.apache.tomcat.util.threads.InlineExecutorService.execute(InlineExecutorService.java:75)
		at java.base/java.util.concurrent.AbstractExecutorService.submit(AbstractExecutorService.java:140)
		at org.apache.catalina.core.ContainerBase.stopInternal(ContainerBase.java:986)
		at org.apache.catalina.util.LifecycleBase.stop(LifecycleBase.java:257)
		at org.apache.catalina.core.ContainerBase$StopChild.call(ContainerBase.java:1412)
		at org.apache.catalina.core.ContainerBase$StopChild.call(ContainerBase.java:1401)
		at java.base/java.util.concurrent.FutureTask.run(FutureTask.java:264)
		at org.apache.tomcat.util.threads.InlineExecutorService.execute(InlineExecutorService.java:75)
		at java.base/java.util.concurrent.AbstractExecutorService.submit(AbstractExecutorService.java:140)
		at org.apache.catalina.core.ContainerBase.stopInternal(ContainerBase.java:986)
		at org.apache.catalina.util.LifecycleBase.stop(LifecycleBase.java:257)
		at org.apache.catalina.core.StandardService.stopInternal(StandardService.java:497)
		at org.apache.catalina.util.LifecycleBase.stop(LifecycleBase.java:257)
		at org.apache.catalina.core.StandardServer.stopInternal(StandardServer.java:979)
		at org.apache.catalina.util.LifecycleBase.stop(LifecycleBase.java:257)
		at org.apache.catalina.startup.Catalina.stop(Catalina.java:872)
		at org.apache.catalina.startup.Catalina.start(Catalina.java:834)
		at java.base/jdk.internal.reflect.NativeMethodAccessorImpl.invoke0(Native Method)
		at java.base/jdk.internal.reflect.NativeMethodAccessorImpl.invoke(NativeMethodAccessorImpl.java:62)
		at java.base/jdk.internal.reflect.DelegatingMethodAccessorImpl.invoke(DelegatingMethodAccessorImpl.java:43)
		at java.base/java.lang.reflect.Method.invoke(Method.java:566)
		at org.apache.catalina.startup.Bootstrap.start(Bootstrap.java:345)
		at org.apache.catalina.startup.Bootstrap.main(Bootstrap.java:476)
17-Feb-2025 00:37:09.112 WARNING [main] org.apache.catalina.loader.WebappClassLoaderBase.clearReferencesObjectStreamClassCaches Failed to clear soft references from ObjectStreamClass$Caches for web application [my_webapp]
	java.lang.ClassCastException: class java.io.ObjectStreamClass$Caches$1 cannot be cast to class java.util.Map (java.io.ObjectStreamClass$Caches$1 and java.util.Map are in module java.base of loader 'bootstrap')
		at org.apache.catalina.loader.WebappClassLoaderBase.clearCache(WebappClassLoaderBase.java:2363)
		at org.apache.catalina.loader.WebappClassLoaderBase.clearReferencesObjectStreamClassCaches(WebappClassLoaderBase.java:2338)
		at org.apache.catalina.loader.WebappClassLoaderBase.clearReferences(WebappClassLoaderBase.java:1706)
		at org.apache.catalina.loader.WebappClassLoaderBase.stop(WebappClassLoaderBase.java:1634)
		at org.apache.catalina.loader.WebappLoader.stopInternal(WebappLoader.java:429)
		at org.apache.catalina.util.LifecycleBase.stop(LifecycleBase.java:257)
		at org.apache.catalina.core.StandardContext.stopInternal(StandardContext.java:5464)
		at org.apache.catalina.util.LifecycleBase.stop(LifecycleBase.java:257)
		at org.apache.catalina.core.ContainerBase$StopChild.call(ContainerBase.java:1412)
		at org.apache.catalina.core.ContainerBase$StopChild.call(ContainerBase.java:1401)
		at java.base/java.util.concurrent.FutureTask.run(FutureTask.java:264)
		at org.apache.tomcat.util.threads.InlineExecutorService.execute(InlineExecutorService.java:75)
		at java.base/java.util.concurrent.AbstractExecutorService.submit(AbstractExecutorService.java:140)
		at org.apache.catalina.core.ContainerBase.stopInternal(ContainerBase.java:986)
		at org.apache.catalina.util.LifecycleBase.stop(LifecycleBase.java:257)
		at org.apache.catalina.core.ContainerBase$StopChild.call(ContainerBase.java:1412)
		at org.apache.catalina.core.ContainerBase$StopChild.call(ContainerBase.java:1401)
		at java.base/java.util.concurrent.FutureTask.run(FutureTask.java:264)
		at org.apache.tomcat.util.threads.InlineExecutorService.execute(InlineExecutorService.java:75)
		at java.base/java.util.concurrent.AbstractExecutorService.submit(AbstractExecutorService.java:140)
		at org.apache.catalina.core.ContainerBase.stopInternal(ContainerBase.java:986)
		at org.apache.catalina.util.LifecycleBase.stop(LifecycleBase.java:257)
		at org.apache.catalina.core.StandardService.stopInternal(StandardService.java:497)
		at org.apache.catalina.util.LifecycleBase.stop(LifecycleBase.java:257)
		at org.apache.catalina.core.StandardServer.stopInternal(StandardServer.java:979)
		at org.apache.catalina.util.LifecycleBase.stop(LifecycleBase.java:257)
		at org.apache.catalina.startup.Catalina.stop(Catalina.java:872)
		at org.apache.catalina.startup.Catalina.start(Catalina.java:834)
		at java.base/jdk.internal.reflect.NativeMethodAccessorImpl.invoke0(Native Method)
		at java.base/jdk.internal.reflect.NativeMethodAccessorImpl.invoke(NativeMethodAccessorImpl.java:62)
		at java.base/jdk.internal.reflect.DelegatingMethodAccessorImpl.invoke(DelegatingMethodAccessorImpl.java:43)
		at java.base/java.lang.reflect.Method.invoke(Method.java:566)
		at org.apache.catalina.startup.Bootstrap.start(Bootstrap.java:345)
		at org.apache.catalina.startup.Bootstrap.main(Bootstrap.java:476)
17-Feb-2025 00:37:09.141 WARNING [main] org.apache.catalina.loader.WebappClassLoaderBase.clearReferencesObjectStreamClassCaches Failed to clear soft references from ObjectStreamClass$Caches for web application [manager]
	java.lang.ClassCastException: class java.io.ObjectStreamClass$Caches$1 cannot be cast to class java.util.Map (java.io.ObjectStreamClass$Caches$1 and java.util.Map are in module java.base of loader 'bootstrap')
		at org.apache.catalina.loader.WebappClassLoaderBase.clearCache(WebappClassLoaderBase.java:2363)
		at org.apache.catalina.loader.WebappClassLoaderBase.clearReferencesObjectStreamClassCaches(WebappClassLoaderBase.java:2338)
		at org.apache.catalina.loader.WebappClassLoaderBase.clearReferences(WebappClassLoaderBase.java:1706)
		at org.apache.catalina.loader.WebappClassLoaderBase.stop(WebappClassLoaderBase.java:1634)
		at org.apache.catalina.loader.WebappLoader.stopInternal(WebappLoader.java:429)
		at org.apache.catalina.util.LifecycleBase.stop(LifecycleBase.java:257)
		at org.apache.catalina.core.StandardContext.stopInternal(StandardContext.java:5464)
		at org.apache.catalina.util.LifecycleBase.stop(LifecycleBase.java:257)
		at org.apache.catalina.core.ContainerBase$StopChild.call(ContainerBase.java:1412)
		at org.apache.catalina.core.ContainerBase$StopChild.call(ContainerBase.java:1401)
		at java.base/java.util.concurrent.FutureTask.run(FutureTask.java:264)
		at org.apache.tomcat.util.threads.InlineExecutorService.execute(InlineExecutorService.java:75)
		at java.base/java.util.concurrent.AbstractExecutorService.submit(AbstractExecutorService.java:140)
		at org.apache.catalina.core.ContainerBase.stopInternal(ContainerBase.java:986)
		at org.apache.catalina.util.LifecycleBase.stop(LifecycleBase.java:257)
		at org.apache.catalina.core.ContainerBase$StopChild.call(ContainerBase.java:1412)
		at org.apache.catalina.core.ContainerBase$StopChild.call(ContainerBase.java:1401)
		at java.base/java.util.concurrent.FutureTask.run(FutureTask.java:264)
		at org.apache.tomcat.util.threads.InlineExecutorService.execute(InlineExecutorService.java:75)
		at java.base/java.util.concurrent.AbstractExecutorService.submit(AbstractExecutorService.java:140)
		at org.apache.catalina.core.ContainerBase.stopInternal(ContainerBase.java:986)
		at org.apache.catalina.util.LifecycleBase.stop(LifecycleBase.java:257)
		at org.apache.catalina.core.StandardService.stopInternal(StandardService.java:497)
		at org.apache.catalina.util.LifecycleBase.stop(LifecycleBase.java:257)
		at org.apache.catalina.core.StandardServer.stopInternal(StandardServer.java:979)
		at org.apache.catalina.util.LifecycleBase.stop(LifecycleBase.java:257)
		at org.apache.catalina.startup.Catalina.stop(Catalina.java:872)
		at org.apache.catalina.startup.Catalina.start(Catalina.java:834)
		at java.base/jdk.internal.reflect.NativeMethodAccessorImpl.invoke0(Native Method)
		at java.base/jdk.internal.reflect.NativeMethodAccessorImpl.invoke(NativeMethodAccessorImpl.java:62)
		at java.base/jdk.internal.reflect.DelegatingMethodAccessorImpl.invoke(DelegatingMethodAccessorImpl.java:43)
		at java.base/java.lang.reflect.Method.invoke(Method.java:566)
		at org.apache.catalina.startup.Bootstrap.start(Bootstrap.java:345)
		at org.apache.catalina.startup.Bootstrap.main(Bootstrap.java:476)
17-Feb-2025 00:37:09.185 WARNING [main] org.apache.catalina.loader.WebappClassLoaderBase.clearReferencesObjectStreamClassCaches Failed to clear soft references from ObjectStreamClass$Caches for web application [docs]
	java.lang.ClassCastException: class java.io.ObjectStreamClass$Caches$1 cannot be cast to class java.util.Map (java.io.ObjectStreamClass$Caches$1 and java.util.Map are in module java.base of loader 'bootstrap')
		at org.apache.catalina.loader.WebappClassLoaderBase.clearCache(WebappClassLoaderBase.java:2363)
		at org.apache.catalina.loader.WebappClassLoaderBase.clearReferencesObjectStreamClassCaches(WebappClassLoaderBase.java:2338)
		at org.apache.catalina.loader.WebappClassLoaderBase.clearReferences(WebappClassLoaderBase.java:1706)
		at org.apache.catalina.loader.WebappClassLoaderBase.stop(WebappClassLoaderBase.java:1634)
		at org.apache.catalina.loader.WebappLoader.stopInternal(WebappLoader.java:429)
		at org.apache.catalina.util.LifecycleBase.stop(LifecycleBase.java:257)
		at org.apache.catalina.core.StandardContext.stopInternal(StandardContext.java:5464)
		at org.apache.catalina.util.LifecycleBase.stop(LifecycleBase.java:257)
		at org.apache.catalina.core.ContainerBase$StopChild.call(ContainerBase.java:1412)
		at org.apache.catalina.core.ContainerBase$StopChild.call(ContainerBase.java:1401)
		at java.base/java.util.concurrent.FutureTask.run(FutureTask.java:264)
		at org.apache.tomcat.util.threads.InlineExecutorService.execute(InlineExecutorService.java:75)
		at java.base/java.util.concurrent.AbstractExecutorService.submit(AbstractExecutorService.java:140)
		at org.apache.catalina.core.ContainerBase.stopInternal(ContainerBase.java:986)
		at org.apache.catalina.util.LifecycleBase.stop(LifecycleBase.java:257)
		at org.apache.catalina.core.ContainerBase$StopChild.call(ContainerBase.java:1412)
		at org.apache.catalina.core.ContainerBase$StopChild.call(ContainerBase.java:1401)
		at java.base/java.util.concurrent.FutureTask.run(FutureTask.java:264)
		at org.apache.tomcat.util.threads.InlineExecutorService.execute(InlineExecutorService.java:75)
		at java.base/java.util.concurrent.AbstractExecutorService.submit(AbstractExecutorService.java:140)
		at org.apache.catalina.core.ContainerBase.stopInternal(ContainerBase.java:986)
		at org.apache.catalina.util.LifecycleBase.stop(LifecycleBase.java:257)
		at org.apache.catalina.core.StandardService.stopInternal(StandardService.java:497)
		at org.apache.catalina.util.LifecycleBase.stop(LifecycleBase.java:257)
		at org.apache.catalina.core.StandardServer.stopInternal(StandardServer.java:979)
		at org.apache.catalina.util.LifecycleBase.stop(LifecycleBase.java:257)
		at org.apache.catalina.startup.Catalina.stop(Catalina.java:872)
		at org.apache.catalina.startup.Catalina.start(Catalina.java:834)
		at java.base/jdk.internal.reflect.NativeMethodAccessorImpl.invoke0(Native Method)
		at java.base/jdk.internal.reflect.NativeMethodAccessorImpl.invoke(NativeMethodAccessorImpl.java:62)
		at java.base/jdk.internal.reflect.DelegatingMethodAccessorImpl.invoke(DelegatingMethodAccessorImpl.java:43)
		at java.base/java.lang.reflect.Method.invoke(Method.java:566)
		at org.apache.catalina.startup.Bootstrap.start(Bootstrap.java:345)
		at org.apache.catalina.startup.Bootstrap.main(Bootstrap.java:476)
17-Feb-2025 00:37:09.186 INFO [main] org.apache.coyote.AbstractProtocol.stop Stopping ProtocolHandler ["http-nio-8080"]
17-Feb-2025 00:37:09.223 INFO [main] org.apache.coyote.AbstractProtocol.destroy Destroying ProtocolHandler ["http-nio-8080"]
17-Feb-2025 00:37:10.321 INFO [main] org.apache.catalina.startup.VersionLoggerListener.log Server version name:   Apache Tomcat/10.0.10
17-Feb-2025 00:37:10.361 INFO [main] org.apache.catalina.startup.VersionLoggerListener.log Server built:          Jul 30 2021 09:51:27 UTC
17-Feb-2025 00:37:10.376 INFO [main] org.apache.catalina.startup.VersionLoggerListener.log Server version number: 10.0.10.0
17-Feb-2025 00:37:10.376 INFO [main] org.apache.catalina.startup.VersionLoggerListener.log OS Name:               Linux
17-Feb-2025 00:37:10.376 INFO [main] org.apache.catalina.startup.VersionLoggerListener.log OS Version:            5.15.0-92-generic
17-Feb-2025 00:37:10.376 INFO [main] org.apache.catalina.startup.VersionLoggerListener.log Architecture:          amd64
17-Feb-2025 00:37:10.376 INFO [main] org.apache.catalina.startup.VersionLoggerListener.log Java Home:             /usr/lib/jvm/java-11-openjdk-amd64
17-Feb-2025 00:37:10.376 INFO [main] org.apache.catalina.startup.VersionLoggerListener.log JVM Version:           11.0.26+4-post-Ubuntu-1ubuntu122.04
17-Feb-2025 00:37:10.376 INFO [main] org.apache.catalina.startup.VersionLoggerListener.log JVM Vendor:            Ubuntu
17-Feb-2025 00:37:10.376 INFO [main] org.apache.catalina.startup.VersionLoggerListener.log CATALINA_BASE:         /home/alumne/proj/FIB-PTI/servlets/apache-tomcat-10.0.10
17-Feb-2025 00:37:10.377 INFO [main] org.apache.catalina.startup.VersionLoggerListener.log CATALINA_HOME:         /home/alumne/proj/FIB-PTI/servlets/apache-tomcat-10.0.10
17-Feb-2025 00:37:10.444 INFO [main] org.apache.catalina.startup.VersionLoggerListener.log Command line argument: --add-opens=java.base/java.lang=ALL-UNNAMED
17-Feb-2025 00:37:10.444 INFO [main] org.apache.catalina.startup.VersionLoggerListener.log Command line argument: --add-opens=java.base/java.io=ALL-UNNAMED
17-Feb-2025 00:37:10.445 INFO [main] org.apache.catalina.startup.VersionLoggerListener.log Command line argument: --add-opens=java.base/java.util=ALL-UNNAMED
17-Feb-2025 00:37:10.445 INFO [main] org.apache.catalina.startup.VersionLoggerListener.log Command line argument: --add-opens=java.base/java.util.concurrent=ALL-UNNAMED
17-Feb-2025 00:37:10.447 INFO [main] org.apache.catalina.startup.VersionLoggerListener.log Command line argument: --add-opens=java.rmi/sun.rmi.transport=ALL-UNNAMED
17-Feb-2025 00:37:10.447 INFO [main] org.apache.catalina.startup.VersionLoggerListener.log Command line argument: -Djava.util.logging.config.file=/home/alumne/proj/FIB-PTI/servlets/apache-tomcat-10.0.10/conf/logging.properties
17-Feb-2025 00:37:10.447 INFO [main] org.apache.catalina.startup.VersionLoggerListener.log Command line argument: -Djava.util.logging.manager=org.apache.juli.ClassLoaderLogManager
17-Feb-2025 00:37:10.447 INFO [main] org.apache.catalina.startup.VersionLoggerListener.log Command line argument: -Djdk.tls.ephemeralDHKeySize=2048
17-Feb-2025 00:37:10.447 INFO [main] org.apache.catalina.startup.VersionLoggerListener.log Command line argument: -Djava.protocol.handler.pkgs=org.apache.catalina.webresources
17-Feb-2025 00:37:10.447 INFO [main] org.apache.catalina.startup.VersionLoggerListener.log Command line argument: -Dorg.apache.catalina.security.SecurityListener.UMASK=0027
17-Feb-2025 00:37:10.447 INFO [main] org.apache.catalina.startup.VersionLoggerListener.log Command line argument: -Dignore.endorsed.dirs=
17-Feb-2025 00:37:10.447 INFO [main] org.apache.catalina.startup.VersionLoggerListener.log Command line argument: -Dcatalina.base=/home/alumne/proj/FIB-PTI/servlets/apache-tomcat-10.0.10
17-Feb-2025 00:37:10.447 INFO [main] org.apache.catalina.startup.VersionLoggerListener.log Command line argument: -Dcatalina.home=/home/alumne/proj/FIB-PTI/servlets/apache-tomcat-10.0.10
17-Feb-2025 00:37:10.447 INFO [main] org.apache.catalina.startup.VersionLoggerListener.log Command line argument: -Djava.io.tmpdir=/home/alumne/proj/FIB-PTI/servlets/apache-tomcat-10.0.10/temp
17-Feb-2025 00:37:10.476 INFO [main] org.apache.catalina.core.AprLifecycleListener.lifecycleEvent The Apache Tomcat Native library which allows using OpenSSL was not found on the java.library.path: [/home/alumne/catkin_ws/devel/lib:/opt/ros/noetic/lib:/tmp/.mount_cursor8aCjg4/usr/lib:/usr/java/packages/lib:/usr/lib/x86_64-linux-gnu/jni:/lib/x86_64-linux-gnu:/usr/lib/x86_64-linux-gnu:/usr/lib/jni:/lib:/usr/lib]
17-Feb-2025 00:37:10.915 INFO [main] org.apache.coyote.AbstractProtocol.init Initializing ProtocolHandler ["http-nio-8080"]
17-Feb-2025 00:37:10.973 INFO [main] org.apache.catalina.startup.Catalina.load Server initialization in [1149] milliseconds
17-Feb-2025 00:37:11.102 INFO [main] org.apache.catalina.core.StandardService.startInternal Starting service [Catalina]
17-Feb-2025 00:37:11.103 INFO [main] org.apache.catalina.core.StandardEngine.startInternal Starting Servlet engine: [Apache Tomcat/10.0.10]
17-Feb-2025 00:37:11.112 INFO [main] org.apache.catalina.startup.HostConfig.deployDirectory Deploying web application directory [/home/alumne/proj/FIB-PTI/servlets/apache-tomcat-10.0.10/webapps/host-manager]
17-Feb-2025 00:37:11.389 INFO [main] org.apache.jasper.servlet.TldScanner.scanJars At least one JAR was scanned for TLDs yet contained no TLDs. Enable debug logging for this logger for a complete list of JARs that were scanned but no TLDs were found in them. Skipping unneeded JARs during scanning can improve startup time and JSP compilation time.
17-Feb-2025 00:37:11.446 INFO [main] org.apache.catalina.startup.HostConfig.deployDirectory Deployment of web application directory [/home/alumne/proj/FIB-PTI/servlets/apache-tomcat-10.0.10/webapps/host-manager] has finished in [334] ms
17-Feb-2025 00:37:11.446 INFO [main] org.apache.catalina.startup.HostConfig.deployDirectory Deploying web application directory [/home/alumne/proj/FIB-PTI/servlets/apache-tomcat-10.0.10/webapps/ROOT]
17-Feb-2025 00:37:11.463 INFO [main] org.apache.jasper.servlet.TldScanner.scanJars At least one JAR was scanned for TLDs yet contained no TLDs. Enable debug logging for this logger for a complete list of JARs that were scanned but no TLDs were found in them. Skipping unneeded JARs during scanning can improve startup time and JSP compilation time.
17-Feb-2025 00:37:11.464 INFO [main] org.apache.catalina.startup.HostConfig.deployDirectory Deployment of web application directory [/home/alumne/proj/FIB-PTI/servlets/apache-tomcat-10.0.10/webapps/ROOT] has finished in [18] ms
17-Feb-2025 00:37:11.464 INFO [main] org.apache.catalina.startup.HostConfig.deployDirectory Deploying web application directory [/home/alumne/proj/FIB-PTI/servlets/apache-tomcat-10.0.10/webapps/my_webapp]
17-Feb-2025 00:37:11.497 INFO [main] org.apache.jasper.servlet.TldScanner.scanJars At least one JAR was scanned for TLDs yet contained no TLDs. Enable debug logging for this logger for a complete list of JARs that were scanned but no TLDs were found in them. Skipping unneeded JARs during scanning can improve startup time and JSP compilation time.
17-Feb-2025 00:37:11.504 INFO [main] org.apache.catalina.startup.HostConfig.deployDirectory Deployment of web application directory [/home/alumne/proj/FIB-PTI/servlets/apache-tomcat-10.0.10/webapps/my_webapp] has finished in [40] ms
17-Feb-2025 00:37:11.505 INFO [main] org.apache.catalina.startup.HostConfig.deployDirectory Deploying web application directory [/home/alumne/proj/FIB-PTI/servlets/apache-tomcat-10.0.10/webapps/manager]
17-Feb-2025 00:37:11.523 INFO [main] org.apache.jasper.servlet.TldScanner.scanJars At least one JAR was scanned for TLDs yet contained no TLDs. Enable debug logging for this logger for a complete list of JARs that were scanned but no TLDs were found in them. Skipping unneeded JARs during scanning can improve startup time and JSP compilation time.
17-Feb-2025 00:37:11.525 INFO [main] org.apache.catalina.startup.HostConfig.deployDirectory Deployment of web application directory [/home/alumne/proj/FIB-PTI/servlets/apache-tomcat-10.0.10/webapps/manager] has finished in [20] ms
17-Feb-2025 00:37:11.525 INFO [main] org.apache.catalina.startup.HostConfig.deployDirectory Deploying web application directory [/home/alumne/proj/FIB-PTI/servlets/apache-tomcat-10.0.10/webapps/docs]
17-Feb-2025 00:37:11.552 INFO [main] org.apache.jasper.servlet.TldScanner.scanJars At least one JAR was scanned for TLDs yet contained no TLDs. Enable debug logging for this logger for a complete list of JARs that were scanned but no TLDs were found in them. Skipping unneeded JARs during scanning can improve startup time and JSP compilation time.
17-Feb-2025 00:37:11.553 INFO [main] org.apache.catalina.startup.HostConfig.deployDirectory Deployment of web application directory [/home/alumne/proj/FIB-PTI/servlets/apache-tomcat-10.0.10/webapps/docs] has finished in [28] ms
17-Feb-2025 00:37:11.554 INFO [main] org.apache.catalina.startup.HostConfig.deployDirectory Deploying web application directory [/home/alumne/proj/FIB-PTI/servlets/apache-tomcat-10.0.10/webapps/examples]
17-Feb-2025 00:37:11.785 INFO [main] org.apache.jasper.servlet.TldScanner.scanJars At least one JAR was scanned for TLDs yet contained no TLDs. Enable debug logging for this logger for a complete list of JARs that were scanned but no TLDs were found in them. Skipping unneeded JARs during scanning can improve startup time and JSP compilation time.
17-Feb-2025 00:37:11.800 INFO [main] org.apache.catalina.startup.HostConfig.deployDirectory Deployment of web application directory [/home/alumne/proj/FIB-PTI/servlets/apache-tomcat-10.0.10/webapps/examples] has finished in [246] ms
17-Feb-2025 00:37:11.802 INFO [main] org.apache.coyote.AbstractProtocol.start Starting ProtocolHandler ["http-nio-8080"]
17-Feb-2025 00:37:11.818 INFO [main] org.apache.catalina.startup.Catalina.start Server startup in [844] milliseconds
17-Feb-2025 00:39:45.252 INFO [main] org.apache.catalina.core.StandardServer.await A valid shutdown command was received via the shutdown port. Stopping the Server instance.
17-Feb-2025 00:39:45.273 INFO [main] org.apache.coyote.AbstractProtocol.pause Pausing ProtocolHandler ["http-nio-8080"]
17-Feb-2025 00:39:45.301 INFO [main] org.apache.catalina.core.StandardService.stopInternal Stopping service [Catalina]
17-Feb-2025 00:39:45.363 WARNING [main] org.apache.catalina.loader.WebappClassLoaderBase.clearReferencesObjectStreamClassCaches Failed to clear soft references from ObjectStreamClass$Caches for web application [ROOT]
	java.lang.ClassCastException: class java.io.ObjectStreamClass$Caches$1 cannot be cast to class java.util.Map (java.io.ObjectStreamClass$Caches$1 and java.util.Map are in module java.base of loader 'bootstrap')
		at org.apache.catalina.loader.WebappClassLoaderBase.clearCache(WebappClassLoaderBase.java:2363)
		at org.apache.catalina.loader.WebappClassLoaderBase.clearReferencesObjectStreamClassCaches(WebappClassLoaderBase.java:2338)
		at org.apache.catalina.loader.WebappClassLoaderBase.clearReferences(WebappClassLoaderBase.java:1706)
		at org.apache.catalina.loader.WebappClassLoaderBase.stop(WebappClassLoaderBase.java:1634)
		at org.apache.catalina.loader.WebappLoader.stopInternal(WebappLoader.java:429)
		at org.apache.catalina.util.LifecycleBase.stop(LifecycleBase.java:257)
		at org.apache.catalina.core.StandardContext.stopInternal(StandardContext.java:5464)
		at org.apache.catalina.util.LifecycleBase.stop(LifecycleBase.java:257)
		at org.apache.catalina.core.ContainerBase$StopChild.call(ContainerBase.java:1412)
		at org.apache.catalina.core.ContainerBase$StopChild.call(ContainerBase.java:1401)
		at java.base/java.util.concurrent.FutureTask.run(FutureTask.java:264)
		at org.apache.tomcat.util.threads.InlineExecutorService.execute(InlineExecutorService.java:75)
		at java.base/java.util.concurrent.AbstractExecutorService.submit(AbstractExecutorService.java:140)
		at org.apache.catalina.core.ContainerBase.stopInternal(ContainerBase.java:986)
		at org.apache.catalina.util.LifecycleBase.stop(LifecycleBase.java:257)
		at org.apache.catalina.core.ContainerBase$StopChild.call(ContainerBase.java:1412)
		at org.apache.catalina.core.ContainerBase$StopChild.call(ContainerBase.java:1401)
		at java.base/java.util.concurrent.FutureTask.run(FutureTask.java:264)
		at org.apache.tomcat.util.threads.InlineExecutorService.execute(InlineExecutorService.java:75)
		at java.base/java.util.concurrent.AbstractExecutorService.submit(AbstractExecutorService.java:140)
		at org.apache.catalina.core.ContainerBase.stopInternal(ContainerBase.java:986)
		at org.apache.catalina.util.LifecycleBase.stop(LifecycleBase.java:257)
		at org.apache.catalina.core.StandardService.stopInternal(StandardService.java:497)
		at org.apache.catalina.util.LifecycleBase.stop(LifecycleBase.java:257)
		at org.apache.catalina.core.StandardServer.stopInternal(StandardServer.java:979)
		at org.apache.catalina.util.LifecycleBase.stop(LifecycleBase.java:257)
		at org.apache.catalina.startup.Catalina.stop(Catalina.java:872)
		at org.apache.catalina.startup.Catalina.start(Catalina.java:834)
		at java.base/jdk.internal.reflect.NativeMethodAccessorImpl.invoke0(Native Method)
		at java.base/jdk.internal.reflect.NativeMethodAccessorImpl.invoke(NativeMethodAccessorImpl.java:62)
		at java.base/jdk.internal.reflect.DelegatingMethodAccessorImpl.invoke(DelegatingMethodAccessorImpl.java:43)
		at java.base/java.lang.reflect.Method.invoke(Method.java:566)
		at org.apache.catalina.startup.Bootstrap.start(Bootstrap.java:345)
		at org.apache.catalina.startup.Bootstrap.main(Bootstrap.java:476)
17-Feb-2025 00:39:45.449 WARNING [main] org.apache.catalina.loader.WebappClassLoaderBase.clearReferencesObjectStreamClassCaches Failed to clear soft references from ObjectStreamClass$Caches for web application [examples]
	java.lang.ClassCastException: class java.io.ObjectStreamClass$Caches$1 cannot be cast to class java.util.Map (java.io.ObjectStreamClass$Caches$1 and java.util.Map are in module java.base of loader 'bootstrap')
		at org.apache.catalina.loader.WebappClassLoaderBase.clearCache(WebappClassLoaderBase.java:2363)
		at org.apache.catalina.loader.WebappClassLoaderBase.clearReferencesObjectStreamClassCaches(WebappClassLoaderBase.java:2338)
		at org.apache.catalina.loader.WebappClassLoaderBase.clearReferences(WebappClassLoaderBase.java:1706)
		at org.apache.catalina.loader.WebappClassLoaderBase.stop(WebappClassLoaderBase.java:1634)
		at org.apache.catalina.loader.WebappLoader.stopInternal(WebappLoader.java:429)
		at org.apache.catalina.util.LifecycleBase.stop(LifecycleBase.java:257)
		at org.apache.catalina.core.StandardContext.stopInternal(StandardContext.java:5464)
		at org.apache.catalina.util.LifecycleBase.stop(LifecycleBase.java:257)
		at org.apache.catalina.core.ContainerBase$StopChild.call(ContainerBase.java:1412)
		at org.apache.catalina.core.ContainerBase$StopChild.call(ContainerBase.java:1401)
		at java.base/java.util.concurrent.FutureTask.run(FutureTask.java:264)
		at org.apache.tomcat.util.threads.InlineExecutorService.execute(InlineExecutorService.java:75)
		at java.base/java.util.concurrent.AbstractExecutorService.submit(AbstractExecutorService.java:140)
		at org.apache.catalina.core.ContainerBase.stopInternal(ContainerBase.java:986)
		at org.apache.catalina.util.LifecycleBase.stop(LifecycleBase.java:257)
		at org.apache.catalina.core.ContainerBase$StopChild.call(ContainerBase.java:1412)
		at org.apache.catalina.core.ContainerBase$StopChild.call(ContainerBase.java:1401)
		at java.base/java.util.concurrent.FutureTask.run(FutureTask.java:264)
		at org.apache.tomcat.util.threads.InlineExecutorService.execute(InlineExecutorService.java:75)
		at java.base/java.util.concurrent.AbstractExecutorService.submit(AbstractExecutorService.java:140)
		at org.apache.catalina.core.ContainerBase.stopInternal(ContainerBase.java:986)
		at org.apache.catalina.util.LifecycleBase.stop(LifecycleBase.java:257)
		at org.apache.catalina.core.StandardService.stopInternal(StandardService.java:497)
		at org.apache.catalina.util.LifecycleBase.stop(LifecycleBase.java:257)
		at org.apache.catalina.core.StandardServer.stopInternal(StandardServer.java:979)
		at org.apache.catalina.util.LifecycleBase.stop(LifecycleBase.java:257)
		at org.apache.catalina.startup.Catalina.stop(Catalina.java:872)
		at org.apache.catalina.startup.Catalina.start(Catalina.java:834)
		at java.base/jdk.internal.reflect.NativeMethodAccessorImpl.invoke0(Native Method)
		at java.base/jdk.internal.reflect.NativeMethodAccessorImpl.invoke(NativeMethodAccessorImpl.java:62)
		at java.base/jdk.internal.reflect.DelegatingMethodAccessorImpl.invoke(DelegatingMethodAccessorImpl.java:43)
		at java.base/java.lang.reflect.Method.invoke(Method.java:566)
		at org.apache.catalina.startup.Bootstrap.start(Bootstrap.java:345)
		at org.apache.catalina.startup.Bootstrap.main(Bootstrap.java:476)
17-Feb-2025 00:39:45.475 WARNING [main] org.apache.catalina.loader.WebappClassLoaderBase.clearReferencesObjectStreamClassCaches Failed to clear soft references from ObjectStreamClass$Caches for web application [host-manager]
	java.lang.ClassCastException: class java.io.ObjectStreamClass$Caches$1 cannot be cast to class java.util.Map (java.io.ObjectStreamClass$Caches$1 and java.util.Map are in module java.base of loader 'bootstrap')
		at org.apache.catalina.loader.WebappClassLoaderBase.clearCache(WebappClassLoaderBase.java:2363)
		at org.apache.catalina.loader.WebappClassLoaderBase.clearReferencesObjectStreamClassCaches(WebappClassLoaderBase.java:2338)
		at org.apache.catalina.loader.WebappClassLoaderBase.clearReferences(WebappClassLoaderBase.java:1706)
		at org.apache.catalina.loader.WebappClassLoaderBase.stop(WebappClassLoaderBase.java:1634)
		at org.apache.catalina.loader.WebappLoader.stopInternal(WebappLoader.java:429)
		at org.apache.catalina.util.LifecycleBase.stop(LifecycleBase.java:257)
		at org.apache.catalina.core.StandardContext.stopInternal(StandardContext.java:5464)
		at org.apache.catalina.util.LifecycleBase.stop(LifecycleBase.java:257)
		at org.apache.catalina.core.ContainerBase$StopChild.call(ContainerBase.java:1412)
		at org.apache.catalina.core.ContainerBase$StopChild.call(ContainerBase.java:1401)
		at java.base/java.util.concurrent.FutureTask.run(FutureTask.java:264)
		at org.apache.tomcat.util.threads.InlineExecutorService.execute(InlineExecutorService.java:75)
		at java.base/java.util.concurrent.AbstractExecutorService.submit(AbstractExecutorService.java:140)
		at org.apache.catalina.core.ContainerBase.stopInternal(ContainerBase.java:986)
		at org.apache.catalina.util.LifecycleBase.stop(LifecycleBase.java:257)
		at org.apache.catalina.core.ContainerBase$StopChild.call(ContainerBase.java:1412)
		at org.apache.catalina.core.ContainerBase$StopChild.call(ContainerBase.java:1401)
		at java.base/java.util.concurrent.FutureTask.run(FutureTask.java:264)
		at org.apache.tomcat.util.threads.InlineExecutorService.execute(InlineExecutorService.java:75)
		at java.base/java.util.concurrent.AbstractExecutorService.submit(AbstractExecutorService.java:140)
		at org.apache.catalina.core.ContainerBase.stopInternal(ContainerBase.java:986)
		at org.apache.catalina.util.LifecycleBase.stop(LifecycleBase.java:257)
		at org.apache.catalina.core.StandardService.stopInternal(StandardService.java:497)
		at org.apache.catalina.util.LifecycleBase.stop(LifecycleBase.java:257)
		at org.apache.catalina.core.StandardServer.stopInternal(StandardServer.java:979)
		at org.apache.catalina.util.LifecycleBase.stop(LifecycleBase.java:257)
		at org.apache.catalina.startup.Catalina.stop(Catalina.java:872)
		at org.apache.catalina.startup.Catalina.start(Catalina.java:834)
		at java.base/jdk.internal.reflect.NativeMethodAccessorImpl.invoke0(Native Method)
		at java.base/jdk.internal.reflect.NativeMethodAccessorImpl.invoke(NativeMethodAccessorImpl.java:62)
		at java.base/jdk.internal.reflect.DelegatingMethodAccessorImpl.invoke(DelegatingMethodAccessorImpl.java:43)
		at java.base/java.lang.reflect.Method.invoke(Method.java:566)
		at org.apache.catalina.startup.Bootstrap.start(Bootstrap.java:345)
		at org.apache.catalina.startup.Bootstrap.main(Bootstrap.java:476)
17-Feb-2025 00:39:45.480 WARNING [main] org.apache.catalina.loader.WebappClassLoaderBase.clearReferencesObjectStreamClassCaches Failed to clear soft references from ObjectStreamClass$Caches for web application [my_webapp]
	java.lang.ClassCastException: class java.io.ObjectStreamClass$Caches$1 cannot be cast to class java.util.Map (java.io.ObjectStreamClass$Caches$1 and java.util.Map are in module java.base of loader 'bootstrap')
		at org.apache.catalina.loader.WebappClassLoaderBase.clearCache(WebappClassLoaderBase.java:2363)
		at org.apache.catalina.loader.WebappClassLoaderBase.clearReferencesObjectStreamClassCaches(WebappClassLoaderBase.java:2338)
		at org.apache.catalina.loader.WebappClassLoaderBase.clearReferences(WebappClassLoaderBase.java:1706)
		at org.apache.catalina.loader.WebappClassLoaderBase.stop(WebappClassLoaderBase.java:1634)
		at org.apache.catalina.loader.WebappLoader.stopInternal(WebappLoader.java:429)
		at org.apache.catalina.util.LifecycleBase.stop(LifecycleBase.java:257)
		at org.apache.catalina.core.StandardContext.stopInternal(StandardContext.java:5464)
		at org.apache.catalina.util.LifecycleBase.stop(LifecycleBase.java:257)
		at org.apache.catalina.core.ContainerBase$StopChild.call(ContainerBase.java:1412)
		at org.apache.catalina.core.ContainerBase$StopChild.call(ContainerBase.java:1401)
		at java.base/java.util.concurrent.FutureTask.run(FutureTask.java:264)
		at org.apache.tomcat.util.threads.InlineExecutorService.execute(InlineExecutorService.java:75)
		at java.base/java.util.concurrent.AbstractExecutorService.submit(AbstractExecutorService.java:140)
		at org.apache.catalina.core.ContainerBase.stopInternal(ContainerBase.java:986)
		at org.apache.catalina.util.LifecycleBase.stop(LifecycleBase.java:257)
		at org.apache.catalina.core.ContainerBase$StopChild.call(ContainerBase.java:1412)
		at org.apache.catalina.core.ContainerBase$StopChild.call(ContainerBase.java:1401)
		at java.base/java.util.concurrent.FutureTask.run(FutureTask.java:264)
		at org.apache.tomcat.util.threads.InlineExecutorService.execute(InlineExecutorService.java:75)
		at java.base/java.util.concurrent.AbstractExecutorService.submit(AbstractExecutorService.java:140)
		at org.apache.catalina.core.ContainerBase.stopInternal(ContainerBase.java:986)
		at org.apache.catalina.util.LifecycleBase.stop(LifecycleBase.java:257)
		at org.apache.catalina.core.StandardService.stopInternal(StandardService.java:497)
		at org.apache.catalina.util.LifecycleBase.stop(LifecycleBase.java:257)
		at org.apache.catalina.core.StandardServer.stopInternal(StandardServer.java:979)
		at org.apache.catalina.util.LifecycleBase.stop(LifecycleBase.java:257)
		at org.apache.catalina.startup.Catalina.stop(Catalina.java:872)
		at org.apache.catalina.startup.Catalina.start(Catalina.java:834)
		at java.base/jdk.internal.reflect.NativeMethodAccessorImpl.invoke0(Native Method)
		at java.base/jdk.internal.reflect.NativeMethodAccessorImpl.invoke(NativeMethodAccessorImpl.java:62)
		at java.base/jdk.internal.reflect.DelegatingMethodAccessorImpl.invoke(DelegatingMethodAccessorImpl.java:43)
		at java.base/java.lang.reflect.Method.invoke(Method.java:566)
		at org.apache.catalina.startup.Bootstrap.start(Bootstrap.java:345)
		at org.apache.catalina.startup.Bootstrap.main(Bootstrap.java:476)
17-Feb-2025 00:39:45.484 WARNING [main] org.apache.catalina.loader.WebappClassLoaderBase.clearReferencesObjectStreamClassCaches Failed to clear soft references from ObjectStreamClass$Caches for web application [manager]
	java.lang.ClassCastException: class java.io.ObjectStreamClass$Caches$1 cannot be cast to class java.util.Map (java.io.ObjectStreamClass$Caches$1 and java.util.Map are in module java.base of loader 'bootstrap')
		at org.apache.catalina.loader.WebappClassLoaderBase.clearCache(WebappClassLoaderBase.java:2363)
		at org.apache.catalina.loader.WebappClassLoaderBase.clearReferencesObjectStreamClassCaches(WebappClassLoaderBase.java:2338)
		at org.apache.catalina.loader.WebappClassLoaderBase.clearReferences(WebappClassLoaderBase.java:1706)
		at org.apache.catalina.loader.WebappClassLoaderBase.stop(WebappClassLoaderBase.java:1634)
		at org.apache.catalina.loader.WebappLoader.stopInternal(WebappLoader.java:429)
		at org.apache.catalina.util.LifecycleBase.stop(LifecycleBase.java:257)
		at org.apache.catalina.core.StandardContext.stopInternal(StandardContext.java:5464)
		at org.apache.catalina.util.LifecycleBase.stop(LifecycleBase.java:257)
		at org.apache.catalina.core.ContainerBase$StopChild.call(ContainerBase.java:1412)
		at org.apache.catalina.core.ContainerBase$StopChild.call(ContainerBase.java:1401)
		at java.base/java.util.concurrent.FutureTask.run(FutureTask.java:264)
		at org.apache.tomcat.util.threads.InlineExecutorService.execute(InlineExecutorService.java:75)
		at java.base/java.util.concurrent.AbstractExecutorService.submit(AbstractExecutorService.java:140)
		at org.apache.catalina.core.ContainerBase.stopInternal(ContainerBase.java:986)
		at org.apache.catalina.util.LifecycleBase.stop(LifecycleBase.java:257)
		at org.apache.catalina.core.ContainerBase$StopChild.call(ContainerBase.java:1412)
		at org.apache.catalina.core.ContainerBase$StopChild.call(ContainerBase.java:1401)
		at java.base/java.util.concurrent.FutureTask.run(FutureTask.java:264)
		at org.apache.tomcat.util.threads.InlineExecutorService.execute(InlineExecutorService.java:75)
		at java.base/java.util.concurrent.AbstractExecutorService.submit(AbstractExecutorService.java:140)
		at org.apache.catalina.core.ContainerBase.stopInternal(ContainerBase.java:986)
		at org.apache.catalina.util.LifecycleBase.stop(LifecycleBase.java:257)
		at org.apache.catalina.core.StandardService.stopInternal(StandardService.java:497)
		at org.apache.catalina.util.LifecycleBase.stop(LifecycleBase.java:257)
		at org.apache.catalina.core.StandardServer.stopInternal(StandardServer.java:979)
		at org.apache.catalina.util.LifecycleBase.stop(LifecycleBase.java:257)
		at org.apache.catalina.startup.Catalina.stop(Catalina.java:872)
		at org.apache.catalina.startup.Catalina.start(Catalina.java:834)
		at java.base/jdk.internal.reflect.NativeMethodAccessorImpl.invoke0(Native Method)
		at java.base/jdk.internal.reflect.NativeMethodAccessorImpl.invoke(NativeMethodAccessorImpl.java:62)
		at java.base/jdk.internal.reflect.DelegatingMethodAccessorImpl.invoke(DelegatingMethodAccessorImpl.java:43)
		at java.base/java.lang.reflect.Method.invoke(Method.java:566)
		at org.apache.catalina.startup.Bootstrap.start(Bootstrap.java:345)
		at org.apache.catalina.startup.Bootstrap.main(Bootstrap.java:476)
17-Feb-2025 00:39:45.490 WARNING [main] org.apache.catalina.loader.WebappClassLoaderBase.clearReferencesObjectStreamClassCaches Failed to clear soft references from ObjectStreamClass$Caches for web application [docs]
	java.lang.ClassCastException: class java.io.ObjectStreamClass$Caches$1 cannot be cast to class java.util.Map (java.io.ObjectStreamClass$Caches$1 and java.util.Map are in module java.base of loader 'bootstrap')
		at org.apache.catalina.loader.WebappClassLoaderBase.clearCache(WebappClassLoaderBase.java:2363)
		at org.apache.catalina.loader.WebappClassLoaderBase.clearReferencesObjectStreamClassCaches(WebappClassLoaderBase.java:2338)
		at org.apache.catalina.loader.WebappClassLoaderBase.clearReferences(WebappClassLoaderBase.java:1706)
		at org.apache.catalina.loader.WebappClassLoaderBase.stop(WebappClassLoaderBase.java:1634)
		at org.apache.catalina.loader.WebappLoader.stopInternal(WebappLoader.java:429)
		at org.apache.catalina.util.LifecycleBase.stop(LifecycleBase.java:257)
		at org.apache.catalina.core.StandardContext.stopInternal(StandardContext.java:5464)
		at org.apache.catalina.util.LifecycleBase.stop(LifecycleBase.java:257)
		at org.apache.catalina.core.ContainerBase$StopChild.call(ContainerBase.java:1412)
		at org.apache.catalina.core.ContainerBase$StopChild.call(ContainerBase.java:1401)
		at java.base/java.util.concurrent.FutureTask.run(FutureTask.java:264)
		at org.apache.tomcat.util.threads.InlineExecutorService.execute(InlineExecutorService.java:75)
		at java.base/java.util.concurrent.AbstractExecutorService.submit(AbstractExecutorService.java:140)
		at org.apache.catalina.core.ContainerBase.stopInternal(ContainerBase.java:986)
		at org.apache.catalina.util.LifecycleBase.stop(LifecycleBase.java:257)
		at org.apache.catalina.core.ContainerBase$StopChild.call(ContainerBase.java:1412)
		at org.apache.catalina.core.ContainerBase$StopChild.call(ContainerBase.java:1401)
		at java.base/java.util.concurrent.FutureTask.run(FutureTask.java:264)
		at org.apache.tomcat.util.threads.InlineExecutorService.execute(InlineExecutorService.java:75)
		at java.base/java.util.concurrent.AbstractExecutorService.submit(AbstractExecutorService.java:140)
		at org.apache.catalina.core.ContainerBase.stopInternal(ContainerBase.java:986)
		at org.apache.catalina.util.LifecycleBase.stop(LifecycleBase.java:257)
		at org.apache.catalina.core.StandardService.stopInternal(StandardService.java:497)
		at org.apache.catalina.util.LifecycleBase.stop(LifecycleBase.java:257)
		at org.apache.catalina.core.StandardServer.stopInternal(StandardServer.java:979)
		at org.apache.catalina.util.LifecycleBase.stop(LifecycleBase.java:257)
		at org.apache.catalina.startup.Catalina.stop(Catalina.java:872)
		at org.apache.catalina.startup.Catalina.start(Catalina.java:834)
		at java.base/jdk.internal.reflect.NativeMethodAccessorImpl.invoke0(Native Method)
		at java.base/jdk.internal.reflect.NativeMethodAccessorImpl.invoke(NativeMethodAccessorImpl.java:62)
		at java.base/jdk.internal.reflect.DelegatingMethodAccessorImpl.invoke(DelegatingMethodAccessorImpl.java:43)
		at java.base/java.lang.reflect.Method.invoke(Method.java:566)
		at org.apache.catalina.startup.Bootstrap.start(Bootstrap.java:345)
		at org.apache.catalina.startup.Bootstrap.main(Bootstrap.java:476)
17-Feb-2025 00:39:45.491 INFO [main] org.apache.coyote.AbstractProtocol.stop Stopping ProtocolHandler ["http-nio-8080"]
17-Feb-2025 00:39:45.539 INFO [main] org.apache.coyote.AbstractProtocol.destroy Destroying ProtocolHandler ["http-nio-8080"]
17-Feb-2025 00:39:46.369 INFO [main] org.apache.catalina.startup.VersionLoggerListener.log Server version name:   Apache Tomcat/10.0.10
17-Feb-2025 00:39:46.375 INFO [main] org.apache.catalina.startup.VersionLoggerListener.log Server built:          Jul 30 2021 09:51:27 UTC
17-Feb-2025 00:39:46.375 INFO [main] org.apache.catalina.startup.VersionLoggerListener.log Server version number: 10.0.10.0
17-Feb-2025 00:39:46.375 INFO [main] org.apache.catalina.startup.VersionLoggerListener.log OS Name:               Linux
17-Feb-2025 00:39:46.375 INFO [main] org.apache.catalina.startup.VersionLoggerListener.log OS Version:            5.15.0-92-generic
17-Feb-2025 00:39:46.378 INFO [main] org.apache.catalina.startup.VersionLoggerListener.log Architecture:          amd64
17-Feb-2025 00:39:46.378 INFO [main] org.apache.catalina.startup.VersionLoggerListener.log Java Home:             /usr/lib/jvm/java-11-openjdk-amd64
17-Feb-2025 00:39:46.378 INFO [main] org.apache.catalina.startup.VersionLoggerListener.log JVM Version:           11.0.26+4-post-Ubuntu-1ubuntu122.04
17-Feb-2025 00:39:46.388 INFO [main] org.apache.catalina.startup.VersionLoggerListener.log JVM Vendor:            Ubuntu
17-Feb-2025 00:39:46.389 INFO [main] org.apache.catalina.startup.VersionLoggerListener.log CATALINA_BASE:         /home/alumne/proj/FIB-PTI/servlets/apache-tomcat-10.0.10
17-Feb-2025 00:39:46.390 INFO [main] org.apache.catalina.startup.VersionLoggerListener.log CATALINA_HOME:         /home/alumne/proj/FIB-PTI/servlets/apache-tomcat-10.0.10
17-Feb-2025 00:39:46.437 INFO [main] org.apache.catalina.startup.VersionLoggerListener.log Command line argument: --add-opens=java.base/java.lang=ALL-UNNAMED
17-Feb-2025 00:39:46.437 INFO [main] org.apache.catalina.startup.VersionLoggerListener.log Command line argument: --add-opens=java.base/java.io=ALL-UNNAMED
17-Feb-2025 00:39:46.437 INFO [main] org.apache.catalina.startup.VersionLoggerListener.log Command line argument: --add-opens=java.base/java.util=ALL-UNNAMED
17-Feb-2025 00:39:46.437 INFO [main] org.apache.catalina.startup.VersionLoggerListener.log Command line argument: --add-opens=java.base/java.util.concurrent=ALL-UNNAMED
17-Feb-2025 00:39:46.438 INFO [main] org.apache.catalina.startup.VersionLoggerListener.log Command line argument: --add-opens=java.rmi/sun.rmi.transport=ALL-UNNAMED
17-Feb-2025 00:39:46.438 INFO [main] org.apache.catalina.startup.VersionLoggerListener.log Command line argument: -Djava.util.logging.config.file=/home/alumne/proj/FIB-PTI/servlets/apache-tomcat-10.0.10/conf/logging.properties
17-Feb-2025 00:39:46.438 INFO [main] org.apache.catalina.startup.VersionLoggerListener.log Command line argument: -Djava.util.logging.manager=org.apache.juli.ClassLoaderLogManager
17-Feb-2025 00:39:46.438 INFO [main] org.apache.catalina.startup.VersionLoggerListener.log Command line argument: -Djdk.tls.ephemeralDHKeySize=2048
17-Feb-2025 00:39:46.438 INFO [main] org.apache.catalina.startup.VersionLoggerListener.log Command line argument: -Djava.protocol.handler.pkgs=org.apache.catalina.webresources
17-Feb-2025 00:39:46.438 INFO [main] org.apache.catalina.startup.VersionLoggerListener.log Command line argument: -Dorg.apache.catalina.security.SecurityListener.UMASK=0027
17-Feb-2025 00:39:46.438 INFO [main] org.apache.catalina.startup.VersionLoggerListener.log Command line argument: -Dignore.endorsed.dirs=
17-Feb-2025 00:39:46.438 INFO [main] org.apache.catalina.startup.VersionLoggerListener.log Command line argument: -Dcatalina.base=/home/alumne/proj/FIB-PTI/servlets/apache-tomcat-10.0.10
17-Feb-2025 00:39:46.438 INFO [main] org.apache.catalina.startup.VersionLoggerListener.log Command line argument: -Dcatalina.home=/home/alumne/proj/FIB-PTI/servlets/apache-tomcat-10.0.10
17-Feb-2025 00:39:46.439 INFO [main] org.apache.catalina.startup.VersionLoggerListener.log Command line argument: -Djava.io.tmpdir=/home/alumne/proj/FIB-PTI/servlets/apache-tomcat-10.0.10/temp
17-Feb-2025 00:39:46.443 INFO [main] org.apache.catalina.core.AprLifecycleListener.lifecycleEvent The Apache Tomcat Native library which allows using OpenSSL was not found on the java.library.path: [/home/alumne/catkin_ws/devel/lib:/opt/ros/noetic/lib:/tmp/.mount_cursor8aCjg4/usr/lib:/usr/java/packages/lib:/usr/lib/x86_64-linux-gnu/jni:/lib/x86_64-linux-gnu:/usr/lib/x86_64-linux-gnu:/usr/lib/jni:/lib:/usr/lib]
17-Feb-2025 00:39:46.764 INFO [main] org.apache.coyote.AbstractProtocol.init Initializing ProtocolHandler ["http-nio-8080"]
17-Feb-2025 00:39:46.785 INFO [main] org.apache.catalina.startup.Catalina.load Server initialization in [728] milliseconds
17-Feb-2025 00:39:46.838 INFO [main] org.apache.catalina.core.StandardService.startInternal Starting service [Catalina]
17-Feb-2025 00:39:46.839 INFO [main] org.apache.catalina.core.StandardEngine.startInternal Starting Servlet engine: [Apache Tomcat/10.0.10]
17-Feb-2025 00:39:46.846 INFO [main] org.apache.catalina.startup.HostConfig.deployDirectory Deploying web application directory [/home/alumne/proj/FIB-PTI/servlets/apache-tomcat-10.0.10/webapps/host-manager]
17-Feb-2025 00:39:47.116 INFO [main] org.apache.jasper.servlet.TldScanner.scanJars At least one JAR was scanned for TLDs yet contained no TLDs. Enable debug logging for this logger for a complete list of JARs that were scanned but no TLDs were found in them. Skipping unneeded JARs during scanning can improve startup time and JSP compilation time.
17-Feb-2025 00:39:47.182 INFO [main] org.apache.catalina.startup.HostConfig.deployDirectory Deployment of web application directory [/home/alumne/proj/FIB-PTI/servlets/apache-tomcat-10.0.10/webapps/host-manager] has finished in [335] ms
17-Feb-2025 00:39:47.182 INFO [main] org.apache.catalina.startup.HostConfig.deployDirectory Deploying web application directory [/home/alumne/proj/FIB-PTI/servlets/apache-tomcat-10.0.10/webapps/ROOT]
17-Feb-2025 00:39:47.199 INFO [main] org.apache.jasper.servlet.TldScanner.scanJars At least one JAR was scanned for TLDs yet contained no TLDs. Enable debug logging for this logger for a complete list of JARs that were scanned but no TLDs were found in them. Skipping unneeded JARs during scanning can improve startup time and JSP compilation time.
17-Feb-2025 00:39:47.200 INFO [main] org.apache.catalina.startup.HostConfig.deployDirectory Deployment of web application directory [/home/alumne/proj/FIB-PTI/servlets/apache-tomcat-10.0.10/webapps/ROOT] has finished in [18] ms
17-Feb-2025 00:39:47.200 INFO [main] org.apache.catalina.startup.HostConfig.deployDirectory Deploying web application directory [/home/alumne/proj/FIB-PTI/servlets/apache-tomcat-10.0.10/webapps/my_webapp]
17-Feb-2025 00:39:47.230 INFO [main] org.apache.jasper.servlet.TldScanner.scanJars At least one JAR was scanned for TLDs yet contained no TLDs. Enable debug logging for this logger for a complete list of JARs that were scanned but no TLDs were found in them. Skipping unneeded JARs during scanning can improve startup time and JSP compilation time.
17-Feb-2025 00:39:47.237 INFO [main] org.apache.catalina.startup.HostConfig.deployDirectory Deployment of web application directory [/home/alumne/proj/FIB-PTI/servlets/apache-tomcat-10.0.10/webapps/my_webapp] has finished in [37] ms
17-Feb-2025 00:39:47.237 INFO [main] org.apache.catalina.startup.HostConfig.deployDirectory Deploying web application directory [/home/alumne/proj/FIB-PTI/servlets/apache-tomcat-10.0.10/webapps/manager]
17-Feb-2025 00:39:47.257 INFO [main] org.apache.jasper.servlet.TldScanner.scanJars At least one JAR was scanned for TLDs yet contained no TLDs. Enable debug logging for this logger for a complete list of JARs that were scanned but no TLDs were found in them. Skipping unneeded JARs during scanning can improve startup time and JSP compilation time.
17-Feb-2025 00:39:47.259 INFO [main] org.apache.catalina.startup.HostConfig.deployDirectory Deployment of web application directory [/home/alumne/proj/FIB-PTI/servlets/apache-tomcat-10.0.10/webapps/manager] has finished in [21] ms
17-Feb-2025 00:39:47.259 INFO [main] org.apache.catalina.startup.HostConfig.deployDirectory Deploying web application directory [/home/alumne/proj/FIB-PTI/servlets/apache-tomcat-10.0.10/webapps/docs]
17-Feb-2025 00:39:47.274 INFO [main] org.apache.jasper.servlet.TldScanner.scanJars At least one JAR was scanned for TLDs yet contained no TLDs. Enable debug logging for this logger for a complete list of JARs that were scanned but no TLDs were found in them. Skipping unneeded JARs during scanning can improve startup time and JSP compilation time.
17-Feb-2025 00:39:47.276 INFO [main] org.apache.catalina.startup.HostConfig.deployDirectory Deployment of web application directory [/home/alumne/proj/FIB-PTI/servlets/apache-tomcat-10.0.10/webapps/docs] has finished in [17] ms
17-Feb-2025 00:39:47.276 INFO [main] org.apache.catalina.startup.HostConfig.deployDirectory Deploying web application directory [/home/alumne/proj/FIB-PTI/servlets/apache-tomcat-10.0.10/webapps/examples]
17-Feb-2025 00:39:47.533 INFO [main] org.apache.jasper.servlet.TldScanner.scanJars At least one JAR was scanned for TLDs yet contained no TLDs. Enable debug logging for this logger for a complete list of JARs that were scanned but no TLDs were found in them. Skipping unneeded JARs during scanning can improve startup time and JSP compilation time.
17-Feb-2025 00:39:47.552 INFO [main] org.apache.catalina.startup.HostConfig.deployDirectory Deployment of web application directory [/home/alumne/proj/FIB-PTI/servlets/apache-tomcat-10.0.10/webapps/examples] has finished in [276] ms
17-Feb-2025 00:39:47.556 INFO [main] org.apache.coyote.AbstractProtocol.start Starting ProtocolHandler ["http-nio-8080"]
17-Feb-2025 00:39:47.567 INFO [main] org.apache.catalina.startup.Catalina.start Server startup in [780] milliseconds
17-Feb-2025 01:12:16.487 INFO [main] org.apache.catalina.core.StandardServer.await A valid shutdown command was received via the shutdown port. Stopping the Server instance.
17-Feb-2025 01:12:16.524 INFO [main] org.apache.coyote.AbstractProtocol.pause Pausing ProtocolHandler ["http-nio-8080"]
17-Feb-2025 01:12:16.561 INFO [main] org.apache.catalina.core.StandardService.stopInternal Stopping service [Catalina]
17-Feb-2025 01:12:16.596 WARNING [main] org.apache.catalina.loader.WebappClassLoaderBase.clearReferencesObjectStreamClassCaches Failed to clear soft references from ObjectStreamClass$Caches for web application [ROOT]
	java.lang.ClassCastException: class java.io.ObjectStreamClass$Caches$1 cannot be cast to class java.util.Map (java.io.ObjectStreamClass$Caches$1 and java.util.Map are in module java.base of loader 'bootstrap')
		at org.apache.catalina.loader.WebappClassLoaderBase.clearCache(WebappClassLoaderBase.java:2363)
		at org.apache.catalina.loader.WebappClassLoaderBase.clearReferencesObjectStreamClassCaches(WebappClassLoaderBase.java:2338)
		at org.apache.catalina.loader.WebappClassLoaderBase.clearReferences(WebappClassLoaderBase.java:1706)
		at org.apache.catalina.loader.WebappClassLoaderBase.stop(WebappClassLoaderBase.java:1634)
		at org.apache.catalina.loader.WebappLoader.stopInternal(WebappLoader.java:429)
		at org.apache.catalina.util.LifecycleBase.stop(LifecycleBase.java:257)
		at org.apache.catalina.core.StandardContext.stopInternal(StandardContext.java:5464)
		at org.apache.catalina.util.LifecycleBase.stop(LifecycleBase.java:257)
		at org.apache.catalina.core.ContainerBase$StopChild.call(ContainerBase.java:1412)
		at org.apache.catalina.core.ContainerBase$StopChild.call(ContainerBase.java:1401)
		at java.base/java.util.concurrent.FutureTask.run(FutureTask.java:264)
		at org.apache.tomcat.util.threads.InlineExecutorService.execute(InlineExecutorService.java:75)
		at java.base/java.util.concurrent.AbstractExecutorService.submit(AbstractExecutorService.java:140)
		at org.apache.catalina.core.ContainerBase.stopInternal(ContainerBase.java:986)
		at org.apache.catalina.util.LifecycleBase.stop(LifecycleBase.java:257)
		at org.apache.catalina.core.ContainerBase$StopChild.call(ContainerBase.java:1412)
		at org.apache.catalina.core.ContainerBase$StopChild.call(ContainerBase.java:1401)
		at java.base/java.util.concurrent.FutureTask.run(FutureTask.java:264)
		at org.apache.tomcat.util.threads.InlineExecutorService.execute(InlineExecutorService.java:75)
		at java.base/java.util.concurrent.AbstractExecutorService.submit(AbstractExecutorService.java:140)
		at org.apache.catalina.core.ContainerBase.stopInternal(ContainerBase.java:986)
		at org.apache.catalina.util.LifecycleBase.stop(LifecycleBase.java:257)
		at org.apache.catalina.core.StandardService.stopInternal(StandardService.java:497)
		at org.apache.catalina.util.LifecycleBase.stop(LifecycleBase.java:257)
		at org.apache.catalina.core.StandardServer.stopInternal(StandardServer.java:979)
		at org.apache.catalina.util.LifecycleBase.stop(LifecycleBase.java:257)
		at org.apache.catalina.startup.Catalina.stop(Catalina.java:872)
		at org.apache.catalina.startup.Catalina.start(Catalina.java:834)
		at java.base/jdk.internal.reflect.NativeMethodAccessorImpl.invoke0(Native Method)
		at java.base/jdk.internal.reflect.NativeMethodAccessorImpl.invoke(NativeMethodAccessorImpl.java:62)
		at java.base/jdk.internal.reflect.DelegatingMethodAccessorImpl.invoke(DelegatingMethodAccessorImpl.java:43)
		at java.base/java.lang.reflect.Method.invoke(Method.java:566)
		at org.apache.catalina.startup.Bootstrap.start(Bootstrap.java:345)
		at org.apache.catalina.startup.Bootstrap.main(Bootstrap.java:476)
17-Feb-2025 01:12:16.630 WARNING [main] org.apache.catalina.loader.WebappClassLoaderBase.clearReferencesObjectStreamClassCaches Failed to clear soft references from ObjectStreamClass$Caches for web application [examples]
	java.lang.ClassCastException: class java.io.ObjectStreamClass$Caches$1 cannot be cast to class java.util.Map (java.io.ObjectStreamClass$Caches$1 and java.util.Map are in module java.base of loader 'bootstrap')
		at org.apache.catalina.loader.WebappClassLoaderBase.clearCache(WebappClassLoaderBase.java:2363)
		at org.apache.catalina.loader.WebappClassLoaderBase.clearReferencesObjectStreamClassCaches(WebappClassLoaderBase.java:2338)
		at org.apache.catalina.loader.WebappClassLoaderBase.clearReferences(WebappClassLoaderBase.java:1706)
		at org.apache.catalina.loader.WebappClassLoaderBase.stop(WebappClassLoaderBase.java:1634)
		at org.apache.catalina.loader.WebappLoader.stopInternal(WebappLoader.java:429)
		at org.apache.catalina.util.LifecycleBase.stop(LifecycleBase.java:257)
		at org.apache.catalina.core.StandardContext.stopInternal(StandardContext.java:5464)
		at org.apache.catalina.util.LifecycleBase.stop(LifecycleBase.java:257)
		at org.apache.catalina.core.ContainerBase$StopChild.call(ContainerBase.java:1412)
		at org.apache.catalina.core.ContainerBase$StopChild.call(ContainerBase.java:1401)
		at java.base/java.util.concurrent.FutureTask.run(FutureTask.java:264)
		at org.apache.tomcat.util.threads.InlineExecutorService.execute(InlineExecutorService.java:75)
		at java.base/java.util.concurrent.AbstractExecutorService.submit(AbstractExecutorService.java:140)
		at org.apache.catalina.core.ContainerBase.stopInternal(ContainerBase.java:986)
		at org.apache.catalina.util.LifecycleBase.stop(LifecycleBase.java:257)
		at org.apache.catalina.core.ContainerBase$StopChild.call(ContainerBase.java:1412)
		at org.apache.catalina.core.ContainerBase$StopChild.call(ContainerBase.java:1401)
		at java.base/java.util.concurrent.FutureTask.run(FutureTask.java:264)
		at org.apache.tomcat.util.threads.InlineExecutorService.execute(InlineExecutorService.java:75)
		at java.base/java.util.concurrent.AbstractExecutorService.submit(AbstractExecutorService.java:140)
		at org.apache.catalina.core.ContainerBase.stopInternal(ContainerBase.java:986)
		at org.apache.catalina.util.LifecycleBase.stop(LifecycleBase.java:257)
		at org.apache.catalina.core.StandardService.stopInternal(StandardService.java:497)
		at org.apache.catalina.util.LifecycleBase.stop(LifecycleBase.java:257)
		at org.apache.catalina.core.StandardServer.stopInternal(StandardServer.java:979)
		at org.apache.catalina.util.LifecycleBase.stop(LifecycleBase.java:257)
		at org.apache.catalina.startup.Catalina.stop(Catalina.java:872)
		at org.apache.catalina.startup.Catalina.start(Catalina.java:834)
		at java.base/jdk.internal.reflect.NativeMethodAccessorImpl.invoke0(Native Method)
		at java.base/jdk.internal.reflect.NativeMethodAccessorImpl.invoke(NativeMethodAccessorImpl.java:62)
		at java.base/jdk.internal.reflect.DelegatingMethodAccessorImpl.invoke(DelegatingMethodAccessorImpl.java:43)
		at java.base/java.lang.reflect.Method.invoke(Method.java:566)
		at org.apache.catalina.startup.Bootstrap.start(Bootstrap.java:345)
		at org.apache.catalina.startup.Bootstrap.main(Bootstrap.java:476)
17-Feb-2025 01:12:16.654 WARNING [main] org.apache.catalina.loader.WebappClassLoaderBase.clearReferencesObjectStreamClassCaches Failed to clear soft references from ObjectStreamClass$Caches for web application [host-manager]
	java.lang.ClassCastException: class java.io.ObjectStreamClass$Caches$1 cannot be cast to class java.util.Map (java.io.ObjectStreamClass$Caches$1 and java.util.Map are in module java.base of loader 'bootstrap')
		at org.apache.catalina.loader.WebappClassLoaderBase.clearCache(WebappClassLoaderBase.java:2363)
		at org.apache.catalina.loader.WebappClassLoaderBase.clearReferencesObjectStreamClassCaches(WebappClassLoaderBase.java:2338)
		at org.apache.catalina.loader.WebappClassLoaderBase.clearReferences(WebappClassLoaderBase.java:1706)
		at org.apache.catalina.loader.WebappClassLoaderBase.stop(WebappClassLoaderBase.java:1634)
		at org.apache.catalina.loader.WebappLoader.stopInternal(WebappLoader.java:429)
		at org.apache.catalina.util.LifecycleBase.stop(LifecycleBase.java:257)
		at org.apache.catalina.core.StandardContext.stopInternal(StandardContext.java:5464)
		at org.apache.catalina.util.LifecycleBase.stop(LifecycleBase.java:257)
		at org.apache.catalina.core.ContainerBase$StopChild.call(ContainerBase.java:1412)
		at org.apache.catalina.core.ContainerBase$StopChild.call(ContainerBase.java:1401)
		at java.base/java.util.concurrent.FutureTask.run(FutureTask.java:264)
		at org.apache.tomcat.util.threads.InlineExecutorService.execute(InlineExecutorService.java:75)
		at java.base/java.util.concurrent.AbstractExecutorService.submit(AbstractExecutorService.java:140)
		at org.apache.catalina.core.ContainerBase.stopInternal(ContainerBase.java:986)
		at org.apache.catalina.util.LifecycleBase.stop(LifecycleBase.java:257)
		at org.apache.catalina.core.ContainerBase$StopChild.call(ContainerBase.java:1412)
		at org.apache.catalina.core.ContainerBase$StopChild.call(ContainerBase.java:1401)
		at java.base/java.util.concurrent.FutureTask.run(FutureTask.java:264)
		at org.apache.tomcat.util.threads.InlineExecutorService.execute(InlineExecutorService.java:75)
		at java.base/java.util.concurrent.AbstractExecutorService.submit(AbstractExecutorService.java:140)
		at org.apache.catalina.core.ContainerBase.stopInternal(ContainerBase.java:986)
		at org.apache.catalina.util.LifecycleBase.stop(LifecycleBase.java:257)
		at org.apache.catalina.core.StandardService.stopInternal(StandardService.java:497)
		at org.apache.catalina.util.LifecycleBase.stop(LifecycleBase.java:257)
		at org.apache.catalina.core.StandardServer.stopInternal(StandardServer.java:979)
		at org.apache.catalina.util.LifecycleBase.stop(LifecycleBase.java:257)
		at org.apache.catalina.startup.Catalina.stop(Catalina.java:872)
		at org.apache.catalina.startup.Catalina.start(Catalina.java:834)
		at java.base/jdk.internal.reflect.NativeMethodAccessorImpl.invoke0(Native Method)
		at java.base/jdk.internal.reflect.NativeMethodAccessorImpl.invoke(NativeMethodAccessorImpl.java:62)
		at java.base/jdk.internal.reflect.DelegatingMethodAccessorImpl.invoke(DelegatingMethodAccessorImpl.java:43)
		at java.base/java.lang.reflect.Method.invoke(Method.java:566)
		at org.apache.catalina.startup.Bootstrap.start(Bootstrap.java:345)
		at org.apache.catalina.startup.Bootstrap.main(Bootstrap.java:476)
17-Feb-2025 01:12:16.659 WARNING [main] org.apache.catalina.loader.WebappClassLoaderBase.clearReferencesObjectStreamClassCaches Failed to clear soft references from ObjectStreamClass$Caches for web application [my_webapp]
	java.lang.ClassCastException: class java.io.ObjectStreamClass$Caches$1 cannot be cast to class java.util.Map (java.io.ObjectStreamClass$Caches$1 and java.util.Map are in module java.base of loader 'bootstrap')
		at org.apache.catalina.loader.WebappClassLoaderBase.clearCache(WebappClassLoaderBase.java:2363)
		at org.apache.catalina.loader.WebappClassLoaderBase.clearReferencesObjectStreamClassCaches(WebappClassLoaderBase.java:2338)
		at org.apache.catalina.loader.WebappClassLoaderBase.clearReferences(WebappClassLoaderBase.java:1706)
		at org.apache.catalina.loader.WebappClassLoaderBase.stop(WebappClassLoaderBase.java:1634)
		at org.apache.catalina.loader.WebappLoader.stopInternal(WebappLoader.java:429)
		at org.apache.catalina.util.LifecycleBase.stop(LifecycleBase.java:257)
		at org.apache.catalina.core.StandardContext.stopInternal(StandardContext.java:5464)
		at org.apache.catalina.util.LifecycleBase.stop(LifecycleBase.java:257)
		at org.apache.catalina.core.ContainerBase$StopChild.call(ContainerBase.java:1412)
		at org.apache.catalina.core.ContainerBase$StopChild.call(ContainerBase.java:1401)
		at java.base/java.util.concurrent.FutureTask.run(FutureTask.java:264)
		at org.apache.tomcat.util.threads.InlineExecutorService.execute(InlineExecutorService.java:75)
		at java.base/java.util.concurrent.AbstractExecutorService.submit(AbstractExecutorService.java:140)
		at org.apache.catalina.core.ContainerBase.stopInternal(ContainerBase.java:986)
		at org.apache.catalina.util.LifecycleBase.stop(LifecycleBase.java:257)
		at org.apache.catalina.core.ContainerBase$StopChild.call(ContainerBase.java:1412)
		at org.apache.catalina.core.ContainerBase$StopChild.call(ContainerBase.java:1401)
		at java.base/java.util.concurrent.FutureTask.run(FutureTask.java:264)
		at org.apache.tomcat.util.threads.InlineExecutorService.execute(InlineExecutorService.java:75)
		at java.base/java.util.concurrent.AbstractExecutorService.submit(AbstractExecutorService.java:140)
		at org.apache.catalina.core.ContainerBase.stopInternal(ContainerBase.java:986)
		at org.apache.catalina.util.LifecycleBase.stop(LifecycleBase.java:257)
		at org.apache.catalina.core.StandardService.stopInternal(StandardService.java:497)
		at org.apache.catalina.util.LifecycleBase.stop(LifecycleBase.java:257)
		at org.apache.catalina.core.StandardServer.stopInternal(StandardServer.java:979)
		at org.apache.catalina.util.LifecycleBase.stop(LifecycleBase.java:257)
		at org.apache.catalina.startup.Catalina.stop(Catalina.java:872)
		at org.apache.catalina.startup.Catalina.start(Catalina.java:834)
		at java.base/jdk.internal.reflect.NativeMethodAccessorImpl.invoke0(Native Method)
		at java.base/jdk.internal.reflect.NativeMethodAccessorImpl.invoke(NativeMethodAccessorImpl.java:62)
		at java.base/jdk.internal.reflect.DelegatingMethodAccessorImpl.invoke(DelegatingMethodAccessorImpl.java:43)
		at java.base/java.lang.reflect.Method.invoke(Method.java:566)
		at org.apache.catalina.startup.Bootstrap.start(Bootstrap.java:345)
		at org.apache.catalina.startup.Bootstrap.main(Bootstrap.java:476)
17-Feb-2025 01:12:16.662 WARNING [main] org.apache.catalina.loader.WebappClassLoaderBase.clearReferencesObjectStreamClassCaches Failed to clear soft references from ObjectStreamClass$Caches for web application [manager]
	java.lang.ClassCastException: class java.io.ObjectStreamClass$Caches$1 cannot be cast to class java.util.Map (java.io.ObjectStreamClass$Caches$1 and java.util.Map are in module java.base of loader 'bootstrap')
		at org.apache.catalina.loader.WebappClassLoaderBase.clearCache(WebappClassLoaderBase.java:2363)
		at org.apache.catalina.loader.WebappClassLoaderBase.clearReferencesObjectStreamClassCaches(WebappClassLoaderBase.java:2338)
		at org.apache.catalina.loader.WebappClassLoaderBase.clearReferences(WebappClassLoaderBase.java:1706)
		at org.apache.catalina.loader.WebappClassLoaderBase.stop(WebappClassLoaderBase.java:1634)
		at org.apache.catalina.loader.WebappLoader.stopInternal(WebappLoader.java:429)
		at org.apache.catalina.util.LifecycleBase.stop(LifecycleBase.java:257)
		at org.apache.catalina.core.StandardContext.stopInternal(StandardContext.java:5464)
		at org.apache.catalina.util.LifecycleBase.stop(LifecycleBase.java:257)
		at org.apache.catalina.core.ContainerBase$StopChild.call(ContainerBase.java:1412)
		at org.apache.catalina.core.ContainerBase$StopChild.call(ContainerBase.java:1401)
		at java.base/java.util.concurrent.FutureTask.run(FutureTask.java:264)
		at org.apache.tomcat.util.threads.InlineExecutorService.execute(InlineExecutorService.java:75)
		at java.base/java.util.concurrent.AbstractExecutorService.submit(AbstractExecutorService.java:140)
		at org.apache.catalina.core.ContainerBase.stopInternal(ContainerBase.java:986)
		at org.apache.catalina.util.LifecycleBase.stop(LifecycleBase.java:257)
		at org.apache.catalina.core.ContainerBase$StopChild.call(ContainerBase.java:1412)
		at org.apache.catalina.core.ContainerBase$StopChild.call(ContainerBase.java:1401)
		at java.base/java.util.concurrent.FutureTask.run(FutureTask.java:264)
		at org.apache.tomcat.util.threads.InlineExecutorService.execute(InlineExecutorService.java:75)
		at java.base/java.util.concurrent.AbstractExecutorService.submit(AbstractExecutorService.java:140)
		at org.apache.catalina.core.ContainerBase.stopInternal(ContainerBase.java:986)
		at org.apache.catalina.util.LifecycleBase.stop(LifecycleBase.java:257)
		at org.apache.catalina.core.StandardService.stopInternal(StandardService.java:497)
		at org.apache.catalina.util.LifecycleBase.stop(LifecycleBase.java:257)
		at org.apache.catalina.core.StandardServer.stopInternal(StandardServer.java:979)
		at org.apache.catalina.util.LifecycleBase.stop(LifecycleBase.java:257)
		at org.apache.catalina.startup.Catalina.stop(Catalina.java:872)
		at org.apache.catalina.startup.Catalina.start(Catalina.java:834)
		at java.base/jdk.internal.reflect.NativeMethodAccessorImpl.invoke0(Native Method)
		at java.base/jdk.internal.reflect.NativeMethodAccessorImpl.invoke(NativeMethodAccessorImpl.java:62)
		at java.base/jdk.internal.reflect.DelegatingMethodAccessorImpl.invoke(DelegatingMethodAccessorImpl.java:43)
		at java.base/java.lang.reflect.Method.invoke(Method.java:566)
		at org.apache.catalina.startup.Bootstrap.start(Bootstrap.java:345)
		at org.apache.catalina.startup.Bootstrap.main(Bootstrap.java:476)
17-Feb-2025 01:12:16.680 WARNING [main] org.apache.catalina.loader.WebappClassLoaderBase.clearReferencesObjectStreamClassCaches Failed to clear soft references from ObjectStreamClass$Caches for web application [docs]
	java.lang.ClassCastException: class java.io.ObjectStreamClass$Caches$1 cannot be cast to class java.util.Map (java.io.ObjectStreamClass$Caches$1 and java.util.Map are in module java.base of loader 'bootstrap')
		at org.apache.catalina.loader.WebappClassLoaderBase.clearCache(WebappClassLoaderBase.java:2363)
		at org.apache.catalina.loader.WebappClassLoaderBase.clearReferencesObjectStreamClassCaches(WebappClassLoaderBase.java:2338)
		at org.apache.catalina.loader.WebappClassLoaderBase.clearReferences(WebappClassLoaderBase.java:1706)
		at org.apache.catalina.loader.WebappClassLoaderBase.stop(WebappClassLoaderBase.java:1634)
		at org.apache.catalina.loader.WebappLoader.stopInternal(WebappLoader.java:429)
		at org.apache.catalina.util.LifecycleBase.stop(LifecycleBase.java:257)
		at org.apache.catalina.core.StandardContext.stopInternal(StandardContext.java:5464)
		at org.apache.catalina.util.LifecycleBase.stop(LifecycleBase.java:257)
		at org.apache.catalina.core.ContainerBase$StopChild.call(ContainerBase.java:1412)
		at org.apache.catalina.core.ContainerBase$StopChild.call(ContainerBase.java:1401)
		at java.base/java.util.concurrent.FutureTask.run(FutureTask.java:264)
		at org.apache.tomcat.util.threads.InlineExecutorService.execute(InlineExecutorService.java:75)
		at java.base/java.util.concurrent.AbstractExecutorService.submit(AbstractExecutorService.java:140)
		at org.apache.catalina.core.ContainerBase.stopInternal(ContainerBase.java:986)
		at org.apache.catalina.util.LifecycleBase.stop(LifecycleBase.java:257)
		at org.apache.catalina.core.ContainerBase$StopChild.call(ContainerBase.java:1412)
		at org.apache.catalina.core.ContainerBase$StopChild.call(ContainerBase.java:1401)
		at java.base/java.util.concurrent.FutureTask.run(FutureTask.java:264)
		at org.apache.tomcat.util.threads.InlineExecutorService.execute(InlineExecutorService.java:75)
		at java.base/java.util.concurrent.AbstractExecutorService.submit(AbstractExecutorService.java:140)
		at org.apache.catalina.core.ContainerBase.stopInternal(ContainerBase.java:986)
		at org.apache.catalina.util.LifecycleBase.stop(LifecycleBase.java:257)
		at org.apache.catalina.core.StandardService.stopInternal(StandardService.java:497)
		at org.apache.catalina.util.LifecycleBase.stop(LifecycleBase.java:257)
		at org.apache.catalina.core.StandardServer.stopInternal(StandardServer.java:979)
		at org.apache.catalina.util.LifecycleBase.stop(LifecycleBase.java:257)
		at org.apache.catalina.startup.Catalina.stop(Catalina.java:872)
		at org.apache.catalina.startup.Catalina.start(Catalina.java:834)
		at java.base/jdk.internal.reflect.NativeMethodAccessorImpl.invoke0(Native Method)
		at java.base/jdk.internal.reflect.NativeMethodAccessorImpl.invoke(NativeMethodAccessorImpl.java:62)
		at java.base/jdk.internal.reflect.DelegatingMethodAccessorImpl.invoke(DelegatingMethodAccessorImpl.java:43)
		at java.base/java.lang.reflect.Method.invoke(Method.java:566)
		at org.apache.catalina.startup.Bootstrap.start(Bootstrap.java:345)
		at org.apache.catalina.startup.Bootstrap.main(Bootstrap.java:476)
17-Feb-2025 01:12:16.688 INFO [main] org.apache.coyote.AbstractProtocol.stop Stopping ProtocolHandler ["http-nio-8080"]
17-Feb-2025 01:12:16.758 INFO [main] org.apache.coyote.AbstractProtocol.destroy Destroying ProtocolHandler ["http-nio-8080"]
17-Feb-2025 01:12:18.298 INFO [main] org.apache.catalina.startup.VersionLoggerListener.log Server version name:   Apache Tomcat/10.0.10
17-Feb-2025 01:12:18.312 INFO [main] org.apache.catalina.startup.VersionLoggerListener.log Server built:          Jul 30 2021 09:51:27 UTC
17-Feb-2025 01:12:18.313 INFO [main] org.apache.catalina.startup.VersionLoggerListener.log Server version number: 10.0.10.0
17-Feb-2025 01:12:18.313 INFO [main] org.apache.catalina.startup.VersionLoggerListener.log OS Name:               Linux
17-Feb-2025 01:12:18.313 INFO [main] org.apache.catalina.startup.VersionLoggerListener.log OS Version:            5.15.0-92-generic
17-Feb-2025 01:12:18.313 INFO [main] org.apache.catalina.startup.VersionLoggerListener.log Architecture:          amd64
17-Feb-2025 01:12:18.313 INFO [main] org.apache.catalina.startup.VersionLoggerListener.log Java Home:             /usr/lib/jvm/java-11-openjdk-amd64
17-Feb-2025 01:12:18.313 INFO [main] org.apache.catalina.startup.VersionLoggerListener.log JVM Version:           11.0.26+4-post-Ubuntu-1ubuntu122.04
17-Feb-2025 01:12:18.315 INFO [main] org.apache.catalina.startup.VersionLoggerListener.log JVM Vendor:            Ubuntu
17-Feb-2025 01:12:18.316 INFO [main] org.apache.catalina.startup.VersionLoggerListener.log CATALINA_BASE:         /home/alumne/proj/FIB-PTI/servlets/apache-tomcat-10.0.10
17-Feb-2025 01:12:18.316 INFO [main] org.apache.catalina.startup.VersionLoggerListener.log CATALINA_HOME:         /home/alumne/proj/FIB-PTI/servlets/apache-tomcat-10.0.10
17-Feb-2025 01:12:18.400 INFO [main] org.apache.catalina.startup.VersionLoggerListener.log Command line argument: --add-opens=java.base/java.lang=ALL-UNNAMED
17-Feb-2025 01:12:18.405 INFO [main] org.apache.catalina.startup.VersionLoggerListener.log Command line argument: --add-opens=java.base/java.io=ALL-UNNAMED
17-Feb-2025 01:12:18.406 INFO [main] org.apache.catalina.startup.VersionLoggerListener.log Command line argument: --add-opens=java.base/java.util=ALL-UNNAMED
17-Feb-2025 01:12:18.407 INFO [main] org.apache.catalina.startup.VersionLoggerListener.log Command line argument: --add-opens=java.base/java.util.concurrent=ALL-UNNAMED
17-Feb-2025 01:12:18.407 INFO [main] org.apache.catalina.startup.VersionLoggerListener.log Command line argument: --add-opens=java.rmi/sun.rmi.transport=ALL-UNNAMED
17-Feb-2025 01:12:18.407 INFO [main] org.apache.catalina.startup.VersionLoggerListener.log Command line argument: -Djava.util.logging.config.file=/home/alumne/proj/FIB-PTI/servlets/apache-tomcat-10.0.10/conf/logging.properties
17-Feb-2025 01:12:18.407 INFO [main] org.apache.catalina.startup.VersionLoggerListener.log Command line argument: -Djava.util.logging.manager=org.apache.juli.ClassLoaderLogManager
17-Feb-2025 01:12:18.407 INFO [main] org.apache.catalina.startup.VersionLoggerListener.log Command line argument: -Djdk.tls.ephemeralDHKeySize=2048
17-Feb-2025 01:12:18.407 INFO [main] org.apache.catalina.startup.VersionLoggerListener.log Command line argument: -Djava.protocol.handler.pkgs=org.apache.catalina.webresources
17-Feb-2025 01:12:18.407 INFO [main] org.apache.catalina.startup.VersionLoggerListener.log Command line argument: -Dorg.apache.catalina.security.SecurityListener.UMASK=0027
17-Feb-2025 01:12:18.407 INFO [main] org.apache.catalina.startup.VersionLoggerListener.log Command line argument: -Dignore.endorsed.dirs=
17-Feb-2025 01:12:18.407 INFO [main] org.apache.catalina.startup.VersionLoggerListener.log Command line argument: -Dcatalina.base=/home/alumne/proj/FIB-PTI/servlets/apache-tomcat-10.0.10
17-Feb-2025 01:12:18.407 INFO [main] org.apache.catalina.startup.VersionLoggerListener.log Command line argument: -Dcatalina.home=/home/alumne/proj/FIB-PTI/servlets/apache-tomcat-10.0.10
17-Feb-2025 01:12:18.407 INFO [main] org.apache.catalina.startup.VersionLoggerListener.log Command line argument: -Djava.io.tmpdir=/home/alumne/proj/FIB-PTI/servlets/apache-tomcat-10.0.10/temp
17-Feb-2025 01:12:18.432 INFO [main] org.apache.catalina.core.AprLifecycleListener.lifecycleEvent The Apache Tomcat Native library which allows using OpenSSL was not found on the java.library.path: [/home/alumne/catkin_ws/devel/lib:/opt/ros/noetic/lib:/tmp/.mount_cursor8aCjg4/usr/lib:/usr/java/packages/lib:/usr/lib/x86_64-linux-gnu/jni:/lib/x86_64-linux-gnu:/usr/lib/x86_64-linux-gnu:/usr/lib/jni:/lib:/usr/lib]
17-Feb-2025 01:12:19.473 INFO [main] org.apache.coyote.AbstractProtocol.init Initializing ProtocolHandler ["http-nio-8080"]
17-Feb-2025 01:12:19.530 INFO [main] org.apache.catalina.startup.Catalina.load Server initialization in [1780] milliseconds
17-Feb-2025 01:12:19.720 INFO [main] org.apache.catalina.core.StandardService.startInternal Starting service [Catalina]
17-Feb-2025 01:12:19.720 INFO [main] org.apache.catalina.core.StandardEngine.startInternal Starting Servlet engine: [Apache Tomcat/10.0.10]
17-Feb-2025 01:12:19.764 INFO [main] org.apache.catalina.startup.HostConfig.deployDirectory Deploying web application directory [/home/alumne/proj/FIB-PTI/servlets/apache-tomcat-10.0.10/webapps/host-manager]
17-Feb-2025 01:12:20.375 INFO [main] org.apache.jasper.servlet.TldScanner.scanJars At least one JAR was scanned for TLDs yet contained no TLDs. Enable debug logging for this logger for a complete list of JARs that were scanned but no TLDs were found in them. Skipping unneeded JARs during scanning can improve startup time and JSP compilation time.
17-Feb-2025 01:12:20.553 INFO [main] org.apache.catalina.startup.HostConfig.deployDirectory Deployment of web application directory [/home/alumne/proj/FIB-PTI/servlets/apache-tomcat-10.0.10/webapps/host-manager] has finished in [788] ms
17-Feb-2025 01:12:20.554 INFO [main] org.apache.catalina.startup.HostConfig.deployDirectory Deploying web application directory [/home/alumne/proj/FIB-PTI/servlets/apache-tomcat-10.0.10/webapps/ROOT]
17-Feb-2025 01:12:20.585 INFO [main] org.apache.jasper.servlet.TldScanner.scanJars At least one JAR was scanned for TLDs yet contained no TLDs. Enable debug logging for this logger for a complete list of JARs that were scanned but no TLDs were found in them. Skipping unneeded JARs during scanning can improve startup time and JSP compilation time.
17-Feb-2025 01:12:20.587 INFO [main] org.apache.catalina.startup.HostConfig.deployDirectory Deployment of web application directory [/home/alumne/proj/FIB-PTI/servlets/apache-tomcat-10.0.10/webapps/ROOT] has finished in [34] ms
17-Feb-2025 01:12:20.587 INFO [main] org.apache.catalina.startup.HostConfig.deployDirectory Deploying web application directory [/home/alumne/proj/FIB-PTI/servlets/apache-tomcat-10.0.10/webapps/my_webapp]
17-Feb-2025 01:12:20.679 INFO [main] org.apache.jasper.servlet.TldScanner.scanJars At least one JAR was scanned for TLDs yet contained no TLDs. Enable debug logging for this logger for a complete list of JARs that were scanned but no TLDs were found in them. Skipping unneeded JARs during scanning can improve startup time and JSP compilation time.
17-Feb-2025 01:12:20.701 INFO [main] org.apache.catalina.startup.HostConfig.deployDirectory Deployment of web application directory [/home/alumne/proj/FIB-PTI/servlets/apache-tomcat-10.0.10/webapps/my_webapp] has finished in [112] ms
17-Feb-2025 01:12:20.702 INFO [main] org.apache.catalina.startup.HostConfig.deployDirectory Deploying web application directory [/home/alumne/proj/FIB-PTI/servlets/apache-tomcat-10.0.10/webapps/manager]
17-Feb-2025 01:12:20.749 INFO [main] org.apache.jasper.servlet.TldScanner.scanJars At least one JAR was scanned for TLDs yet contained no TLDs. Enable debug logging for this logger for a complete list of JARs that were scanned but no TLDs were found in them. Skipping unneeded JARs during scanning can improve startup time and JSP compilation time.
17-Feb-2025 01:12:20.753 INFO [main] org.apache.catalina.startup.HostConfig.deployDirectory Deployment of web application directory [/home/alumne/proj/FIB-PTI/servlets/apache-tomcat-10.0.10/webapps/manager] has finished in [51] ms
17-Feb-2025 01:12:20.754 INFO [main] org.apache.catalina.startup.HostConfig.deployDirectory Deploying web application directory [/home/alumne/proj/FIB-PTI/servlets/apache-tomcat-10.0.10/webapps/docs]
17-Feb-2025 01:12:20.782 INFO [main] org.apache.jasper.servlet.TldScanner.scanJars At least one JAR was scanned for TLDs yet contained no TLDs. Enable debug logging for this logger for a complete list of JARs that were scanned but no TLDs were found in them. Skipping unneeded JARs during scanning can improve startup time and JSP compilation time.
17-Feb-2025 01:12:20.784 INFO [main] org.apache.catalina.startup.HostConfig.deployDirectory Deployment of web application directory [/home/alumne/proj/FIB-PTI/servlets/apache-tomcat-10.0.10/webapps/docs] has finished in [29] ms
17-Feb-2025 01:12:20.784 INFO [main] org.apache.catalina.startup.HostConfig.deployDirectory Deploying web application directory [/home/alumne/proj/FIB-PTI/servlets/apache-tomcat-10.0.10/webapps/examples]
17-Feb-2025 01:12:21.443 INFO [main] org.apache.jasper.servlet.TldScanner.scanJars At least one JAR was scanned for TLDs yet contained no TLDs. Enable debug logging for this logger for a complete list of JARs that were scanned but no TLDs were found in them. Skipping unneeded JARs during scanning can improve startup time and JSP compilation time.
17-Feb-2025 01:12:21.467 INFO [main] org.apache.catalina.startup.HostConfig.deployDirectory Deployment of web application directory [/home/alumne/proj/FIB-PTI/servlets/apache-tomcat-10.0.10/webapps/examples] has finished in [683] ms
17-Feb-2025 01:12:21.474 INFO [main] org.apache.coyote.AbstractProtocol.start Starting ProtocolHandler ["http-nio-8080"]
17-Feb-2025 01:12:21.531 INFO [main] org.apache.catalina.startup.Catalina.start Server startup in [1998] milliseconds
17-Feb-2025 01:13:21.385 INFO [main] org.apache.catalina.core.StandardServer.await A valid shutdown command was received via the shutdown port. Stopping the Server instance.
17-Feb-2025 01:13:21.388 INFO [main] org.apache.coyote.AbstractProtocol.pause Pausing ProtocolHandler ["http-nio-8080"]
17-Feb-2025 01:13:21.398 INFO [main] org.apache.catalina.core.StandardService.stopInternal Stopping service [Catalina]
17-Feb-2025 01:13:21.414 WARNING [main] org.apache.catalina.loader.WebappClassLoaderBase.clearReferencesObjectStreamClassCaches Failed to clear soft references from ObjectStreamClass$Caches for web application [ROOT]
	java.lang.ClassCastException: class java.io.ObjectStreamClass$Caches$1 cannot be cast to class java.util.Map (java.io.ObjectStreamClass$Caches$1 and java.util.Map are in module java.base of loader 'bootstrap')
		at org.apache.catalina.loader.WebappClassLoaderBase.clearCache(WebappClassLoaderBase.java:2363)
		at org.apache.catalina.loader.WebappClassLoaderBase.clearReferencesObjectStreamClassCaches(WebappClassLoaderBase.java:2338)
		at org.apache.catalina.loader.WebappClassLoaderBase.clearReferences(WebappClassLoaderBase.java:1706)
		at org.apache.catalina.loader.WebappClassLoaderBase.stop(WebappClassLoaderBase.java:1634)
		at org.apache.catalina.loader.WebappLoader.stopInternal(WebappLoader.java:429)
		at org.apache.catalina.util.LifecycleBase.stop(LifecycleBase.java:257)
		at org.apache.catalina.core.StandardContext.stopInternal(StandardContext.java:5464)
		at org.apache.catalina.util.LifecycleBase.stop(LifecycleBase.java:257)
		at org.apache.catalina.core.ContainerBase$StopChild.call(ContainerBase.java:1412)
		at org.apache.catalina.core.ContainerBase$StopChild.call(ContainerBase.java:1401)
		at java.base/java.util.concurrent.FutureTask.run(FutureTask.java:264)
		at org.apache.tomcat.util.threads.InlineExecutorService.execute(InlineExecutorService.java:75)
		at java.base/java.util.concurrent.AbstractExecutorService.submit(AbstractExecutorService.java:140)
		at org.apache.catalina.core.ContainerBase.stopInternal(ContainerBase.java:986)
		at org.apache.catalina.util.LifecycleBase.stop(LifecycleBase.java:257)
		at org.apache.catalina.core.ContainerBase$StopChild.call(ContainerBase.java:1412)
		at org.apache.catalina.core.ContainerBase$StopChild.call(ContainerBase.java:1401)
		at java.base/java.util.concurrent.FutureTask.run(FutureTask.java:264)
		at org.apache.tomcat.util.threads.InlineExecutorService.execute(InlineExecutorService.java:75)
		at java.base/java.util.concurrent.AbstractExecutorService.submit(AbstractExecutorService.java:140)
		at org.apache.catalina.core.ContainerBase.stopInternal(ContainerBase.java:986)
		at org.apache.catalina.util.LifecycleBase.stop(LifecycleBase.java:257)
		at org.apache.catalina.core.StandardService.stopInternal(StandardService.java:497)
		at org.apache.catalina.util.LifecycleBase.stop(LifecycleBase.java:257)
		at org.apache.catalina.core.StandardServer.stopInternal(StandardServer.java:979)
		at org.apache.catalina.util.LifecycleBase.stop(LifecycleBase.java:257)
		at org.apache.catalina.startup.Catalina.stop(Catalina.java:872)
		at org.apache.catalina.startup.Catalina.start(Catalina.java:834)
		at java.base/jdk.internal.reflect.NativeMethodAccessorImpl.invoke0(Native Method)
		at java.base/jdk.internal.reflect.NativeMethodAccessorImpl.invoke(NativeMethodAccessorImpl.java:62)
		at java.base/jdk.internal.reflect.DelegatingMethodAccessorImpl.invoke(DelegatingMethodAccessorImpl.java:43)
		at java.base/java.lang.reflect.Method.invoke(Method.java:566)
		at org.apache.catalina.startup.Bootstrap.start(Bootstrap.java:345)
		at org.apache.catalina.startup.Bootstrap.main(Bootstrap.java:476)
17-Feb-2025 01:13:21.439 WARNING [main] org.apache.catalina.loader.WebappClassLoaderBase.clearReferencesObjectStreamClassCaches Failed to clear soft references from ObjectStreamClass$Caches for web application [examples]
	java.lang.ClassCastException: class java.io.ObjectStreamClass$Caches$1 cannot be cast to class java.util.Map (java.io.ObjectStreamClass$Caches$1 and java.util.Map are in module java.base of loader 'bootstrap')
		at org.apache.catalina.loader.WebappClassLoaderBase.clearCache(WebappClassLoaderBase.java:2363)
		at org.apache.catalina.loader.WebappClassLoaderBase.clearReferencesObjectStreamClassCaches(WebappClassLoaderBase.java:2338)
		at org.apache.catalina.loader.WebappClassLoaderBase.clearReferences(WebappClassLoaderBase.java:1706)
		at org.apache.catalina.loader.WebappClassLoaderBase.stop(WebappClassLoaderBase.java:1634)
		at org.apache.catalina.loader.WebappLoader.stopInternal(WebappLoader.java:429)
		at org.apache.catalina.util.LifecycleBase.stop(LifecycleBase.java:257)
		at org.apache.catalina.core.StandardContext.stopInternal(StandardContext.java:5464)
		at org.apache.catalina.util.LifecycleBase.stop(LifecycleBase.java:257)
		at org.apache.catalina.core.ContainerBase$StopChild.call(ContainerBase.java:1412)
		at org.apache.catalina.core.ContainerBase$StopChild.call(ContainerBase.java:1401)
		at java.base/java.util.concurrent.FutureTask.run(FutureTask.java:264)
		at org.apache.tomcat.util.threads.InlineExecutorService.execute(InlineExecutorService.java:75)
		at java.base/java.util.concurrent.AbstractExecutorService.submit(AbstractExecutorService.java:140)
		at org.apache.catalina.core.ContainerBase.stopInternal(ContainerBase.java:986)
		at org.apache.catalina.util.LifecycleBase.stop(LifecycleBase.java:257)
		at org.apache.catalina.core.ContainerBase$StopChild.call(ContainerBase.java:1412)
		at org.apache.catalina.core.ContainerBase$StopChild.call(ContainerBase.java:1401)
		at java.base/java.util.concurrent.FutureTask.run(FutureTask.java:264)
		at org.apache.tomcat.util.threads.InlineExecutorService.execute(InlineExecutorService.java:75)
		at java.base/java.util.concurrent.AbstractExecutorService.submit(AbstractExecutorService.java:140)
		at org.apache.catalina.core.ContainerBase.stopInternal(ContainerBase.java:986)
		at org.apache.catalina.util.LifecycleBase.stop(LifecycleBase.java:257)
		at org.apache.catalina.core.StandardService.stopInternal(StandardService.java:497)
		at org.apache.catalina.util.LifecycleBase.stop(LifecycleBase.java:257)
		at org.apache.catalina.core.StandardServer.stopInternal(StandardServer.java:979)
		at org.apache.catalina.util.LifecycleBase.stop(LifecycleBase.java:257)
		at org.apache.catalina.startup.Catalina.stop(Catalina.java:872)
		at org.apache.catalina.startup.Catalina.start(Catalina.java:834)
		at java.base/jdk.internal.reflect.NativeMethodAccessorImpl.invoke0(Native Method)
		at java.base/jdk.internal.reflect.NativeMethodAccessorImpl.invoke(NativeMethodAccessorImpl.java:62)
		at java.base/jdk.internal.reflect.DelegatingMethodAccessorImpl.invoke(DelegatingMethodAccessorImpl.java:43)
		at java.base/java.lang.reflect.Method.invoke(Method.java:566)
		at org.apache.catalina.startup.Bootstrap.start(Bootstrap.java:345)
		at org.apache.catalina.startup.Bootstrap.main(Bootstrap.java:476)
17-Feb-2025 01:13:21.442 WARNING [main] org.apache.catalina.loader.WebappClassLoaderBase.clearReferencesObjectStreamClassCaches Failed to clear soft references from ObjectStreamClass$Caches for web application [host-manager]
	java.lang.ClassCastException: class java.io.ObjectStreamClass$Caches$1 cannot be cast to class java.util.Map (java.io.ObjectStreamClass$Caches$1 and java.util.Map are in module java.base of loader 'bootstrap')
		at org.apache.catalina.loader.WebappClassLoaderBase.clearCache(WebappClassLoaderBase.java:2363)
		at org.apache.catalina.loader.WebappClassLoaderBase.clearReferencesObjectStreamClassCaches(WebappClassLoaderBase.java:2338)
		at org.apache.catalina.loader.WebappClassLoaderBase.clearReferences(WebappClassLoaderBase.java:1706)
		at org.apache.catalina.loader.WebappClassLoaderBase.stop(WebappClassLoaderBase.java:1634)
		at org.apache.catalina.loader.WebappLoader.stopInternal(WebappLoader.java:429)
		at org.apache.catalina.util.LifecycleBase.stop(LifecycleBase.java:257)
		at org.apache.catalina.core.StandardContext.stopInternal(StandardContext.java:5464)
		at org.apache.catalina.util.LifecycleBase.stop(LifecycleBase.java:257)
		at org.apache.catalina.core.ContainerBase$StopChild.call(ContainerBase.java:1412)
		at org.apache.catalina.core.ContainerBase$StopChild.call(ContainerBase.java:1401)
		at java.base/java.util.concurrent.FutureTask.run(FutureTask.java:264)
		at org.apache.tomcat.util.threads.InlineExecutorService.execute(InlineExecutorService.java:75)
		at java.base/java.util.concurrent.AbstractExecutorService.submit(AbstractExecutorService.java:140)
		at org.apache.catalina.core.ContainerBase.stopInternal(ContainerBase.java:986)
		at org.apache.catalina.util.LifecycleBase.stop(LifecycleBase.java:257)
		at org.apache.catalina.core.ContainerBase$StopChild.call(ContainerBase.java:1412)
		at org.apache.catalina.core.ContainerBase$StopChild.call(ContainerBase.java:1401)
		at java.base/java.util.concurrent.FutureTask.run(FutureTask.java:264)
		at org.apache.tomcat.util.threads.InlineExecutorService.execute(InlineExecutorService.java:75)
		at java.base/java.util.concurrent.AbstractExecutorService.submit(AbstractExecutorService.java:140)
		at org.apache.catalina.core.ContainerBase.stopInternal(ContainerBase.java:986)
		at org.apache.catalina.util.LifecycleBase.stop(LifecycleBase.java:257)
		at org.apache.catalina.core.StandardService.stopInternal(StandardService.java:497)
		at org.apache.catalina.util.LifecycleBase.stop(LifecycleBase.java:257)
		at org.apache.catalina.core.StandardServer.stopInternal(StandardServer.java:979)
		at org.apache.catalina.util.LifecycleBase.stop(LifecycleBase.java:257)
		at org.apache.catalina.startup.Catalina.stop(Catalina.java:872)
		at org.apache.catalina.startup.Catalina.start(Catalina.java:834)
		at java.base/jdk.internal.reflect.NativeMethodAccessorImpl.invoke0(Native Method)
		at java.base/jdk.internal.reflect.NativeMethodAccessorImpl.invoke(NativeMethodAccessorImpl.java:62)
		at java.base/jdk.internal.reflect.DelegatingMethodAccessorImpl.invoke(DelegatingMethodAccessorImpl.java:43)
		at java.base/java.lang.reflect.Method.invoke(Method.java:566)
		at org.apache.catalina.startup.Bootstrap.start(Bootstrap.java:345)
		at org.apache.catalina.startup.Bootstrap.main(Bootstrap.java:476)
17-Feb-2025 01:13:21.447 WARNING [main] org.apache.catalina.loader.WebappClassLoaderBase.clearReferencesObjectStreamClassCaches Failed to clear soft references from ObjectStreamClass$Caches for web application [my_webapp]
	java.lang.ClassCastException: class java.io.ObjectStreamClass$Caches$1 cannot be cast to class java.util.Map (java.io.ObjectStreamClass$Caches$1 and java.util.Map are in module java.base of loader 'bootstrap')
		at org.apache.catalina.loader.WebappClassLoaderBase.clearCache(WebappClassLoaderBase.java:2363)
		at org.apache.catalina.loader.WebappClassLoaderBase.clearReferencesObjectStreamClassCaches(WebappClassLoaderBase.java:2338)
		at org.apache.catalina.loader.WebappClassLoaderBase.clearReferences(WebappClassLoaderBase.java:1706)
		at org.apache.catalina.loader.WebappClassLoaderBase.stop(WebappClassLoaderBase.java:1634)
		at org.apache.catalina.loader.WebappLoader.stopInternal(WebappLoader.java:429)
		at org.apache.catalina.util.LifecycleBase.stop(LifecycleBase.java:257)
		at org.apache.catalina.core.StandardContext.stopInternal(StandardContext.java:5464)
		at org.apache.catalina.util.LifecycleBase.stop(LifecycleBase.java:257)
		at org.apache.catalina.core.ContainerBase$StopChild.call(ContainerBase.java:1412)
		at org.apache.catalina.core.ContainerBase$StopChild.call(ContainerBase.java:1401)
		at java.base/java.util.concurrent.FutureTask.run(FutureTask.java:264)
		at org.apache.tomcat.util.threads.InlineExecutorService.execute(InlineExecutorService.java:75)
		at java.base/java.util.concurrent.AbstractExecutorService.submit(AbstractExecutorService.java:140)
		at org.apache.catalina.core.ContainerBase.stopInternal(ContainerBase.java:986)
		at org.apache.catalina.util.LifecycleBase.stop(LifecycleBase.java:257)
		at org.apache.catalina.core.ContainerBase$StopChild.call(ContainerBase.java:1412)
		at org.apache.catalina.core.ContainerBase$StopChild.call(ContainerBase.java:1401)
		at java.base/java.util.concurrent.FutureTask.run(FutureTask.java:264)
		at org.apache.tomcat.util.threads.InlineExecutorService.execute(InlineExecutorService.java:75)
		at java.base/java.util.concurrent.AbstractExecutorService.submit(AbstractExecutorService.java:140)
		at org.apache.catalina.core.ContainerBase.stopInternal(ContainerBase.java:986)
		at org.apache.catalina.util.LifecycleBase.stop(LifecycleBase.java:257)
		at org.apache.catalina.core.StandardService.stopInternal(StandardService.java:497)
		at org.apache.catalina.util.LifecycleBase.stop(LifecycleBase.java:257)
		at org.apache.catalina.core.StandardServer.stopInternal(StandardServer.java:979)
		at org.apache.catalina.util.LifecycleBase.stop(LifecycleBase.java:257)
		at org.apache.catalina.startup.Catalina.stop(Catalina.java:872)
		at org.apache.catalina.startup.Catalina.start(Catalina.java:834)
		at java.base/jdk.internal.reflect.NativeMethodAccessorImpl.invoke0(Native Method)
		at java.base/jdk.internal.reflect.NativeMethodAccessorImpl.invoke(NativeMethodAccessorImpl.java:62)
		at java.base/jdk.internal.reflect.DelegatingMethodAccessorImpl.invoke(DelegatingMethodAccessorImpl.java:43)
		at java.base/java.lang.reflect.Method.invoke(Method.java:566)
		at org.apache.catalina.startup.Bootstrap.start(Bootstrap.java:345)
		at org.apache.catalina.startup.Bootstrap.main(Bootstrap.java:476)
17-Feb-2025 01:13:21.458 WARNING [main] org.apache.catalina.loader.WebappClassLoaderBase.clearReferencesObjectStreamClassCaches Failed to clear soft references from ObjectStreamClass$Caches for web application [manager]
	java.lang.ClassCastException: class java.io.ObjectStreamClass$Caches$1 cannot be cast to class java.util.Map (java.io.ObjectStreamClass$Caches$1 and java.util.Map are in module java.base of loader 'bootstrap')
		at org.apache.catalina.loader.WebappClassLoaderBase.clearCache(WebappClassLoaderBase.java:2363)
		at org.apache.catalina.loader.WebappClassLoaderBase.clearReferencesObjectStreamClassCaches(WebappClassLoaderBase.java:2338)
		at org.apache.catalina.loader.WebappClassLoaderBase.clearReferences(WebappClassLoaderBase.java:1706)
		at org.apache.catalina.loader.WebappClassLoaderBase.stop(WebappClassLoaderBase.java:1634)
		at org.apache.catalina.loader.WebappLoader.stopInternal(WebappLoader.java:429)
		at org.apache.catalina.util.LifecycleBase.stop(LifecycleBase.java:257)
		at org.apache.catalina.core.StandardContext.stopInternal(StandardContext.java:5464)
		at org.apache.catalina.util.LifecycleBase.stop(LifecycleBase.java:257)
		at org.apache.catalina.core.ContainerBase$StopChild.call(ContainerBase.java:1412)
		at org.apache.catalina.core.ContainerBase$StopChild.call(ContainerBase.java:1401)
		at java.base/java.util.concurrent.FutureTask.run(FutureTask.java:264)
		at org.apache.tomcat.util.threads.InlineExecutorService.execute(InlineExecutorService.java:75)
		at java.base/java.util.concurrent.AbstractExecutorService.submit(AbstractExecutorService.java:140)
		at org.apache.catalina.core.ContainerBase.stopInternal(ContainerBase.java:986)
		at org.apache.catalina.util.LifecycleBase.stop(LifecycleBase.java:257)
		at org.apache.catalina.core.ContainerBase$StopChild.call(ContainerBase.java:1412)
		at org.apache.catalina.core.ContainerBase$StopChild.call(ContainerBase.java:1401)
		at java.base/java.util.concurrent.FutureTask.run(FutureTask.java:264)
		at org.apache.tomcat.util.threads.InlineExecutorService.execute(InlineExecutorService.java:75)
		at java.base/java.util.concurrent.AbstractExecutorService.submit(AbstractExecutorService.java:140)
		at org.apache.catalina.core.ContainerBase.stopInternal(ContainerBase.java:986)
		at org.apache.catalina.util.LifecycleBase.stop(LifecycleBase.java:257)
		at org.apache.catalina.core.StandardService.stopInternal(StandardService.java:497)
		at org.apache.catalina.util.LifecycleBase.stop(LifecycleBase.java:257)
		at org.apache.catalina.core.StandardServer.stopInternal(StandardServer.java:979)
		at org.apache.catalina.util.LifecycleBase.stop(LifecycleBase.java:257)
		at org.apache.catalina.startup.Catalina.stop(Catalina.java:872)
		at org.apache.catalina.startup.Catalina.start(Catalina.java:834)
		at java.base/jdk.internal.reflect.NativeMethodAccessorImpl.invoke0(Native Method)
		at java.base/jdk.internal.reflect.NativeMethodAccessorImpl.invoke(NativeMethodAccessorImpl.java:62)
		at java.base/jdk.internal.reflect.DelegatingMethodAccessorImpl.invoke(DelegatingMethodAccessorImpl.java:43)
		at java.base/java.lang.reflect.Method.invoke(Method.java:566)
		at org.apache.catalina.startup.Bootstrap.start(Bootstrap.java:345)
		at org.apache.catalina.startup.Bootstrap.main(Bootstrap.java:476)
17-Feb-2025 01:13:21.468 WARNING [main] org.apache.catalina.loader.WebappClassLoaderBase.clearReferencesObjectStreamClassCaches Failed to clear soft references from ObjectStreamClass$Caches for web application [docs]
	java.lang.ClassCastException: class java.io.ObjectStreamClass$Caches$1 cannot be cast to class java.util.Map (java.io.ObjectStreamClass$Caches$1 and java.util.Map are in module java.base of loader 'bootstrap')
		at org.apache.catalina.loader.WebappClassLoaderBase.clearCache(WebappClassLoaderBase.java:2363)
		at org.apache.catalina.loader.WebappClassLoaderBase.clearReferencesObjectStreamClassCaches(WebappClassLoaderBase.java:2338)
		at org.apache.catalina.loader.WebappClassLoaderBase.clearReferences(WebappClassLoaderBase.java:1706)
		at org.apache.catalina.loader.WebappClassLoaderBase.stop(WebappClassLoaderBase.java:1634)
		at org.apache.catalina.loader.WebappLoader.stopInternal(WebappLoader.java:429)
		at org.apache.catalina.util.LifecycleBase.stop(LifecycleBase.java:257)
		at org.apache.catalina.core.StandardContext.stopInternal(StandardContext.java:5464)
		at org.apache.catalina.util.LifecycleBase.stop(LifecycleBase.java:257)
		at org.apache.catalina.core.ContainerBase$StopChild.call(ContainerBase.java:1412)
		at org.apache.catalina.core.ContainerBase$StopChild.call(ContainerBase.java:1401)
		at java.base/java.util.concurrent.FutureTask.run(FutureTask.java:264)
		at org.apache.tomcat.util.threads.InlineExecutorService.execute(InlineExecutorService.java:75)
		at java.base/java.util.concurrent.AbstractExecutorService.submit(AbstractExecutorService.java:140)
		at org.apache.catalina.core.ContainerBase.stopInternal(ContainerBase.java:986)
		at org.apache.catalina.util.LifecycleBase.stop(LifecycleBase.java:257)
		at org.apache.catalina.core.ContainerBase$StopChild.call(ContainerBase.java:1412)
		at org.apache.catalina.core.ContainerBase$StopChild.call(ContainerBase.java:1401)
		at java.base/java.util.concurrent.FutureTask.run(FutureTask.java:264)
		at org.apache.tomcat.util.threads.InlineExecutorService.execute(InlineExecutorService.java:75)
		at java.base/java.util.concurrent.AbstractExecutorService.submit(AbstractExecutorService.java:140)
		at org.apache.catalina.core.ContainerBase.stopInternal(ContainerBase.java:986)
		at org.apache.catalina.util.LifecycleBase.stop(LifecycleBase.java:257)
		at org.apache.catalina.core.StandardService.stopInternal(StandardService.java:497)
		at org.apache.catalina.util.LifecycleBase.stop(LifecycleBase.java:257)
		at org.apache.catalina.core.StandardServer.stopInternal(StandardServer.java:979)
		at org.apache.catalina.util.LifecycleBase.stop(LifecycleBase.java:257)
		at org.apache.catalina.startup.Catalina.stop(Catalina.java:872)
		at org.apache.catalina.startup.Catalina.start(Catalina.java:834)
		at java.base/jdk.internal.reflect.NativeMethodAccessorImpl.invoke0(Native Method)
		at java.base/jdk.internal.reflect.NativeMethodAccessorImpl.invoke(NativeMethodAccessorImpl.java:62)
		at java.base/jdk.internal.reflect.DelegatingMethodAccessorImpl.invoke(DelegatingMethodAccessorImpl.java:43)
		at java.base/java.lang.reflect.Method.invoke(Method.java:566)
		at org.apache.catalina.startup.Bootstrap.start(Bootstrap.java:345)
		at org.apache.catalina.startup.Bootstrap.main(Bootstrap.java:476)
17-Feb-2025 01:13:21.469 INFO [main] org.apache.coyote.AbstractProtocol.stop Stopping ProtocolHandler ["http-nio-8080"]
17-Feb-2025 01:13:21.501 INFO [main] org.apache.coyote.AbstractProtocol.destroy Destroying ProtocolHandler ["http-nio-8080"]
17-Feb-2025 01:13:22.301 INFO [main] org.apache.catalina.startup.VersionLoggerListener.log Server version name:   Apache Tomcat/10.0.10
17-Feb-2025 01:13:22.304 INFO [main] org.apache.catalina.startup.VersionLoggerListener.log Server built:          Jul 30 2021 09:51:27 UTC
17-Feb-2025 01:13:22.304 INFO [main] org.apache.catalina.startup.VersionLoggerListener.log Server version number: 10.0.10.0
17-Feb-2025 01:13:22.304 INFO [main] org.apache.catalina.startup.VersionLoggerListener.log OS Name:               Linux
17-Feb-2025 01:13:22.304 INFO [main] org.apache.catalina.startup.VersionLoggerListener.log OS Version:            5.15.0-92-generic
17-Feb-2025 01:13:22.304 INFO [main] org.apache.catalina.startup.VersionLoggerListener.log Architecture:          amd64
17-Feb-2025 01:13:22.305 INFO [main] org.apache.catalina.startup.VersionLoggerListener.log Java Home:             /usr/lib/jvm/java-11-openjdk-amd64
17-Feb-2025 01:13:22.305 INFO [main] org.apache.catalina.startup.VersionLoggerListener.log JVM Version:           11.0.26+4-post-Ubuntu-1ubuntu122.04
17-Feb-2025 01:13:22.305 INFO [main] org.apache.catalina.startup.VersionLoggerListener.log JVM Vendor:            Ubuntu
17-Feb-2025 01:13:22.305 INFO [main] org.apache.catalina.startup.VersionLoggerListener.log CATALINA_BASE:         /home/alumne/proj/FIB-PTI/servlets/apache-tomcat-10.0.10
17-Feb-2025 01:13:22.305 INFO [main] org.apache.catalina.startup.VersionLoggerListener.log CATALINA_HOME:         /home/alumne/proj/FIB-PTI/servlets/apache-tomcat-10.0.10
17-Feb-2025 01:13:22.329 INFO [main] org.apache.catalina.startup.VersionLoggerListener.log Command line argument: --add-opens=java.base/java.lang=ALL-UNNAMED
17-Feb-2025 01:13:22.330 INFO [main] org.apache.catalina.startup.VersionLoggerListener.log Command line argument: --add-opens=java.base/java.io=ALL-UNNAMED
17-Feb-2025 01:13:22.330 INFO [main] org.apache.catalina.startup.VersionLoggerListener.log Command line argument: --add-opens=java.base/java.util=ALL-UNNAMED
17-Feb-2025 01:13:22.330 INFO [main] org.apache.catalina.startup.VersionLoggerListener.log Command line argument: --add-opens=java.base/java.util.concurrent=ALL-UNNAMED
17-Feb-2025 01:13:22.330 INFO [main] org.apache.catalina.startup.VersionLoggerListener.log Command line argument: --add-opens=java.rmi/sun.rmi.transport=ALL-UNNAMED
17-Feb-2025 01:13:22.331 INFO [main] org.apache.catalina.startup.VersionLoggerListener.log Command line argument: -Djava.util.logging.config.file=/home/alumne/proj/FIB-PTI/servlets/apache-tomcat-10.0.10/conf/logging.properties
17-Feb-2025 01:13:22.331 INFO [main] org.apache.catalina.startup.VersionLoggerListener.log Command line argument: -Djava.util.logging.manager=org.apache.juli.ClassLoaderLogManager
17-Feb-2025 01:13:22.331 INFO [main] org.apache.catalina.startup.VersionLoggerListener.log Command line argument: -Djdk.tls.ephemeralDHKeySize=2048
17-Feb-2025 01:13:22.331 INFO [main] org.apache.catalina.startup.VersionLoggerListener.log Command line argument: -Djava.protocol.handler.pkgs=org.apache.catalina.webresources
17-Feb-2025 01:13:22.331 INFO [main] org.apache.catalina.startup.VersionLoggerListener.log Command line argument: -Dorg.apache.catalina.security.SecurityListener.UMASK=0027
17-Feb-2025 01:13:22.331 INFO [main] org.apache.catalina.startup.VersionLoggerListener.log Command line argument: -Dignore.endorsed.dirs=
17-Feb-2025 01:13:22.331 INFO [main] org.apache.catalina.startup.VersionLoggerListener.log Command line argument: -Dcatalina.base=/home/alumne/proj/FIB-PTI/servlets/apache-tomcat-10.0.10
17-Feb-2025 01:13:22.332 INFO [main] org.apache.catalina.startup.VersionLoggerListener.log Command line argument: -Dcatalina.home=/home/alumne/proj/FIB-PTI/servlets/apache-tomcat-10.0.10
17-Feb-2025 01:13:22.332 INFO [main] org.apache.catalina.startup.VersionLoggerListener.log Command line argument: -Djava.io.tmpdir=/home/alumne/proj/FIB-PTI/servlets/apache-tomcat-10.0.10/temp
17-Feb-2025 01:13:22.336 INFO [main] org.apache.catalina.core.AprLifecycleListener.lifecycleEvent The Apache Tomcat Native library which allows using OpenSSL was not found on the java.library.path: [/home/alumne/catkin_ws/devel/lib:/opt/ros/noetic/lib:/tmp/.mount_cursor8aCjg4/usr/lib:/usr/java/packages/lib:/usr/lib/x86_64-linux-gnu/jni:/lib/x86_64-linux-gnu:/usr/lib/x86_64-linux-gnu:/usr/lib/jni:/lib:/usr/lib]
17-Feb-2025 01:13:22.672 INFO [main] org.apache.coyote.AbstractProtocol.init Initializing ProtocolHandler ["http-nio-8080"]
17-Feb-2025 01:13:22.694 INFO [main] org.apache.catalina.startup.Catalina.load Server initialization in [589] milliseconds
17-Feb-2025 01:13:22.762 INFO [main] org.apache.catalina.core.StandardService.startInternal Starting service [Catalina]
17-Feb-2025 01:13:22.762 INFO [main] org.apache.catalina.core.StandardEngine.startInternal Starting Servlet engine: [Apache Tomcat/10.0.10]
17-Feb-2025 01:13:22.770 INFO [main] org.apache.catalina.startup.HostConfig.deployDirectory Deploying web application directory [/home/alumne/proj/FIB-PTI/servlets/apache-tomcat-10.0.10/webapps/host-manager]
17-Feb-2025 01:13:23.077 INFO [main] org.apache.jasper.servlet.TldScanner.scanJars At least one JAR was scanned for TLDs yet contained no TLDs. Enable debug logging for this logger for a complete list of JARs that were scanned but no TLDs were found in them. Skipping unneeded JARs during scanning can improve startup time and JSP compilation time.
17-Feb-2025 01:13:23.222 INFO [main] org.apache.catalina.startup.HostConfig.deployDirectory Deployment of web application directory [/home/alumne/proj/FIB-PTI/servlets/apache-tomcat-10.0.10/webapps/host-manager] has finished in [451] ms
17-Feb-2025 01:13:23.222 INFO [main] org.apache.catalina.startup.HostConfig.deployDirectory Deploying web application directory [/home/alumne/proj/FIB-PTI/servlets/apache-tomcat-10.0.10/webapps/ROOT]
17-Feb-2025 01:13:23.251 INFO [main] org.apache.jasper.servlet.TldScanner.scanJars At least one JAR was scanned for TLDs yet contained no TLDs. Enable debug logging for this logger for a complete list of JARs that were scanned but no TLDs were found in them. Skipping unneeded JARs during scanning can improve startup time and JSP compilation time.
17-Feb-2025 01:13:23.252 INFO [main] org.apache.catalina.startup.HostConfig.deployDirectory Deployment of web application directory [/home/alumne/proj/FIB-PTI/servlets/apache-tomcat-10.0.10/webapps/ROOT] has finished in [30] ms
17-Feb-2025 01:13:23.252 INFO [main] org.apache.catalina.startup.HostConfig.deployDirectory Deploying web application directory [/home/alumne/proj/FIB-PTI/servlets/apache-tomcat-10.0.10/webapps/my_webapp]
17-Feb-2025 01:13:23.399 INFO [main] org.apache.jasper.servlet.TldScanner.scanJars At least one JAR was scanned for TLDs yet contained no TLDs. Enable debug logging for this logger for a complete list of JARs that were scanned but no TLDs were found in them. Skipping unneeded JARs during scanning can improve startup time and JSP compilation time.
17-Feb-2025 01:13:23.451 INFO [main] org.apache.catalina.startup.HostConfig.deployDirectory Deployment of web application directory [/home/alumne/proj/FIB-PTI/servlets/apache-tomcat-10.0.10/webapps/my_webapp] has finished in [196] ms
17-Feb-2025 01:13:23.452 INFO [main] org.apache.catalina.startup.HostConfig.deployDirectory Deploying web application directory [/home/alumne/proj/FIB-PTI/servlets/apache-tomcat-10.0.10/webapps/manager]
17-Feb-2025 01:13:23.546 INFO [main] org.apache.jasper.servlet.TldScanner.scanJars At least one JAR was scanned for TLDs yet contained no TLDs. Enable debug logging for this logger for a complete list of JARs that were scanned but no TLDs were found in them. Skipping unneeded JARs during scanning can improve startup time and JSP compilation time.
17-Feb-2025 01:13:23.557 INFO [main] org.apache.catalina.startup.HostConfig.deployDirectory Deployment of web application directory [/home/alumne/proj/FIB-PTI/servlets/apache-tomcat-10.0.10/webapps/manager] has finished in [105] ms
17-Feb-2025 01:13:23.558 INFO [main] org.apache.catalina.startup.HostConfig.deployDirectory Deploying web application directory [/home/alumne/proj/FIB-PTI/servlets/apache-tomcat-10.0.10/webapps/docs]
17-Feb-2025 01:13:23.594 INFO [main] org.apache.jasper.servlet.TldScanner.scanJars At least one JAR was scanned for TLDs yet contained no TLDs. Enable debug logging for this logger for a complete list of JARs that were scanned but no TLDs were found in them. Skipping unneeded JARs during scanning can improve startup time and JSP compilation time.
17-Feb-2025 01:13:23.596 INFO [main] org.apache.catalina.startup.HostConfig.deployDirectory Deployment of web application directory [/home/alumne/proj/FIB-PTI/servlets/apache-tomcat-10.0.10/webapps/docs] has finished in [37] ms
17-Feb-2025 01:13:23.596 INFO [main] org.apache.catalina.startup.HostConfig.deployDirectory Deploying web application directory [/home/alumne/proj/FIB-PTI/servlets/apache-tomcat-10.0.10/webapps/examples]
17-Feb-2025 01:13:23.861 INFO [main] org.apache.jasper.servlet.TldScanner.scanJars At least one JAR was scanned for TLDs yet contained no TLDs. Enable debug logging for this logger for a complete list of JARs that were scanned but no TLDs were found in them. Skipping unneeded JARs during scanning can improve startup time and JSP compilation time.
17-Feb-2025 01:13:23.875 INFO [main] org.apache.catalina.startup.HostConfig.deployDirectory Deployment of web application directory [/home/alumne/proj/FIB-PTI/servlets/apache-tomcat-10.0.10/webapps/examples] has finished in [279] ms
17-Feb-2025 01:13:23.880 INFO [main] org.apache.coyote.AbstractProtocol.start Starting ProtocolHandler ["http-nio-8080"]
17-Feb-2025 01:13:23.915 INFO [main] org.apache.catalina.startup.Catalina.start Server startup in [1219] milliseconds
17-Feb-2025 01:14:23.520 INFO [main] org.apache.catalina.core.StandardServer.await A valid shutdown command was received via the shutdown port. Stopping the Server instance.
17-Feb-2025 01:14:23.527 INFO [main] org.apache.coyote.AbstractProtocol.pause Pausing ProtocolHandler ["http-nio-8080"]
17-Feb-2025 01:14:23.551 INFO [main] org.apache.catalina.core.StandardService.stopInternal Stopping service [Catalina]
17-Feb-2025 01:14:23.577 WARNING [main] org.apache.catalina.loader.WebappClassLoaderBase.clearReferencesObjectStreamClassCaches Failed to clear soft references from ObjectStreamClass$Caches for web application [ROOT]
	java.lang.ClassCastException: class java.io.ObjectStreamClass$Caches$1 cannot be cast to class java.util.Map (java.io.ObjectStreamClass$Caches$1 and java.util.Map are in module java.base of loader 'bootstrap')
		at org.apache.catalina.loader.WebappClassLoaderBase.clearCache(WebappClassLoaderBase.java:2363)
		at org.apache.catalina.loader.WebappClassLoaderBase.clearReferencesObjectStreamClassCaches(WebappClassLoaderBase.java:2338)
		at org.apache.catalina.loader.WebappClassLoaderBase.clearReferences(WebappClassLoaderBase.java:1706)
		at org.apache.catalina.loader.WebappClassLoaderBase.stop(WebappClassLoaderBase.java:1634)
		at org.apache.catalina.loader.WebappLoader.stopInternal(WebappLoader.java:429)
		at org.apache.catalina.util.LifecycleBase.stop(LifecycleBase.java:257)
		at org.apache.catalina.core.StandardContext.stopInternal(StandardContext.java:5464)
		at org.apache.catalina.util.LifecycleBase.stop(LifecycleBase.java:257)
		at org.apache.catalina.core.ContainerBase$StopChild.call(ContainerBase.java:1412)
		at org.apache.catalina.core.ContainerBase$StopChild.call(ContainerBase.java:1401)
		at java.base/java.util.concurrent.FutureTask.run(FutureTask.java:264)
		at org.apache.tomcat.util.threads.InlineExecutorService.execute(InlineExecutorService.java:75)
		at java.base/java.util.concurrent.AbstractExecutorService.submit(AbstractExecutorService.java:140)
		at org.apache.catalina.core.ContainerBase.stopInternal(ContainerBase.java:986)
		at org.apache.catalina.util.LifecycleBase.stop(LifecycleBase.java:257)
		at org.apache.catalina.core.ContainerBase$StopChild.call(ContainerBase.java:1412)
		at org.apache.catalina.core.ContainerBase$StopChild.call(ContainerBase.java:1401)
		at java.base/java.util.concurrent.FutureTask.run(FutureTask.java:264)
		at org.apache.tomcat.util.threads.InlineExecutorService.execute(InlineExecutorService.java:75)
		at java.base/java.util.concurrent.AbstractExecutorService.submit(AbstractExecutorService.java:140)
		at org.apache.catalina.core.ContainerBase.stopInternal(ContainerBase.java:986)
		at org.apache.catalina.util.LifecycleBase.stop(LifecycleBase.java:257)
		at org.apache.catalina.core.StandardService.stopInternal(StandardService.java:497)
		at org.apache.catalina.util.LifecycleBase.stop(LifecycleBase.java:257)
		at org.apache.catalina.core.StandardServer.stopInternal(StandardServer.java:979)
		at org.apache.catalina.util.LifecycleBase.stop(LifecycleBase.java:257)
		at org.apache.catalina.startup.Catalina.stop(Catalina.java:872)
		at org.apache.catalina.startup.Catalina.start(Catalina.java:834)
		at java.base/jdk.internal.reflect.NativeMethodAccessorImpl.invoke0(Native Method)
		at java.base/jdk.internal.reflect.NativeMethodAccessorImpl.invoke(NativeMethodAccessorImpl.java:62)
		at java.base/jdk.internal.reflect.DelegatingMethodAccessorImpl.invoke(DelegatingMethodAccessorImpl.java:43)
		at java.base/java.lang.reflect.Method.invoke(Method.java:566)
		at org.apache.catalina.startup.Bootstrap.start(Bootstrap.java:345)
		at org.apache.catalina.startup.Bootstrap.main(Bootstrap.java:476)
17-Feb-2025 01:14:23.691 WARNING [main] org.apache.catalina.loader.WebappClassLoaderBase.clearReferencesObjectStreamClassCaches Failed to clear soft references from ObjectStreamClass$Caches for web application [examples]
	java.lang.ClassCastException: class java.io.ObjectStreamClass$Caches$1 cannot be cast to class java.util.Map (java.io.ObjectStreamClass$Caches$1 and java.util.Map are in module java.base of loader 'bootstrap')
		at org.apache.catalina.loader.WebappClassLoaderBase.clearCache(WebappClassLoaderBase.java:2363)
		at org.apache.catalina.loader.WebappClassLoaderBase.clearReferencesObjectStreamClassCaches(WebappClassLoaderBase.java:2338)
		at org.apache.catalina.loader.WebappClassLoaderBase.clearReferences(WebappClassLoaderBase.java:1706)
		at org.apache.catalina.loader.WebappClassLoaderBase.stop(WebappClassLoaderBase.java:1634)
		at org.apache.catalina.loader.WebappLoader.stopInternal(WebappLoader.java:429)
		at org.apache.catalina.util.LifecycleBase.stop(LifecycleBase.java:257)
		at org.apache.catalina.core.StandardContext.stopInternal(StandardContext.java:5464)
		at org.apache.catalina.util.LifecycleBase.stop(LifecycleBase.java:257)
		at org.apache.catalina.core.ContainerBase$StopChild.call(ContainerBase.java:1412)
		at org.apache.catalina.core.ContainerBase$StopChild.call(ContainerBase.java:1401)
		at java.base/java.util.concurrent.FutureTask.run(FutureTask.java:264)
		at org.apache.tomcat.util.threads.InlineExecutorService.execute(InlineExecutorService.java:75)
		at java.base/java.util.concurrent.AbstractExecutorService.submit(AbstractExecutorService.java:140)
		at org.apache.catalina.core.ContainerBase.stopInternal(ContainerBase.java:986)
		at org.apache.catalina.util.LifecycleBase.stop(LifecycleBase.java:257)
		at org.apache.catalina.core.ContainerBase$StopChild.call(ContainerBase.java:1412)
		at org.apache.catalina.core.ContainerBase$StopChild.call(ContainerBase.java:1401)
		at java.base/java.util.concurrent.FutureTask.run(FutureTask.java:264)
		at org.apache.tomcat.util.threads.InlineExecutorService.execute(InlineExecutorService.java:75)
		at java.base/java.util.concurrent.AbstractExecutorService.submit(AbstractExecutorService.java:140)
		at org.apache.catalina.core.ContainerBase.stopInternal(ContainerBase.java:986)
		at org.apache.catalina.util.LifecycleBase.stop(LifecycleBase.java:257)
		at org.apache.catalina.core.StandardService.stopInternal(StandardService.java:497)
		at org.apache.catalina.util.LifecycleBase.stop(LifecycleBase.java:257)
		at org.apache.catalina.core.StandardServer.stopInternal(StandardServer.java:979)
		at org.apache.catalina.util.LifecycleBase.stop(LifecycleBase.java:257)
		at org.apache.catalina.startup.Catalina.stop(Catalina.java:872)
		at org.apache.catalina.startup.Catalina.start(Catalina.java:834)
		at java.base/jdk.internal.reflect.NativeMethodAccessorImpl.invoke0(Native Method)
		at java.base/jdk.internal.reflect.NativeMethodAccessorImpl.invoke(NativeMethodAccessorImpl.java:62)
		at java.base/jdk.internal.reflect.DelegatingMethodAccessorImpl.invoke(DelegatingMethodAccessorImpl.java:43)
		at java.base/java.lang.reflect.Method.invoke(Method.java:566)
		at org.apache.catalina.startup.Bootstrap.start(Bootstrap.java:345)
		at org.apache.catalina.startup.Bootstrap.main(Bootstrap.java:476)
17-Feb-2025 01:14:23.705 WARNING [main] org.apache.catalina.loader.WebappClassLoaderBase.clearReferencesObjectStreamClassCaches Failed to clear soft references from ObjectStreamClass$Caches for web application [host-manager]
	java.lang.ClassCastException: class java.io.ObjectStreamClass$Caches$1 cannot be cast to class java.util.Map (java.io.ObjectStreamClass$Caches$1 and java.util.Map are in module java.base of loader 'bootstrap')
		at org.apache.catalina.loader.WebappClassLoaderBase.clearCache(WebappClassLoaderBase.java:2363)
		at org.apache.catalina.loader.WebappClassLoaderBase.clearReferencesObjectStreamClassCaches(WebappClassLoaderBase.java:2338)
		at org.apache.catalina.loader.WebappClassLoaderBase.clearReferences(WebappClassLoaderBase.java:1706)
		at org.apache.catalina.loader.WebappClassLoaderBase.stop(WebappClassLoaderBase.java:1634)
		at org.apache.catalina.loader.WebappLoader.stopInternal(WebappLoader.java:429)
		at org.apache.catalina.util.LifecycleBase.stop(LifecycleBase.java:257)
		at org.apache.catalina.core.StandardContext.stopInternal(StandardContext.java:5464)
		at org.apache.catalina.util.LifecycleBase.stop(LifecycleBase.java:257)
		at org.apache.catalina.core.ContainerBase$StopChild.call(ContainerBase.java:1412)
		at org.apache.catalina.core.ContainerBase$StopChild.call(ContainerBase.java:1401)
		at java.base/java.util.concurrent.FutureTask.run(FutureTask.java:264)
		at org.apache.tomcat.util.threads.InlineExecutorService.execute(InlineExecutorService.java:75)
		at java.base/java.util.concurrent.AbstractExecutorService.submit(AbstractExecutorService.java:140)
		at org.apache.catalina.core.ContainerBase.stopInternal(ContainerBase.java:986)
		at org.apache.catalina.util.LifecycleBase.stop(LifecycleBase.java:257)
		at org.apache.catalina.core.ContainerBase$StopChild.call(ContainerBase.java:1412)
		at org.apache.catalina.core.ContainerBase$StopChild.call(ContainerBase.java:1401)
		at java.base/java.util.concurrent.FutureTask.run(FutureTask.java:264)
		at org.apache.tomcat.util.threads.InlineExecutorService.execute(InlineExecutorService.java:75)
		at java.base/java.util.concurrent.AbstractExecutorService.submit(AbstractExecutorService.java:140)
		at org.apache.catalina.core.ContainerBase.stopInternal(ContainerBase.java:986)
		at org.apache.catalina.util.LifecycleBase.stop(LifecycleBase.java:257)
		at org.apache.catalina.core.StandardService.stopInternal(StandardService.java:497)
		at org.apache.catalina.util.LifecycleBase.stop(LifecycleBase.java:257)
		at org.apache.catalina.core.StandardServer.stopInternal(StandardServer.java:979)
		at org.apache.catalina.util.LifecycleBase.stop(LifecycleBase.java:257)
		at org.apache.catalina.startup.Catalina.stop(Catalina.java:872)
		at org.apache.catalina.startup.Catalina.start(Catalina.java:834)
		at java.base/jdk.internal.reflect.NativeMethodAccessorImpl.invoke0(Native Method)
		at java.base/jdk.internal.reflect.NativeMethodAccessorImpl.invoke(NativeMethodAccessorImpl.java:62)
		at java.base/jdk.internal.reflect.DelegatingMethodAccessorImpl.invoke(DelegatingMethodAccessorImpl.java:43)
		at java.base/java.lang.reflect.Method.invoke(Method.java:566)
		at org.apache.catalina.startup.Bootstrap.start(Bootstrap.java:345)
		at org.apache.catalina.startup.Bootstrap.main(Bootstrap.java:476)
17-Feb-2025 01:14:23.707 WARNING [main] org.apache.catalina.loader.WebappClassLoaderBase.clearReferencesObjectStreamClassCaches Failed to clear soft references from ObjectStreamClass$Caches for web application [my_webapp]
	java.lang.ClassCastException: class java.io.ObjectStreamClass$Caches$1 cannot be cast to class java.util.Map (java.io.ObjectStreamClass$Caches$1 and java.util.Map are in module java.base of loader 'bootstrap')
		at org.apache.catalina.loader.WebappClassLoaderBase.clearCache(WebappClassLoaderBase.java:2363)
		at org.apache.catalina.loader.WebappClassLoaderBase.clearReferencesObjectStreamClassCaches(WebappClassLoaderBase.java:2338)
		at org.apache.catalina.loader.WebappClassLoaderBase.clearReferences(WebappClassLoaderBase.java:1706)
		at org.apache.catalina.loader.WebappClassLoaderBase.stop(WebappClassLoaderBase.java:1634)
		at org.apache.catalina.loader.WebappLoader.stopInternal(WebappLoader.java:429)
		at org.apache.catalina.util.LifecycleBase.stop(LifecycleBase.java:257)
		at org.apache.catalina.core.StandardContext.stopInternal(StandardContext.java:5464)
		at org.apache.catalina.util.LifecycleBase.stop(LifecycleBase.java:257)
		at org.apache.catalina.core.ContainerBase$StopChild.call(ContainerBase.java:1412)
		at org.apache.catalina.core.ContainerBase$StopChild.call(ContainerBase.java:1401)
		at java.base/java.util.concurrent.FutureTask.run(FutureTask.java:264)
		at org.apache.tomcat.util.threads.InlineExecutorService.execute(InlineExecutorService.java:75)
		at java.base/java.util.concurrent.AbstractExecutorService.submit(AbstractExecutorService.java:140)
		at org.apache.catalina.core.ContainerBase.stopInternal(ContainerBase.java:986)
		at org.apache.catalina.util.LifecycleBase.stop(LifecycleBase.java:257)
		at org.apache.catalina.core.ContainerBase$StopChild.call(ContainerBase.java:1412)
		at org.apache.catalina.core.ContainerBase$StopChild.call(ContainerBase.java:1401)
		at java.base/java.util.concurrent.FutureTask.run(FutureTask.java:264)
		at org.apache.tomcat.util.threads.InlineExecutorService.execute(InlineExecutorService.java:75)
		at java.base/java.util.concurrent.AbstractExecutorService.submit(AbstractExecutorService.java:140)
		at org.apache.catalina.core.ContainerBase.stopInternal(ContainerBase.java:986)
		at org.apache.catalina.util.LifecycleBase.stop(LifecycleBase.java:257)
		at org.apache.catalina.core.StandardService.stopInternal(StandardService.java:497)
		at org.apache.catalina.util.LifecycleBase.stop(LifecycleBase.java:257)
		at org.apache.catalina.core.StandardServer.stopInternal(StandardServer.java:979)
		at org.apache.catalina.util.LifecycleBase.stop(LifecycleBase.java:257)
		at org.apache.catalina.startup.Catalina.stop(Catalina.java:872)
		at org.apache.catalina.startup.Catalina.start(Catalina.java:834)
		at java.base/jdk.internal.reflect.NativeMethodAccessorImpl.invoke0(Native Method)
		at java.base/jdk.internal.reflect.NativeMethodAccessorImpl.invoke(NativeMethodAccessorImpl.java:62)
		at java.base/jdk.internal.reflect.DelegatingMethodAccessorImpl.invoke(DelegatingMethodAccessorImpl.java:43)
		at java.base/java.lang.reflect.Method.invoke(Method.java:566)
		at org.apache.catalina.startup.Bootstrap.start(Bootstrap.java:345)
		at org.apache.catalina.startup.Bootstrap.main(Bootstrap.java:476)
17-Feb-2025 01:14:23.710 WARNING [main] org.apache.catalina.loader.WebappClassLoaderBase.clearReferencesObjectStreamClassCaches Failed to clear soft references from ObjectStreamClass$Caches for web application [manager]
	java.lang.ClassCastException: class java.io.ObjectStreamClass$Caches$1 cannot be cast to class java.util.Map (java.io.ObjectStreamClass$Caches$1 and java.util.Map are in module java.base of loader 'bootstrap')
		at org.apache.catalina.loader.WebappClassLoaderBase.clearCache(WebappClassLoaderBase.java:2363)
		at org.apache.catalina.loader.WebappClassLoaderBase.clearReferencesObjectStreamClassCaches(WebappClassLoaderBase.java:2338)
		at org.apache.catalina.loader.WebappClassLoaderBase.clearReferences(WebappClassLoaderBase.java:1706)
		at org.apache.catalina.loader.WebappClassLoaderBase.stop(WebappClassLoaderBase.java:1634)
		at org.apache.catalina.loader.WebappLoader.stopInternal(WebappLoader.java:429)
		at org.apache.catalina.util.LifecycleBase.stop(LifecycleBase.java:257)
		at org.apache.catalina.core.StandardContext.stopInternal(StandardContext.java:5464)
		at org.apache.catalina.util.LifecycleBase.stop(LifecycleBase.java:257)
		at org.apache.catalina.core.ContainerBase$StopChild.call(ContainerBase.java:1412)
		at org.apache.catalina.core.ContainerBase$StopChild.call(ContainerBase.java:1401)
		at java.base/java.util.concurrent.FutureTask.run(FutureTask.java:264)
		at org.apache.tomcat.util.threads.InlineExecutorService.execute(InlineExecutorService.java:75)
		at java.base/java.util.concurrent.AbstractExecutorService.submit(AbstractExecutorService.java:140)
		at org.apache.catalina.core.ContainerBase.stopInternal(ContainerBase.java:986)
		at org.apache.catalina.util.LifecycleBase.stop(LifecycleBase.java:257)
		at org.apache.catalina.core.ContainerBase$StopChild.call(ContainerBase.java:1412)
		at org.apache.catalina.core.ContainerBase$StopChild.call(ContainerBase.java:1401)
		at java.base/java.util.concurrent.FutureTask.run(FutureTask.java:264)
		at org.apache.tomcat.util.threads.InlineExecutorService.execute(InlineExecutorService.java:75)
		at java.base/java.util.concurrent.AbstractExecutorService.submit(AbstractExecutorService.java:140)
		at org.apache.catalina.core.ContainerBase.stopInternal(ContainerBase.java:986)
		at org.apache.catalina.util.LifecycleBase.stop(LifecycleBase.java:257)
		at org.apache.catalina.core.StandardService.stopInternal(StandardService.java:497)
		at org.apache.catalina.util.LifecycleBase.stop(LifecycleBase.java:257)
		at org.apache.catalina.core.StandardServer.stopInternal(StandardServer.java:979)
		at org.apache.catalina.util.LifecycleBase.stop(LifecycleBase.java:257)
		at org.apache.catalina.startup.Catalina.stop(Catalina.java:872)
		at org.apache.catalina.startup.Catalina.start(Catalina.java:834)
		at java.base/jdk.internal.reflect.NativeMethodAccessorImpl.invoke0(Native Method)
		at java.base/jdk.internal.reflect.NativeMethodAccessorImpl.invoke(NativeMethodAccessorImpl.java:62)
		at java.base/jdk.internal.reflect.DelegatingMethodAccessorImpl.invoke(DelegatingMethodAccessorImpl.java:43)
		at java.base/java.lang.reflect.Method.invoke(Method.java:566)
		at org.apache.catalina.startup.Bootstrap.start(Bootstrap.java:345)
		at org.apache.catalina.startup.Bootstrap.main(Bootstrap.java:476)
17-Feb-2025 01:14:23.714 WARNING [main] org.apache.catalina.loader.WebappClassLoaderBase.clearReferencesObjectStreamClassCaches Failed to clear soft references from ObjectStreamClass$Caches for web application [docs]
	java.lang.ClassCastException: class java.io.ObjectStreamClass$Caches$1 cannot be cast to class java.util.Map (java.io.ObjectStreamClass$Caches$1 and java.util.Map are in module java.base of loader 'bootstrap')
		at org.apache.catalina.loader.WebappClassLoaderBase.clearCache(WebappClassLoaderBase.java:2363)
		at org.apache.catalina.loader.WebappClassLoaderBase.clearReferencesObjectStreamClassCaches(WebappClassLoaderBase.java:2338)
		at org.apache.catalina.loader.WebappClassLoaderBase.clearReferences(WebappClassLoaderBase.java:1706)
		at org.apache.catalina.loader.WebappClassLoaderBase.stop(WebappClassLoaderBase.java:1634)
		at org.apache.catalina.loader.WebappLoader.stopInternal(WebappLoader.java:429)
		at org.apache.catalina.util.LifecycleBase.stop(LifecycleBase.java:257)
		at org.apache.catalina.core.StandardContext.stopInternal(StandardContext.java:5464)
		at org.apache.catalina.util.LifecycleBase.stop(LifecycleBase.java:257)
		at org.apache.catalina.core.ContainerBase$StopChild.call(ContainerBase.java:1412)
		at org.apache.catalina.core.ContainerBase$StopChild.call(ContainerBase.java:1401)
		at java.base/java.util.concurrent.FutureTask.run(FutureTask.java:264)
		at org.apache.tomcat.util.threads.InlineExecutorService.execute(InlineExecutorService.java:75)
		at java.base/java.util.concurrent.AbstractExecutorService.submit(AbstractExecutorService.java:140)
		at org.apache.catalina.core.ContainerBase.stopInternal(ContainerBase.java:986)
		at org.apache.catalina.util.LifecycleBase.stop(LifecycleBase.java:257)
		at org.apache.catalina.core.ContainerBase$StopChild.call(ContainerBase.java:1412)
		at org.apache.catalina.core.ContainerBase$StopChild.call(ContainerBase.java:1401)
		at java.base/java.util.concurrent.FutureTask.run(FutureTask.java:264)
		at org.apache.tomcat.util.threads.InlineExecutorService.execute(InlineExecutorService.java:75)
		at java.base/java.util.concurrent.AbstractExecutorService.submit(AbstractExecutorService.java:140)
		at org.apache.catalina.core.ContainerBase.stopInternal(ContainerBase.java:986)
		at org.apache.catalina.util.LifecycleBase.stop(LifecycleBase.java:257)
		at org.apache.catalina.core.StandardService.stopInternal(StandardService.java:497)
		at org.apache.catalina.util.LifecycleBase.stop(LifecycleBase.java:257)
		at org.apache.catalina.core.StandardServer.stopInternal(StandardServer.java:979)
		at org.apache.catalina.util.LifecycleBase.stop(LifecycleBase.java:257)
		at org.apache.catalina.startup.Catalina.stop(Catalina.java:872)
		at org.apache.catalina.startup.Catalina.start(Catalina.java:834)
		at java.base/jdk.internal.reflect.NativeMethodAccessorImpl.invoke0(Native Method)
		at java.base/jdk.internal.reflect.NativeMethodAccessorImpl.invoke(NativeMethodAccessorImpl.java:62)
		at java.base/jdk.internal.reflect.DelegatingMethodAccessorImpl.invoke(DelegatingMethodAccessorImpl.java:43)
		at java.base/java.lang.reflect.Method.invoke(Method.java:566)
		at org.apache.catalina.startup.Bootstrap.start(Bootstrap.java:345)
		at org.apache.catalina.startup.Bootstrap.main(Bootstrap.java:476)
17-Feb-2025 01:14:23.719 INFO [main] org.apache.coyote.AbstractProtocol.stop Stopping ProtocolHandler ["http-nio-8080"]
17-Feb-2025 01:14:23.783 INFO [main] org.apache.coyote.AbstractProtocol.destroy Destroying ProtocolHandler ["http-nio-8080"]
17-Feb-2025 01:14:24.928 INFO [main] org.apache.catalina.startup.VersionLoggerListener.log Server version name:   Apache Tomcat/10.0.10
17-Feb-2025 01:14:25.001 INFO [main] org.apache.catalina.startup.VersionLoggerListener.log Server built:          Jul 30 2021 09:51:27 UTC
17-Feb-2025 01:14:25.002 INFO [main] org.apache.catalina.startup.VersionLoggerListener.log Server version number: 10.0.10.0
17-Feb-2025 01:14:25.002 INFO [main] org.apache.catalina.startup.VersionLoggerListener.log OS Name:               Linux
17-Feb-2025 01:14:25.002 INFO [main] org.apache.catalina.startup.VersionLoggerListener.log OS Version:            5.15.0-92-generic
17-Feb-2025 01:14:25.002 INFO [main] org.apache.catalina.startup.VersionLoggerListener.log Architecture:          amd64
17-Feb-2025 01:14:25.002 INFO [main] org.apache.catalina.startup.VersionLoggerListener.log Java Home:             /usr/lib/jvm/java-11-openjdk-amd64
17-Feb-2025 01:14:25.006 INFO [main] org.apache.catalina.startup.VersionLoggerListener.log JVM Version:           11.0.26+4-post-Ubuntu-1ubuntu122.04
17-Feb-2025 01:14:25.006 INFO [main] org.apache.catalina.startup.VersionLoggerListener.log JVM Vendor:            Ubuntu
17-Feb-2025 01:14:25.007 INFO [main] org.apache.catalina.startup.VersionLoggerListener.log CATALINA_BASE:         /home/alumne/proj/FIB-PTI/servlets/apache-tomcat-10.0.10
17-Feb-2025 01:14:25.007 INFO [main] org.apache.catalina.startup.VersionLoggerListener.log CATALINA_HOME:         /home/alumne/proj/FIB-PTI/servlets/apache-tomcat-10.0.10
17-Feb-2025 01:14:25.076 INFO [main] org.apache.catalina.startup.VersionLoggerListener.log Command line argument: --add-opens=java.base/java.lang=ALL-UNNAMED
17-Feb-2025 01:14:25.077 INFO [main] org.apache.catalina.startup.VersionLoggerListener.log Command line argument: --add-opens=java.base/java.io=ALL-UNNAMED
17-Feb-2025 01:14:25.078 INFO [main] org.apache.catalina.startup.VersionLoggerListener.log Command line argument: --add-opens=java.base/java.util=ALL-UNNAMED
17-Feb-2025 01:14:25.078 INFO [main] org.apache.catalina.startup.VersionLoggerListener.log Command line argument: --add-opens=java.base/java.util.concurrent=ALL-UNNAMED
17-Feb-2025 01:14:25.078 INFO [main] org.apache.catalina.startup.VersionLoggerListener.log Command line argument: --add-opens=java.rmi/sun.rmi.transport=ALL-UNNAMED
17-Feb-2025 01:14:25.078 INFO [main] org.apache.catalina.startup.VersionLoggerListener.log Command line argument: -Djava.util.logging.config.file=/home/alumne/proj/FIB-PTI/servlets/apache-tomcat-10.0.10/conf/logging.properties
17-Feb-2025 01:14:25.079 INFO [main] org.apache.catalina.startup.VersionLoggerListener.log Command line argument: -Djava.util.logging.manager=org.apache.juli.ClassLoaderLogManager
17-Feb-2025 01:14:25.079 INFO [main] org.apache.catalina.startup.VersionLoggerListener.log Command line argument: -Djdk.tls.ephemeralDHKeySize=2048
17-Feb-2025 01:14:25.079 INFO [main] org.apache.catalina.startup.VersionLoggerListener.log Command line argument: -Djava.protocol.handler.pkgs=org.apache.catalina.webresources
17-Feb-2025 01:14:25.079 INFO [main] org.apache.catalina.startup.VersionLoggerListener.log Command line argument: -Dorg.apache.catalina.security.SecurityListener.UMASK=0027
17-Feb-2025 01:14:25.079 INFO [main] org.apache.catalina.startup.VersionLoggerListener.log Command line argument: -Dignore.endorsed.dirs=
17-Feb-2025 01:14:25.079 INFO [main] org.apache.catalina.startup.VersionLoggerListener.log Command line argument: -Dcatalina.base=/home/alumne/proj/FIB-PTI/servlets/apache-tomcat-10.0.10
17-Feb-2025 01:14:25.079 INFO [main] org.apache.catalina.startup.VersionLoggerListener.log Command line argument: -Dcatalina.home=/home/alumne/proj/FIB-PTI/servlets/apache-tomcat-10.0.10
17-Feb-2025 01:14:25.079 INFO [main] org.apache.catalina.startup.VersionLoggerListener.log Command line argument: -Djava.io.tmpdir=/home/alumne/proj/FIB-PTI/servlets/apache-tomcat-10.0.10/temp
17-Feb-2025 01:14:25.158 INFO [main] org.apache.catalina.core.AprLifecycleListener.lifecycleEvent The Apache Tomcat Native library which allows using OpenSSL was not found on the java.library.path: [/home/alumne/catkin_ws/devel/lib:/opt/ros/noetic/lib:/tmp/.mount_cursor8aCjg4/usr/lib:/usr/java/packages/lib:/usr/lib/x86_64-linux-gnu/jni:/lib/x86_64-linux-gnu:/usr/lib/x86_64-linux-gnu:/usr/lib/jni:/lib:/usr/lib]
17-Feb-2025 01:14:25.997 INFO [main] org.apache.coyote.AbstractProtocol.init Initializing ProtocolHandler ["http-nio-8080"]
17-Feb-2025 01:14:26.048 INFO [main] org.apache.catalina.startup.Catalina.load Server initialization in [1692] milliseconds
17-Feb-2025 01:14:26.230 INFO [main] org.apache.catalina.core.StandardService.startInternal Starting service [Catalina]
17-Feb-2025 01:14:26.232 INFO [main] org.apache.catalina.core.StandardEngine.startInternal Starting Servlet engine: [Apache Tomcat/10.0.10]
17-Feb-2025 01:14:26.249 INFO [main] org.apache.catalina.startup.HostConfig.deployDirectory Deploying web application directory [/home/alumne/proj/FIB-PTI/servlets/apache-tomcat-10.0.10/webapps/host-manager]
17-Feb-2025 01:14:26.828 INFO [main] org.apache.jasper.servlet.TldScanner.scanJars At least one JAR was scanned for TLDs yet contained no TLDs. Enable debug logging for this logger for a complete list of JARs that were scanned but no TLDs were found in them. Skipping unneeded JARs during scanning can improve startup time and JSP compilation time.
17-Feb-2025 01:14:26.946 INFO [main] org.apache.catalina.startup.HostConfig.deployDirectory Deployment of web application directory [/home/alumne/proj/FIB-PTI/servlets/apache-tomcat-10.0.10/webapps/host-manager] has finished in [696] ms
17-Feb-2025 01:14:26.946 INFO [main] org.apache.catalina.startup.HostConfig.deployDirectory Deploying web application directory [/home/alumne/proj/FIB-PTI/servlets/apache-tomcat-10.0.10/webapps/ROOT]
17-Feb-2025 01:14:26.969 INFO [main] org.apache.jasper.servlet.TldScanner.scanJars At least one JAR was scanned for TLDs yet contained no TLDs. Enable debug logging for this logger for a complete list of JARs that were scanned but no TLDs were found in them. Skipping unneeded JARs during scanning can improve startup time and JSP compilation time.
17-Feb-2025 01:14:26.970 INFO [main] org.apache.catalina.startup.HostConfig.deployDirectory Deployment of web application directory [/home/alumne/proj/FIB-PTI/servlets/apache-tomcat-10.0.10/webapps/ROOT] has finished in [24] ms
17-Feb-2025 01:14:26.970 INFO [main] org.apache.catalina.startup.HostConfig.deployDirectory Deploying web application directory [/home/alumne/proj/FIB-PTI/servlets/apache-tomcat-10.0.10/webapps/my_webapp]
17-Feb-2025 01:14:27.026 INFO [main] org.apache.jasper.servlet.TldScanner.scanJars At least one JAR was scanned for TLDs yet contained no TLDs. Enable debug logging for this logger for a complete list of JARs that were scanned but no TLDs were found in them. Skipping unneeded JARs during scanning can improve startup time and JSP compilation time.
17-Feb-2025 01:14:27.038 INFO [main] org.apache.catalina.startup.HostConfig.deployDirectory Deployment of web application directory [/home/alumne/proj/FIB-PTI/servlets/apache-tomcat-10.0.10/webapps/my_webapp] has finished in [67] ms
17-Feb-2025 01:14:27.038 INFO [main] org.apache.catalina.startup.HostConfig.deployDirectory Deploying web application directory [/home/alumne/proj/FIB-PTI/servlets/apache-tomcat-10.0.10/webapps/manager]
17-Feb-2025 01:14:27.069 INFO [main] org.apache.jasper.servlet.TldScanner.scanJars At least one JAR was scanned for TLDs yet contained no TLDs. Enable debug logging for this logger for a complete list of JARs that were scanned but no TLDs were found in them. Skipping unneeded JARs during scanning can improve startup time and JSP compilation time.
17-Feb-2025 01:14:27.070 INFO [main] org.apache.catalina.startup.HostConfig.deployDirectory Deployment of web application directory [/home/alumne/proj/FIB-PTI/servlets/apache-tomcat-10.0.10/webapps/manager] has finished in [32] ms
17-Feb-2025 01:14:27.070 INFO [main] org.apache.catalina.startup.HostConfig.deployDirectory Deploying web application directory [/home/alumne/proj/FIB-PTI/servlets/apache-tomcat-10.0.10/webapps/docs]
17-Feb-2025 01:14:27.092 INFO [main] org.apache.jasper.servlet.TldScanner.scanJars At least one JAR was scanned for TLDs yet contained no TLDs. Enable debug logging for this logger for a complete list of JARs that were scanned but no TLDs were found in them. Skipping unneeded JARs during scanning can improve startup time and JSP compilation time.
17-Feb-2025 01:14:27.094 INFO [main] org.apache.catalina.startup.HostConfig.deployDirectory Deployment of web application directory [/home/alumne/proj/FIB-PTI/servlets/apache-tomcat-10.0.10/webapps/docs] has finished in [24] ms
17-Feb-2025 01:14:27.094 INFO [main] org.apache.catalina.startup.HostConfig.deployDirectory Deploying web application directory [/home/alumne/proj/FIB-PTI/servlets/apache-tomcat-10.0.10/webapps/examples]
17-Feb-2025 01:14:27.344 INFO [main] org.apache.jasper.servlet.TldScanner.scanJars At least one JAR was scanned for TLDs yet contained no TLDs. Enable debug logging for this logger for a complete list of JARs that were scanned but no TLDs were found in them. Skipping unneeded JARs during scanning can improve startup time and JSP compilation time.
17-Feb-2025 01:14:27.364 INFO [main] org.apache.catalina.startup.HostConfig.deployDirectory Deployment of web application directory [/home/alumne/proj/FIB-PTI/servlets/apache-tomcat-10.0.10/webapps/examples] has finished in [270] ms
17-Feb-2025 01:14:27.392 INFO [main] org.apache.coyote.AbstractProtocol.start Starting ProtocolHandler ["http-nio-8080"]
17-Feb-2025 01:14:27.412 INFO [main] org.apache.catalina.startup.Catalina.start Server startup in [1362] milliseconds
17-Feb-2025 01:19:37.085 INFO [main] org.apache.catalina.core.StandardServer.await A valid shutdown command was received via the shutdown port. Stopping the Server instance.
17-Feb-2025 01:19:37.152 INFO [main] org.apache.coyote.AbstractProtocol.pause Pausing ProtocolHandler ["http-nio-8080"]
17-Feb-2025 01:19:37.181 INFO [main] org.apache.catalina.startup.VersionLoggerListener.log Server version name:   Apache Tomcat/10.0.10
17-Feb-2025 01:19:37.192 INFO [main] org.apache.catalina.startup.VersionLoggerListener.log Server built:          Jul 30 2021 09:51:27 UTC
17-Feb-2025 01:19:37.193 INFO [main] org.apache.catalina.startup.VersionLoggerListener.log Server version number: 10.0.10.0
17-Feb-2025 01:19:37.193 INFO [main] org.apache.catalina.startup.VersionLoggerListener.log OS Name:               Linux
17-Feb-2025 01:19:37.195 INFO [main] org.apache.catalina.startup.VersionLoggerListener.log OS Version:            5.15.0-92-generic
17-Feb-2025 01:19:37.195 INFO [main] org.apache.catalina.startup.VersionLoggerListener.log Architecture:          amd64
17-Feb-2025 01:19:37.196 INFO [main] org.apache.catalina.startup.VersionLoggerListener.log Java Home:             /usr/lib/jvm/java-11-openjdk-amd64
17-Feb-2025 01:19:37.196 INFO [main] org.apache.catalina.startup.VersionLoggerListener.log JVM Version:           11.0.26+4-post-Ubuntu-1ubuntu122.04
17-Feb-2025 01:19:37.197 INFO [main] org.apache.catalina.startup.VersionLoggerListener.log JVM Vendor:            Ubuntu
17-Feb-2025 01:19:37.197 INFO [main] org.apache.catalina.startup.VersionLoggerListener.log CATALINA_BASE:         /home/alumne/proj/FIB-PTI/servlets/apache-tomcat-10.0.10
17-Feb-2025 01:19:37.198 INFO [main] org.apache.catalina.startup.VersionLoggerListener.log CATALINA_HOME:         /home/alumne/proj/FIB-PTI/servlets/apache-tomcat-10.0.10
17-Feb-2025 01:19:37.252 INFO [main] org.apache.catalina.startup.VersionLoggerListener.log Command line argument: --add-opens=java.base/java.lang=ALL-UNNAMED
17-Feb-2025 01:19:37.252 INFO [main] org.apache.catalina.startup.VersionLoggerListener.log Command line argument: --add-opens=java.base/java.io=ALL-UNNAMED
17-Feb-2025 01:19:37.252 INFO [main] org.apache.catalina.startup.VersionLoggerListener.log Command line argument: --add-opens=java.base/java.util=ALL-UNNAMED
17-Feb-2025 01:19:37.253 INFO [main] org.apache.catalina.startup.VersionLoggerListener.log Command line argument: --add-opens=java.base/java.util.concurrent=ALL-UNNAMED
17-Feb-2025 01:19:37.253 INFO [main] org.apache.catalina.startup.VersionLoggerListener.log Command line argument: --add-opens=java.rmi/sun.rmi.transport=ALL-UNNAMED
17-Feb-2025 01:19:37.253 INFO [main] org.apache.catalina.startup.VersionLoggerListener.log Command line argument: -Djava.util.logging.config.file=/home/alumne/proj/FIB-PTI/servlets/apache-tomcat-10.0.10/conf/logging.properties
17-Feb-2025 01:19:37.253 INFO [main] org.apache.catalina.startup.VersionLoggerListener.log Command line argument: -Djava.util.logging.manager=org.apache.juli.ClassLoaderLogManager
17-Feb-2025 01:19:37.253 INFO [main] org.apache.catalina.startup.VersionLoggerListener.log Command line argument: -Djdk.tls.ephemeralDHKeySize=2048
17-Feb-2025 01:19:37.254 INFO [main] org.apache.catalina.startup.VersionLoggerListener.log Command line argument: -Djava.protocol.handler.pkgs=org.apache.catalina.webresources
17-Feb-2025 01:19:37.257 INFO [main] org.apache.catalina.startup.VersionLoggerListener.log Command line argument: -Dorg.apache.catalina.security.SecurityListener.UMASK=0027
17-Feb-2025 01:19:37.257 INFO [main] org.apache.catalina.startup.VersionLoggerListener.log Command line argument: -Dignore.endorsed.dirs=
17-Feb-2025 01:19:37.258 INFO [main] org.apache.catalina.startup.VersionLoggerListener.log Command line argument: -Dcatalina.base=/home/alumne/proj/FIB-PTI/servlets/apache-tomcat-10.0.10
17-Feb-2025 01:19:37.264 INFO [main] org.apache.catalina.startup.VersionLoggerListener.log Command line argument: -Dcatalina.home=/home/alumne/proj/FIB-PTI/servlets/apache-tomcat-10.0.10
17-Feb-2025 01:19:37.271 INFO [main] org.apache.catalina.startup.VersionLoggerListener.log Command line argument: -Djava.io.tmpdir=/home/alumne/proj/FIB-PTI/servlets/apache-tomcat-10.0.10/temp
17-Feb-2025 01:19:37.311 INFO [main] org.apache.catalina.core.AprLifecycleListener.lifecycleEvent The Apache Tomcat Native library which allows using OpenSSL was not found on the java.library.path: [/home/alumne/catkin_ws/devel/lib:/opt/ros/noetic/lib:/tmp/.mount_cursora60JV6/usr/lib:/usr/java/packages/lib:/usr/lib/x86_64-linux-gnu/jni:/lib/x86_64-linux-gnu:/usr/lib/x86_64-linux-gnu:/usr/lib/jni:/lib:/usr/lib]
17-Feb-2025 01:19:37.322 INFO [main] org.apache.catalina.core.StandardService.stopInternal Stopping service [Catalina]
17-Feb-2025 01:19:37.682 INFO [main] org.apache.coyote.AbstractProtocol.init Initializing ProtocolHandler ["http-nio-8080"]
17-Feb-2025 01:19:37.701 SEVERE [main] org.apache.catalina.util.LifecycleBase.handleSubClassException Failed to initialize component [Connector[HTTP/1.1-8080]]
	org.apache.catalina.LifecycleException: Protocol handler initialization failed
		at org.apache.catalina.connector.Connector.initInternal(Connector.java:1054)
		at org.apache.catalina.util.LifecycleBase.init(LifecycleBase.java:136)
		at org.apache.catalina.core.StandardService.initInternal(StandardService.java:556)
		at org.apache.catalina.util.LifecycleBase.init(LifecycleBase.java:136)
		at org.apache.catalina.core.StandardServer.initInternal(StandardServer.java:1042)
		at org.apache.catalina.util.LifecycleBase.init(LifecycleBase.java:136)
		at org.apache.catalina.startup.Catalina.load(Catalina.java:747)
		at org.apache.catalina.startup.Catalina.load(Catalina.java:769)
		at java.base/jdk.internal.reflect.NativeMethodAccessorImpl.invoke0(Native Method)
		at java.base/jdk.internal.reflect.NativeMethodAccessorImpl.invoke(NativeMethodAccessorImpl.java:62)
		at java.base/jdk.internal.reflect.DelegatingMethodAccessorImpl.invoke(DelegatingMethodAccessorImpl.java:43)
		at java.base/java.lang.reflect.Method.invoke(Method.java:566)
		at org.apache.catalina.startup.Bootstrap.load(Bootstrap.java:305)
		at org.apache.catalina.startup.Bootstrap.main(Bootstrap.java:475)
	Caused by: java.net.BindException: Address already in use
		at java.base/sun.nio.ch.Net.bind0(Native Method)
		at java.base/sun.nio.ch.Net.bind(Net.java:459)
		at java.base/sun.nio.ch.Net.bind(Net.java:448)
		at java.base/sun.nio.ch.ServerSocketChannelImpl.bind(ServerSocketChannelImpl.java:227)
		at org.apache.tomcat.util.net.NioEndpoint.initServerSocket(NioEndpoint.java:242)
		at org.apache.tomcat.util.net.NioEndpoint.bind(NioEndpoint.java:197)
		at org.apache.tomcat.util.net.AbstractEndpoint.bindWithCleanup(AbstractEndpoint.java:1179)
		at org.apache.tomcat.util.net.AbstractEndpoint.init(AbstractEndpoint.java:1192)
		at org.apache.coyote.AbstractProtocol.init(AbstractProtocol.java:580)
		at org.apache.coyote.http11.AbstractHttp11Protocol.init(AbstractHttp11Protocol.java:82)
		at org.apache.catalina.connector.Connector.initInternal(Connector.java:1051)
		... 13 more
17-Feb-2025 01:19:37.703 INFO [main] org.apache.catalina.startup.Catalina.load Server initialization in [748] milliseconds
17-Feb-2025 01:19:37.760 INFO [main] org.apache.catalina.core.StandardService.startInternal Starting service [Catalina]
17-Feb-2025 01:19:37.760 INFO [main] org.apache.catalina.core.StandardEngine.startInternal Starting Servlet engine: [Apache Tomcat/10.0.10]
17-Feb-2025 01:19:37.766 INFO [main] org.apache.catalina.startup.HostConfig.deployDirectory Deploying web application directory [/home/alumne/proj/FIB-PTI/servlets/apache-tomcat-10.0.10/webapps/host-manager]
17-Feb-2025 01:19:37.746 WARNING [main] org.apache.catalina.loader.WebappClassLoaderBase.clearReferencesObjectStreamClassCaches Failed to clear soft references from ObjectStreamClass$Caches for web application [ROOT]
	java.lang.ClassCastException: class java.io.ObjectStreamClass$Caches$1 cannot be cast to class java.util.Map (java.io.ObjectStreamClass$Caches$1 and java.util.Map are in module java.base of loader 'bootstrap')
		at org.apache.catalina.loader.WebappClassLoaderBase.clearCache(WebappClassLoaderBase.java:2363)
		at org.apache.catalina.loader.WebappClassLoaderBase.clearReferencesObjectStreamClassCaches(WebappClassLoaderBase.java:2338)
		at org.apache.catalina.loader.WebappClassLoaderBase.clearReferences(WebappClassLoaderBase.java:1706)
		at org.apache.catalina.loader.WebappClassLoaderBase.stop(WebappClassLoaderBase.java:1634)
		at org.apache.catalina.loader.WebappLoader.stopInternal(WebappLoader.java:429)
		at org.apache.catalina.util.LifecycleBase.stop(LifecycleBase.java:257)
		at org.apache.catalina.core.StandardContext.stopInternal(StandardContext.java:5464)
		at org.apache.catalina.util.LifecycleBase.stop(LifecycleBase.java:257)
		at org.apache.catalina.core.ContainerBase$StopChild.call(ContainerBase.java:1412)
		at org.apache.catalina.core.ContainerBase$StopChild.call(ContainerBase.java:1401)
		at java.base/java.util.concurrent.FutureTask.run(FutureTask.java:264)
		at org.apache.tomcat.util.threads.InlineExecutorService.execute(InlineExecutorService.java:75)
		at java.base/java.util.concurrent.AbstractExecutorService.submit(AbstractExecutorService.java:140)
		at org.apache.catalina.core.ContainerBase.stopInternal(ContainerBase.java:986)
		at org.apache.catalina.util.LifecycleBase.stop(LifecycleBase.java:257)
		at org.apache.catalina.core.ContainerBase$StopChild.call(ContainerBase.java:1412)
		at org.apache.catalina.core.ContainerBase$StopChild.call(ContainerBase.java:1401)
		at java.base/java.util.concurrent.FutureTask.run(FutureTask.java:264)
		at org.apache.tomcat.util.threads.InlineExecutorService.execute(InlineExecutorService.java:75)
		at java.base/java.util.concurrent.AbstractExecutorService.submit(AbstractExecutorService.java:140)
		at org.apache.catalina.core.ContainerBase.stopInternal(ContainerBase.java:986)
		at org.apache.catalina.util.LifecycleBase.stop(LifecycleBase.java:257)
		at org.apache.catalina.core.StandardService.stopInternal(StandardService.java:497)
		at org.apache.catalina.util.LifecycleBase.stop(LifecycleBase.java:257)
		at org.apache.catalina.core.StandardServer.stopInternal(StandardServer.java:979)
		at org.apache.catalina.util.LifecycleBase.stop(LifecycleBase.java:257)
		at org.apache.catalina.startup.Catalina.stop(Catalina.java:872)
		at org.apache.catalina.startup.Catalina.start(Catalina.java:834)
		at java.base/jdk.internal.reflect.NativeMethodAccessorImpl.invoke0(Native Method)
		at java.base/jdk.internal.reflect.NativeMethodAccessorImpl.invoke(NativeMethodAccessorImpl.java:62)
		at java.base/jdk.internal.reflect.DelegatingMethodAccessorImpl.invoke(DelegatingMethodAccessorImpl.java:43)
		at java.base/java.lang.reflect.Method.invoke(Method.java:566)
		at org.apache.catalina.startup.Bootstrap.start(Bootstrap.java:345)
		at org.apache.catalina.startup.Bootstrap.main(Bootstrap.java:476)
17-Feb-2025 01:19:37.931 WARNING [main] org.apache.catalina.loader.WebappClassLoaderBase.clearReferencesObjectStreamClassCaches Failed to clear soft references from ObjectStreamClass$Caches for web application [examples]
	java.lang.ClassCastException: class java.io.ObjectStreamClass$Caches$1 cannot be cast to class java.util.Map (java.io.ObjectStreamClass$Caches$1 and java.util.Map are in module java.base of loader 'bootstrap')
		at org.apache.catalina.loader.WebappClassLoaderBase.clearCache(WebappClassLoaderBase.java:2363)
		at org.apache.catalina.loader.WebappClassLoaderBase.clearReferencesObjectStreamClassCaches(WebappClassLoaderBase.java:2338)
		at org.apache.catalina.loader.WebappClassLoaderBase.clearReferences(WebappClassLoaderBase.java:1706)
		at org.apache.catalina.loader.WebappClassLoaderBase.stop(WebappClassLoaderBase.java:1634)
		at org.apache.catalina.loader.WebappLoader.stopInternal(WebappLoader.java:429)
		at org.apache.catalina.util.LifecycleBase.stop(LifecycleBase.java:257)
		at org.apache.catalina.core.StandardContext.stopInternal(StandardContext.java:5464)
		at org.apache.catalina.util.LifecycleBase.stop(LifecycleBase.java:257)
		at org.apache.catalina.core.ContainerBase$StopChild.call(ContainerBase.java:1412)
		at org.apache.catalina.core.ContainerBase$StopChild.call(ContainerBase.java:1401)
		at java.base/java.util.concurrent.FutureTask.run(FutureTask.java:264)
		at org.apache.tomcat.util.threads.InlineExecutorService.execute(InlineExecutorService.java:75)
		at java.base/java.util.concurrent.AbstractExecutorService.submit(AbstractExecutorService.java:140)
		at org.apache.catalina.core.ContainerBase.stopInternal(ContainerBase.java:986)
		at org.apache.catalina.util.LifecycleBase.stop(LifecycleBase.java:257)
		at org.apache.catalina.core.ContainerBase$StopChild.call(ContainerBase.java:1412)
		at org.apache.catalina.core.ContainerBase$StopChild.call(ContainerBase.java:1401)
		at java.base/java.util.concurrent.FutureTask.run(FutureTask.java:264)
		at org.apache.tomcat.util.threads.InlineExecutorService.execute(InlineExecutorService.java:75)
		at java.base/java.util.concurrent.AbstractExecutorService.submit(AbstractExecutorService.java:140)
		at org.apache.catalina.core.ContainerBase.stopInternal(ContainerBase.java:986)
		at org.apache.catalina.util.LifecycleBase.stop(LifecycleBase.java:257)
		at org.apache.catalina.core.StandardService.stopInternal(StandardService.java:497)
		at org.apache.catalina.util.LifecycleBase.stop(LifecycleBase.java:257)
		at org.apache.catalina.core.StandardServer.stopInternal(StandardServer.java:979)
		at org.apache.catalina.util.LifecycleBase.stop(LifecycleBase.java:257)
		at org.apache.catalina.startup.Catalina.stop(Catalina.java:872)
		at org.apache.catalina.startup.Catalina.start(Catalina.java:834)
		at java.base/jdk.internal.reflect.NativeMethodAccessorImpl.invoke0(Native Method)
		at java.base/jdk.internal.reflect.NativeMethodAccessorImpl.invoke(NativeMethodAccessorImpl.java:62)
		at java.base/jdk.internal.reflect.DelegatingMethodAccessorImpl.invoke(DelegatingMethodAccessorImpl.java:43)
		at java.base/java.lang.reflect.Method.invoke(Method.java:566)
		at org.apache.catalina.startup.Bootstrap.start(Bootstrap.java:345)
		at org.apache.catalina.startup.Bootstrap.main(Bootstrap.java:476)
17-Feb-2025 01:19:37.978 WARNING [main] org.apache.catalina.loader.WebappClassLoaderBase.clearReferencesObjectStreamClassCaches Failed to clear soft references from ObjectStreamClass$Caches for web application [host-manager]
	java.lang.ClassCastException: class java.io.ObjectStreamClass$Caches$1 cannot be cast to class java.util.Map (java.io.ObjectStreamClass$Caches$1 and java.util.Map are in module java.base of loader 'bootstrap')
		at org.apache.catalina.loader.WebappClassLoaderBase.clearCache(WebappClassLoaderBase.java:2363)
		at org.apache.catalina.loader.WebappClassLoaderBase.clearReferencesObjectStreamClassCaches(WebappClassLoaderBase.java:2338)
		at org.apache.catalina.loader.WebappClassLoaderBase.clearReferences(WebappClassLoaderBase.java:1706)
		at org.apache.catalina.loader.WebappClassLoaderBase.stop(WebappClassLoaderBase.java:1634)
		at org.apache.catalina.loader.WebappLoader.stopInternal(WebappLoader.java:429)
		at org.apache.catalina.util.LifecycleBase.stop(LifecycleBase.java:257)
		at org.apache.catalina.core.StandardContext.stopInternal(StandardContext.java:5464)
		at org.apache.catalina.util.LifecycleBase.stop(LifecycleBase.java:257)
		at org.apache.catalina.core.ContainerBase$StopChild.call(ContainerBase.java:1412)
		at org.apache.catalina.core.ContainerBase$StopChild.call(ContainerBase.java:1401)
		at java.base/java.util.concurrent.FutureTask.run(FutureTask.java:264)
		at org.apache.tomcat.util.threads.InlineExecutorService.execute(InlineExecutorService.java:75)
		at java.base/java.util.concurrent.AbstractExecutorService.submit(AbstractExecutorService.java:140)
		at org.apache.catalina.core.ContainerBase.stopInternal(ContainerBase.java:986)
		at org.apache.catalina.util.LifecycleBase.stop(LifecycleBase.java:257)
		at org.apache.catalina.core.ContainerBase$StopChild.call(ContainerBase.java:1412)
		at org.apache.catalina.core.ContainerBase$StopChild.call(ContainerBase.java:1401)
		at java.base/java.util.concurrent.FutureTask.run(FutureTask.java:264)
		at org.apache.tomcat.util.threads.InlineExecutorService.execute(InlineExecutorService.java:75)
		at java.base/java.util.concurrent.AbstractExecutorService.submit(AbstractExecutorService.java:140)
		at org.apache.catalina.core.ContainerBase.stopInternal(ContainerBase.java:986)
		at org.apache.catalina.util.LifecycleBase.stop(LifecycleBase.java:257)
		at org.apache.catalina.core.StandardService.stopInternal(StandardService.java:497)
		at org.apache.catalina.util.LifecycleBase.stop(LifecycleBase.java:257)
		at org.apache.catalina.core.StandardServer.stopInternal(StandardServer.java:979)
		at org.apache.catalina.util.LifecycleBase.stop(LifecycleBase.java:257)
		at org.apache.catalina.startup.Catalina.stop(Catalina.java:872)
		at org.apache.catalina.startup.Catalina.start(Catalina.java:834)
		at java.base/jdk.internal.reflect.NativeMethodAccessorImpl.invoke0(Native Method)
		at java.base/jdk.internal.reflect.NativeMethodAccessorImpl.invoke(NativeMethodAccessorImpl.java:62)
		at java.base/jdk.internal.reflect.DelegatingMethodAccessorImpl.invoke(DelegatingMethodAccessorImpl.java:43)
		at java.base/java.lang.reflect.Method.invoke(Method.java:566)
		at org.apache.catalina.startup.Bootstrap.start(Bootstrap.java:345)
		at org.apache.catalina.startup.Bootstrap.main(Bootstrap.java:476)
17-Feb-2025 01:19:38.010 WARNING [main] org.apache.catalina.loader.WebappClassLoaderBase.clearReferencesObjectStreamClassCaches Failed to clear soft references from ObjectStreamClass$Caches for web application [my_webapp]
	java.lang.ClassCastException: class java.io.ObjectStreamClass$Caches$1 cannot be cast to class java.util.Map (java.io.ObjectStreamClass$Caches$1 and java.util.Map are in module java.base of loader 'bootstrap')
		at org.apache.catalina.loader.WebappClassLoaderBase.clearCache(WebappClassLoaderBase.java:2363)
		at org.apache.catalina.loader.WebappClassLoaderBase.clearReferencesObjectStreamClassCaches(WebappClassLoaderBase.java:2338)
		at org.apache.catalina.loader.WebappClassLoaderBase.clearReferences(WebappClassLoaderBase.java:1706)
		at org.apache.catalina.loader.WebappClassLoaderBase.stop(WebappClassLoaderBase.java:1634)
		at org.apache.catalina.loader.WebappLoader.stopInternal(WebappLoader.java:429)
		at org.apache.catalina.util.LifecycleBase.stop(LifecycleBase.java:257)
		at org.apache.catalina.core.StandardContext.stopInternal(StandardContext.java:5464)
		at org.apache.catalina.util.LifecycleBase.stop(LifecycleBase.java:257)
		at org.apache.catalina.core.ContainerBase$StopChild.call(ContainerBase.java:1412)
		at org.apache.catalina.core.ContainerBase$StopChild.call(ContainerBase.java:1401)
		at java.base/java.util.concurrent.FutureTask.run(FutureTask.java:264)
		at org.apache.tomcat.util.threads.InlineExecutorService.execute(InlineExecutorService.java:75)
		at java.base/java.util.concurrent.AbstractExecutorService.submit(AbstractExecutorService.java:140)
		at org.apache.catalina.core.ContainerBase.stopInternal(ContainerBase.java:986)
		at org.apache.catalina.util.LifecycleBase.stop(LifecycleBase.java:257)
		at org.apache.catalina.core.ContainerBase$StopChild.call(ContainerBase.java:1412)
		at org.apache.catalina.core.ContainerBase$StopChild.call(ContainerBase.java:1401)
		at java.base/java.util.concurrent.FutureTask.run(FutureTask.java:264)
		at org.apache.tomcat.util.threads.InlineExecutorService.execute(InlineExecutorService.java:75)
		at java.base/java.util.concurrent.AbstractExecutorService.submit(AbstractExecutorService.java:140)
		at org.apache.catalina.core.ContainerBase.stopInternal(ContainerBase.java:986)
		at org.apache.catalina.util.LifecycleBase.stop(LifecycleBase.java:257)
		at org.apache.catalina.core.StandardService.stopInternal(StandardService.java:497)
		at org.apache.catalina.util.LifecycleBase.stop(LifecycleBase.java:257)
		at org.apache.catalina.core.StandardServer.stopInternal(StandardServer.java:979)
		at org.apache.catalina.util.LifecycleBase.stop(LifecycleBase.java:257)
		at org.apache.catalina.startup.Catalina.stop(Catalina.java:872)
		at org.apache.catalina.startup.Catalina.start(Catalina.java:834)
		at java.base/jdk.internal.reflect.NativeMethodAccessorImpl.invoke0(Native Method)
		at java.base/jdk.internal.reflect.NativeMethodAccessorImpl.invoke(NativeMethodAccessorImpl.java:62)
		at java.base/jdk.internal.reflect.DelegatingMethodAccessorImpl.invoke(DelegatingMethodAccessorImpl.java:43)
		at java.base/java.lang.reflect.Method.invoke(Method.java:566)
		at org.apache.catalina.startup.Bootstrap.start(Bootstrap.java:345)
		at org.apache.catalina.startup.Bootstrap.main(Bootstrap.java:476)
17-Feb-2025 01:19:38.068 WARNING [main] org.apache.catalina.loader.WebappClassLoaderBase.clearReferencesObjectStreamClassCaches Failed to clear soft references from ObjectStreamClass$Caches for web application [manager]
	java.lang.ClassCastException: class java.io.ObjectStreamClass$Caches$1 cannot be cast to class java.util.Map (java.io.ObjectStreamClass$Caches$1 and java.util.Map are in module java.base of loader 'bootstrap')
		at org.apache.catalina.loader.WebappClassLoaderBase.clearCache(WebappClassLoaderBase.java:2363)
		at org.apache.catalina.loader.WebappClassLoaderBase.clearReferencesObjectStreamClassCaches(WebappClassLoaderBase.java:2338)
		at org.apache.catalina.loader.WebappClassLoaderBase.clearReferences(WebappClassLoaderBase.java:1706)
		at org.apache.catalina.loader.WebappClassLoaderBase.stop(WebappClassLoaderBase.java:1634)
		at org.apache.catalina.loader.WebappLoader.stopInternal(WebappLoader.java:429)
		at org.apache.catalina.util.LifecycleBase.stop(LifecycleBase.java:257)
		at org.apache.catalina.core.StandardContext.stopInternal(StandardContext.java:5464)
		at org.apache.catalina.util.LifecycleBase.stop(LifecycleBase.java:257)
		at org.apache.catalina.core.ContainerBase$StopChild.call(ContainerBase.java:1412)
		at org.apache.catalina.core.ContainerBase$StopChild.call(ContainerBase.java:1401)
		at java.base/java.util.concurrent.FutureTask.run(FutureTask.java:264)
		at org.apache.tomcat.util.threads.InlineExecutorService.execute(InlineExecutorService.java:75)
		at java.base/java.util.concurrent.AbstractExecutorService.submit(AbstractExecutorService.java:140)
		at org.apache.catalina.core.ContainerBase.stopInternal(ContainerBase.java:986)
		at org.apache.catalina.util.LifecycleBase.stop(LifecycleBase.java:257)
		at org.apache.catalina.core.ContainerBase$StopChild.call(ContainerBase.java:1412)
		at org.apache.catalina.core.ContainerBase$StopChild.call(ContainerBase.java:1401)
		at java.base/java.util.concurrent.FutureTask.run(FutureTask.java:264)
		at org.apache.tomcat.util.threads.InlineExecutorService.execute(InlineExecutorService.java:75)
		at java.base/java.util.concurrent.AbstractExecutorService.submit(AbstractExecutorService.java:140)
		at org.apache.catalina.core.ContainerBase.stopInternal(ContainerBase.java:986)
		at org.apache.catalina.util.LifecycleBase.stop(LifecycleBase.java:257)
		at org.apache.catalina.core.StandardService.stopInternal(StandardService.java:497)
		at org.apache.catalina.util.LifecycleBase.stop(LifecycleBase.java:257)
		at org.apache.catalina.core.StandardServer.stopInternal(StandardServer.java:979)
		at org.apache.catalina.util.LifecycleBase.stop(LifecycleBase.java:257)
		at org.apache.catalina.startup.Catalina.stop(Catalina.java:872)
		at org.apache.catalina.startup.Catalina.start(Catalina.java:834)
		at java.base/jdk.internal.reflect.NativeMethodAccessorImpl.invoke0(Native Method)
		at java.base/jdk.internal.reflect.NativeMethodAccessorImpl.invoke(NativeMethodAccessorImpl.java:62)
		at java.base/jdk.internal.reflect.DelegatingMethodAccessorImpl.invoke(DelegatingMethodAccessorImpl.java:43)
		at java.base/java.lang.reflect.Method.invoke(Method.java:566)
		at org.apache.catalina.startup.Bootstrap.start(Bootstrap.java:345)
		at org.apache.catalina.startup.Bootstrap.main(Bootstrap.java:476)
17-Feb-2025 01:19:38.101 INFO [main] org.apache.jasper.servlet.TldScanner.scanJars At least one JAR was scanned for TLDs yet contained no TLDs. Enable debug logging for this logger for a complete list of JARs that were scanned but no TLDs were found in them. Skipping unneeded JARs during scanning can improve startup time and JSP compilation time.
17-Feb-2025 01:19:38.107 WARNING [main] org.apache.catalina.loader.WebappClassLoaderBase.clearReferencesObjectStreamClassCaches Failed to clear soft references from ObjectStreamClass$Caches for web application [docs]
	java.lang.ClassCastException: class java.io.ObjectStreamClass$Caches$1 cannot be cast to class java.util.Map (java.io.ObjectStreamClass$Caches$1 and java.util.Map are in module java.base of loader 'bootstrap')
		at org.apache.catalina.loader.WebappClassLoaderBase.clearCache(WebappClassLoaderBase.java:2363)
		at org.apache.catalina.loader.WebappClassLoaderBase.clearReferencesObjectStreamClassCaches(WebappClassLoaderBase.java:2338)
		at org.apache.catalina.loader.WebappClassLoaderBase.clearReferences(WebappClassLoaderBase.java:1706)
		at org.apache.catalina.loader.WebappClassLoaderBase.stop(WebappClassLoaderBase.java:1634)
		at org.apache.catalina.loader.WebappLoader.stopInternal(WebappLoader.java:429)
		at org.apache.catalina.util.LifecycleBase.stop(LifecycleBase.java:257)
		at org.apache.catalina.core.StandardContext.stopInternal(StandardContext.java:5464)
		at org.apache.catalina.util.LifecycleBase.stop(LifecycleBase.java:257)
		at org.apache.catalina.core.ContainerBase$StopChild.call(ContainerBase.java:1412)
		at org.apache.catalina.core.ContainerBase$StopChild.call(ContainerBase.java:1401)
		at java.base/java.util.concurrent.FutureTask.run(FutureTask.java:264)
		at org.apache.tomcat.util.threads.InlineExecutorService.execute(InlineExecutorService.java:75)
		at java.base/java.util.concurrent.AbstractExecutorService.submit(AbstractExecutorService.java:140)
		at org.apache.catalina.core.ContainerBase.stopInternal(ContainerBase.java:986)
		at org.apache.catalina.util.LifecycleBase.stop(LifecycleBase.java:257)
		at org.apache.catalina.core.ContainerBase$StopChild.call(ContainerBase.java:1412)
		at org.apache.catalina.core.ContainerBase$StopChild.call(ContainerBase.java:1401)
		at java.base/java.util.concurrent.FutureTask.run(FutureTask.java:264)
		at org.apache.tomcat.util.threads.InlineExecutorService.execute(InlineExecutorService.java:75)
		at java.base/java.util.concurrent.AbstractExecutorService.submit(AbstractExecutorService.java:140)
		at org.apache.catalina.core.ContainerBase.stopInternal(ContainerBase.java:986)
		at org.apache.catalina.util.LifecycleBase.stop(LifecycleBase.java:257)
		at org.apache.catalina.core.StandardService.stopInternal(StandardService.java:497)
		at org.apache.catalina.util.LifecycleBase.stop(LifecycleBase.java:257)
		at org.apache.catalina.core.StandardServer.stopInternal(StandardServer.java:979)
		at org.apache.catalina.util.LifecycleBase.stop(LifecycleBase.java:257)
		at org.apache.catalina.startup.Catalina.stop(Catalina.java:872)
		at org.apache.catalina.startup.Catalina.start(Catalina.java:834)
		at java.base/jdk.internal.reflect.NativeMethodAccessorImpl.invoke0(Native Method)
		at java.base/jdk.internal.reflect.NativeMethodAccessorImpl.invoke(NativeMethodAccessorImpl.java:62)
		at java.base/jdk.internal.reflect.DelegatingMethodAccessorImpl.invoke(DelegatingMethodAccessorImpl.java:43)
		at java.base/java.lang.reflect.Method.invoke(Method.java:566)
		at org.apache.catalina.startup.Bootstrap.start(Bootstrap.java:345)
		at org.apache.catalina.startup.Bootstrap.main(Bootstrap.java:476)
17-Feb-2025 01:19:38.136 INFO [main] org.apache.coyote.AbstractProtocol.stop Stopping ProtocolHandler ["http-nio-8080"]
17-Feb-2025 01:19:38.221 INFO [main] org.apache.coyote.AbstractProtocol.destroy Destroying ProtocolHandler ["http-nio-8080"]
17-Feb-2025 01:19:38.332 INFO [main] org.apache.catalina.startup.HostConfig.deployDirectory Deployment of web application directory [/home/alumne/proj/FIB-PTI/servlets/apache-tomcat-10.0.10/webapps/host-manager] has finished in [563] ms
17-Feb-2025 01:19:38.333 INFO [main] org.apache.catalina.startup.HostConfig.deployDirectory Deploying web application directory [/home/alumne/proj/FIB-PTI/servlets/apache-tomcat-10.0.10/webapps/ROOT]
17-Feb-2025 01:19:38.396 INFO [main] org.apache.jasper.servlet.TldScanner.scanJars At least one JAR was scanned for TLDs yet contained no TLDs. Enable debug logging for this logger for a complete list of JARs that were scanned but no TLDs were found in them. Skipping unneeded JARs during scanning can improve startup time and JSP compilation time.
17-Feb-2025 01:19:38.399 INFO [main] org.apache.catalina.startup.HostConfig.deployDirectory Deployment of web application directory [/home/alumne/proj/FIB-PTI/servlets/apache-tomcat-10.0.10/webapps/ROOT] has finished in [65] ms
17-Feb-2025 01:19:38.399 INFO [main] org.apache.catalina.startup.HostConfig.deployDirectory Deploying web application directory [/home/alumne/proj/FIB-PTI/servlets/apache-tomcat-10.0.10/webapps/my_webapp]
17-Feb-2025 01:19:38.518 INFO [main] org.apache.jasper.servlet.TldScanner.scanJars At least one JAR was scanned for TLDs yet contained no TLDs. Enable debug logging for this logger for a complete list of JARs that were scanned but no TLDs were found in them. Skipping unneeded JARs during scanning can improve startup time and JSP compilation time.
17-Feb-2025 01:19:38.525 INFO [main] org.apache.catalina.startup.HostConfig.deployDirectory Deployment of web application directory [/home/alumne/proj/FIB-PTI/servlets/apache-tomcat-10.0.10/webapps/my_webapp] has finished in [126] ms
17-Feb-2025 01:19:38.525 INFO [main] org.apache.catalina.startup.HostConfig.deployDirectory Deploying web application directory [/home/alumne/proj/FIB-PTI/servlets/apache-tomcat-10.0.10/webapps/manager]
17-Feb-2025 01:19:38.569 INFO [main] org.apache.jasper.servlet.TldScanner.scanJars At least one JAR was scanned for TLDs yet contained no TLDs. Enable debug logging for this logger for a complete list of JARs that were scanned but no TLDs were found in them. Skipping unneeded JARs during scanning can improve startup time and JSP compilation time.
17-Feb-2025 01:19:38.577 INFO [main] org.apache.catalina.startup.HostConfig.deployDirectory Deployment of web application directory [/home/alumne/proj/FIB-PTI/servlets/apache-tomcat-10.0.10/webapps/manager] has finished in [52] ms
17-Feb-2025 01:19:38.578 INFO [main] org.apache.catalina.startup.HostConfig.deployDirectory Deploying web application directory [/home/alumne/proj/FIB-PTI/servlets/apache-tomcat-10.0.10/webapps/docs]
17-Feb-2025 01:19:38.600 INFO [main] org.apache.jasper.servlet.TldScanner.scanJars At least one JAR was scanned for TLDs yet contained no TLDs. Enable debug logging for this logger for a complete list of JARs that were scanned but no TLDs were found in them. Skipping unneeded JARs during scanning can improve startup time and JSP compilation time.
17-Feb-2025 01:19:38.607 INFO [main] org.apache.catalina.startup.HostConfig.deployDirectory Deployment of web application directory [/home/alumne/proj/FIB-PTI/servlets/apache-tomcat-10.0.10/webapps/docs] has finished in [28] ms
17-Feb-2025 01:19:38.607 INFO [main] org.apache.catalina.startup.HostConfig.deployDirectory Deploying web application directory [/home/alumne/proj/FIB-PTI/servlets/apache-tomcat-10.0.10/webapps/examples]
17-Feb-2025 01:19:39.168 INFO [main] org.apache.jasper.servlet.TldScanner.scanJars At least one JAR was scanned for TLDs yet contained no TLDs. Enable debug logging for this logger for a complete list of JARs that were scanned but no TLDs were found in them. Skipping unneeded JARs during scanning can improve startup time and JSP compilation time.
17-Feb-2025 01:19:39.198 INFO [main] org.apache.catalina.startup.HostConfig.deployDirectory Deployment of web application directory [/home/alumne/proj/FIB-PTI/servlets/apache-tomcat-10.0.10/webapps/examples] has finished in [591] ms
17-Feb-2025 01:19:39.233 INFO [main] org.apache.catalina.startup.Catalina.start Server startup in [1529] milliseconds
17-Feb-2025 01:20:06.638 INFO [main] org.apache.catalina.core.StandardServer.await A valid shutdown command was received via the shutdown port. Stopping the Server instance.
17-Feb-2025 01:20:06.638 INFO [main] org.apache.coyote.AbstractProtocol.pause Pausing ProtocolHandler ["http-nio-8080"]
17-Feb-2025 01:20:06.639 INFO [main] org.apache.catalina.core.StandardService.stopInternal Stopping service [Catalina]
17-Feb-2025 01:20:06.644 WARNING [main] org.apache.catalina.loader.WebappClassLoaderBase.clearReferencesObjectStreamClassCaches Failed to clear soft references from ObjectStreamClass$Caches for web application [ROOT]
	java.lang.ClassCastException: class java.io.ObjectStreamClass$Caches$1 cannot be cast to class java.util.Map (java.io.ObjectStreamClass$Caches$1 and java.util.Map are in module java.base of loader 'bootstrap')
		at org.apache.catalina.loader.WebappClassLoaderBase.clearCache(WebappClassLoaderBase.java:2363)
		at org.apache.catalina.loader.WebappClassLoaderBase.clearReferencesObjectStreamClassCaches(WebappClassLoaderBase.java:2338)
		at org.apache.catalina.loader.WebappClassLoaderBase.clearReferences(WebappClassLoaderBase.java:1706)
		at org.apache.catalina.loader.WebappClassLoaderBase.stop(WebappClassLoaderBase.java:1634)
		at org.apache.catalina.loader.WebappLoader.stopInternal(WebappLoader.java:429)
		at org.apache.catalina.util.LifecycleBase.stop(LifecycleBase.java:257)
		at org.apache.catalina.core.StandardContext.stopInternal(StandardContext.java:5464)
		at org.apache.catalina.util.LifecycleBase.stop(LifecycleBase.java:257)
		at org.apache.catalina.core.ContainerBase$StopChild.call(ContainerBase.java:1412)
		at org.apache.catalina.core.ContainerBase$StopChild.call(ContainerBase.java:1401)
		at java.base/java.util.concurrent.FutureTask.run(FutureTask.java:264)
		at org.apache.tomcat.util.threads.InlineExecutorService.execute(InlineExecutorService.java:75)
		at java.base/java.util.concurrent.AbstractExecutorService.submit(AbstractExecutorService.java:140)
		at org.apache.catalina.core.ContainerBase.stopInternal(ContainerBase.java:986)
		at org.apache.catalina.util.LifecycleBase.stop(LifecycleBase.java:257)
		at org.apache.catalina.core.ContainerBase$StopChild.call(ContainerBase.java:1412)
		at org.apache.catalina.core.ContainerBase$StopChild.call(ContainerBase.java:1401)
		at java.base/java.util.concurrent.FutureTask.run(FutureTask.java:264)
		at org.apache.tomcat.util.threads.InlineExecutorService.execute(InlineExecutorService.java:75)
		at java.base/java.util.concurrent.AbstractExecutorService.submit(AbstractExecutorService.java:140)
		at org.apache.catalina.core.ContainerBase.stopInternal(ContainerBase.java:986)
		at org.apache.catalina.util.LifecycleBase.stop(LifecycleBase.java:257)
		at org.apache.catalina.core.StandardService.stopInternal(StandardService.java:497)
		at org.apache.catalina.util.LifecycleBase.stop(LifecycleBase.java:257)
		at org.apache.catalina.core.StandardServer.stopInternal(StandardServer.java:979)
		at org.apache.catalina.util.LifecycleBase.stop(LifecycleBase.java:257)
		at org.apache.catalina.startup.Catalina.stop(Catalina.java:872)
		at org.apache.catalina.startup.Catalina.start(Catalina.java:834)
		at java.base/jdk.internal.reflect.NativeMethodAccessorImpl.invoke0(Native Method)
		at java.base/jdk.internal.reflect.NativeMethodAccessorImpl.invoke(NativeMethodAccessorImpl.java:62)
		at java.base/jdk.internal.reflect.DelegatingMethodAccessorImpl.invoke(DelegatingMethodAccessorImpl.java:43)
		at java.base/java.lang.reflect.Method.invoke(Method.java:566)
		at org.apache.catalina.startup.Bootstrap.start(Bootstrap.java:345)
		at org.apache.catalina.startup.Bootstrap.main(Bootstrap.java:476)
17-Feb-2025 01:20:06.649 WARNING [main] org.apache.catalina.loader.WebappClassLoaderBase.clearReferencesObjectStreamClassCaches Failed to clear soft references from ObjectStreamClass$Caches for web application [examples]
	java.lang.ClassCastException: class java.io.ObjectStreamClass$Caches$1 cannot be cast to class java.util.Map (java.io.ObjectStreamClass$Caches$1 and java.util.Map are in module java.base of loader 'bootstrap')
		at org.apache.catalina.loader.WebappClassLoaderBase.clearCache(WebappClassLoaderBase.java:2363)
		at org.apache.catalina.loader.WebappClassLoaderBase.clearReferencesObjectStreamClassCaches(WebappClassLoaderBase.java:2338)
		at org.apache.catalina.loader.WebappClassLoaderBase.clearReferences(WebappClassLoaderBase.java:1706)
		at org.apache.catalina.loader.WebappClassLoaderBase.stop(WebappClassLoaderBase.java:1634)
		at org.apache.catalina.loader.WebappLoader.stopInternal(WebappLoader.java:429)
		at org.apache.catalina.util.LifecycleBase.stop(LifecycleBase.java:257)
		at org.apache.catalina.core.StandardContext.stopInternal(StandardContext.java:5464)
		at org.apache.catalina.util.LifecycleBase.stop(LifecycleBase.java:257)
		at org.apache.catalina.core.ContainerBase$StopChild.call(ContainerBase.java:1412)
		at org.apache.catalina.core.ContainerBase$StopChild.call(ContainerBase.java:1401)
		at java.base/java.util.concurrent.FutureTask.run(FutureTask.java:264)
		at org.apache.tomcat.util.threads.InlineExecutorService.execute(InlineExecutorService.java:75)
		at java.base/java.util.concurrent.AbstractExecutorService.submit(AbstractExecutorService.java:140)
		at org.apache.catalina.core.ContainerBase.stopInternal(ContainerBase.java:986)
		at org.apache.catalina.util.LifecycleBase.stop(LifecycleBase.java:257)
		at org.apache.catalina.core.ContainerBase$StopChild.call(ContainerBase.java:1412)
		at org.apache.catalina.core.ContainerBase$StopChild.call(ContainerBase.java:1401)
		at java.base/java.util.concurrent.FutureTask.run(FutureTask.java:264)
		at org.apache.tomcat.util.threads.InlineExecutorService.execute(InlineExecutorService.java:75)
		at java.base/java.util.concurrent.AbstractExecutorService.submit(AbstractExecutorService.java:140)
		at org.apache.catalina.core.ContainerBase.stopInternal(ContainerBase.java:986)
		at org.apache.catalina.util.LifecycleBase.stop(LifecycleBase.java:257)
		at org.apache.catalina.core.StandardService.stopInternal(StandardService.java:497)
		at org.apache.catalina.util.LifecycleBase.stop(LifecycleBase.java:257)
		at org.apache.catalina.core.StandardServer.stopInternal(StandardServer.java:979)
		at org.apache.catalina.util.LifecycleBase.stop(LifecycleBase.java:257)
		at org.apache.catalina.startup.Catalina.stop(Catalina.java:872)
		at org.apache.catalina.startup.Catalina.start(Catalina.java:834)
		at java.base/jdk.internal.reflect.NativeMethodAccessorImpl.invoke0(Native Method)
		at java.base/jdk.internal.reflect.NativeMethodAccessorImpl.invoke(NativeMethodAccessorImpl.java:62)
		at java.base/jdk.internal.reflect.DelegatingMethodAccessorImpl.invoke(DelegatingMethodAccessorImpl.java:43)
		at java.base/java.lang.reflect.Method.invoke(Method.java:566)
		at org.apache.catalina.startup.Bootstrap.start(Bootstrap.java:345)
		at org.apache.catalina.startup.Bootstrap.main(Bootstrap.java:476)
17-Feb-2025 01:20:06.652 WARNING [main] org.apache.catalina.loader.WebappClassLoaderBase.clearReferencesObjectStreamClassCaches Failed to clear soft references from ObjectStreamClass$Caches for web application [host-manager]
	java.lang.ClassCastException: class java.io.ObjectStreamClass$Caches$1 cannot be cast to class java.util.Map (java.io.ObjectStreamClass$Caches$1 and java.util.Map are in module java.base of loader 'bootstrap')
		at org.apache.catalina.loader.WebappClassLoaderBase.clearCache(WebappClassLoaderBase.java:2363)
		at org.apache.catalina.loader.WebappClassLoaderBase.clearReferencesObjectStreamClassCaches(WebappClassLoaderBase.java:2338)
		at org.apache.catalina.loader.WebappClassLoaderBase.clearReferences(WebappClassLoaderBase.java:1706)
		at org.apache.catalina.loader.WebappClassLoaderBase.stop(WebappClassLoaderBase.java:1634)
		at org.apache.catalina.loader.WebappLoader.stopInternal(WebappLoader.java:429)
		at org.apache.catalina.util.LifecycleBase.stop(LifecycleBase.java:257)
		at org.apache.catalina.core.StandardContext.stopInternal(StandardContext.java:5464)
		at org.apache.catalina.util.LifecycleBase.stop(LifecycleBase.java:257)
		at org.apache.catalina.core.ContainerBase$StopChild.call(ContainerBase.java:1412)
		at org.apache.catalina.core.ContainerBase$StopChild.call(ContainerBase.java:1401)
		at java.base/java.util.concurrent.FutureTask.run(FutureTask.java:264)
		at org.apache.tomcat.util.threads.InlineExecutorService.execute(InlineExecutorService.java:75)
		at java.base/java.util.concurrent.AbstractExecutorService.submit(AbstractExecutorService.java:140)
		at org.apache.catalina.core.ContainerBase.stopInternal(ContainerBase.java:986)
		at org.apache.catalina.util.LifecycleBase.stop(LifecycleBase.java:257)
		at org.apache.catalina.core.ContainerBase$StopChild.call(ContainerBase.java:1412)
		at org.apache.catalina.core.ContainerBase$StopChild.call(ContainerBase.java:1401)
		at java.base/java.util.concurrent.FutureTask.run(FutureTask.java:264)
		at org.apache.tomcat.util.threads.InlineExecutorService.execute(InlineExecutorService.java:75)
		at java.base/java.util.concurrent.AbstractExecutorService.submit(AbstractExecutorService.java:140)
		at org.apache.catalina.core.ContainerBase.stopInternal(ContainerBase.java:986)
		at org.apache.catalina.util.LifecycleBase.stop(LifecycleBase.java:257)
		at org.apache.catalina.core.StandardService.stopInternal(StandardService.java:497)
		at org.apache.catalina.util.LifecycleBase.stop(LifecycleBase.java:257)
		at org.apache.catalina.core.StandardServer.stopInternal(StandardServer.java:979)
		at org.apache.catalina.util.LifecycleBase.stop(LifecycleBase.java:257)
		at org.apache.catalina.startup.Catalina.stop(Catalina.java:872)
		at org.apache.catalina.startup.Catalina.start(Catalina.java:834)
		at java.base/jdk.internal.reflect.NativeMethodAccessorImpl.invoke0(Native Method)
		at java.base/jdk.internal.reflect.NativeMethodAccessorImpl.invoke(NativeMethodAccessorImpl.java:62)
		at java.base/jdk.internal.reflect.DelegatingMethodAccessorImpl.invoke(DelegatingMethodAccessorImpl.java:43)
		at java.base/java.lang.reflect.Method.invoke(Method.java:566)
		at org.apache.catalina.startup.Bootstrap.start(Bootstrap.java:345)
		at org.apache.catalina.startup.Bootstrap.main(Bootstrap.java:476)
17-Feb-2025 01:20:06.654 WARNING [main] org.apache.catalina.loader.WebappClassLoaderBase.clearReferencesObjectStreamClassCaches Failed to clear soft references from ObjectStreamClass$Caches for web application [my_webapp]
	java.lang.ClassCastException: class java.io.ObjectStreamClass$Caches$1 cannot be cast to class java.util.Map (java.io.ObjectStreamClass$Caches$1 and java.util.Map are in module java.base of loader 'bootstrap')
		at org.apache.catalina.loader.WebappClassLoaderBase.clearCache(WebappClassLoaderBase.java:2363)
		at org.apache.catalina.loader.WebappClassLoaderBase.clearReferencesObjectStreamClassCaches(WebappClassLoaderBase.java:2338)
		at org.apache.catalina.loader.WebappClassLoaderBase.clearReferences(WebappClassLoaderBase.java:1706)
		at org.apache.catalina.loader.WebappClassLoaderBase.stop(WebappClassLoaderBase.java:1634)
		at org.apache.catalina.loader.WebappLoader.stopInternal(WebappLoader.java:429)
		at org.apache.catalina.util.LifecycleBase.stop(LifecycleBase.java:257)
		at org.apache.catalina.core.StandardContext.stopInternal(StandardContext.java:5464)
		at org.apache.catalina.util.LifecycleBase.stop(LifecycleBase.java:257)
		at org.apache.catalina.core.ContainerBase$StopChild.call(ContainerBase.java:1412)
		at org.apache.catalina.core.ContainerBase$StopChild.call(ContainerBase.java:1401)
		at java.base/java.util.concurrent.FutureTask.run(FutureTask.java:264)
		at org.apache.tomcat.util.threads.InlineExecutorService.execute(InlineExecutorService.java:75)
		at java.base/java.util.concurrent.AbstractExecutorService.submit(AbstractExecutorService.java:140)
		at org.apache.catalina.core.ContainerBase.stopInternal(ContainerBase.java:986)
		at org.apache.catalina.util.LifecycleBase.stop(LifecycleBase.java:257)
		at org.apache.catalina.core.ContainerBase$StopChild.call(ContainerBase.java:1412)
		at org.apache.catalina.core.ContainerBase$StopChild.call(ContainerBase.java:1401)
		at java.base/java.util.concurrent.FutureTask.run(FutureTask.java:264)
		at org.apache.tomcat.util.threads.InlineExecutorService.execute(InlineExecutorService.java:75)
		at java.base/java.util.concurrent.AbstractExecutorService.submit(AbstractExecutorService.java:140)
		at org.apache.catalina.core.ContainerBase.stopInternal(ContainerBase.java:986)
		at org.apache.catalina.util.LifecycleBase.stop(LifecycleBase.java:257)
		at org.apache.catalina.core.StandardService.stopInternal(StandardService.java:497)
		at org.apache.catalina.util.LifecycleBase.stop(LifecycleBase.java:257)
		at org.apache.catalina.core.StandardServer.stopInternal(StandardServer.java:979)
		at org.apache.catalina.util.LifecycleBase.stop(LifecycleBase.java:257)
		at org.apache.catalina.startup.Catalina.stop(Catalina.java:872)
		at org.apache.catalina.startup.Catalina.start(Catalina.java:834)
		at java.base/jdk.internal.reflect.NativeMethodAccessorImpl.invoke0(Native Method)
		at java.base/jdk.internal.reflect.NativeMethodAccessorImpl.invoke(NativeMethodAccessorImpl.java:62)
		at java.base/jdk.internal.reflect.DelegatingMethodAccessorImpl.invoke(DelegatingMethodAccessorImpl.java:43)
		at java.base/java.lang.reflect.Method.invoke(Method.java:566)
		at org.apache.catalina.startup.Bootstrap.start(Bootstrap.java:345)
		at org.apache.catalina.startup.Bootstrap.main(Bootstrap.java:476)
17-Feb-2025 01:20:06.656 WARNING [main] org.apache.catalina.loader.WebappClassLoaderBase.clearReferencesObjectStreamClassCaches Failed to clear soft references from ObjectStreamClass$Caches for web application [manager]
	java.lang.ClassCastException: class java.io.ObjectStreamClass$Caches$1 cannot be cast to class java.util.Map (java.io.ObjectStreamClass$Caches$1 and java.util.Map are in module java.base of loader 'bootstrap')
		at org.apache.catalina.loader.WebappClassLoaderBase.clearCache(WebappClassLoaderBase.java:2363)
		at org.apache.catalina.loader.WebappClassLoaderBase.clearReferencesObjectStreamClassCaches(WebappClassLoaderBase.java:2338)
		at org.apache.catalina.loader.WebappClassLoaderBase.clearReferences(WebappClassLoaderBase.java:1706)
		at org.apache.catalina.loader.WebappClassLoaderBase.stop(WebappClassLoaderBase.java:1634)
		at org.apache.catalina.loader.WebappLoader.stopInternal(WebappLoader.java:429)
		at org.apache.catalina.util.LifecycleBase.stop(LifecycleBase.java:257)
		at org.apache.catalina.core.StandardContext.stopInternal(StandardContext.java:5464)
		at org.apache.catalina.util.LifecycleBase.stop(LifecycleBase.java:257)
		at org.apache.catalina.core.ContainerBase$StopChild.call(ContainerBase.java:1412)
		at org.apache.catalina.core.ContainerBase$StopChild.call(ContainerBase.java:1401)
		at java.base/java.util.concurrent.FutureTask.run(FutureTask.java:264)
		at org.apache.tomcat.util.threads.InlineExecutorService.execute(InlineExecutorService.java:75)
		at java.base/java.util.concurrent.AbstractExecutorService.submit(AbstractExecutorService.java:140)
		at org.apache.catalina.core.ContainerBase.stopInternal(ContainerBase.java:986)
		at org.apache.catalina.util.LifecycleBase.stop(LifecycleBase.java:257)
		at org.apache.catalina.core.ContainerBase$StopChild.call(ContainerBase.java:1412)
		at org.apache.catalina.core.ContainerBase$StopChild.call(ContainerBase.java:1401)
		at java.base/java.util.concurrent.FutureTask.run(FutureTask.java:264)
		at org.apache.tomcat.util.threads.InlineExecutorService.execute(InlineExecutorService.java:75)
		at java.base/java.util.concurrent.AbstractExecutorService.submit(AbstractExecutorService.java:140)
		at org.apache.catalina.core.ContainerBase.stopInternal(ContainerBase.java:986)
		at org.apache.catalina.util.LifecycleBase.stop(LifecycleBase.java:257)
		at org.apache.catalina.core.StandardService.stopInternal(StandardService.java:497)
		at org.apache.catalina.util.LifecycleBase.stop(LifecycleBase.java:257)
		at org.apache.catalina.core.StandardServer.stopInternal(StandardServer.java:979)
		at org.apache.catalina.util.LifecycleBase.stop(LifecycleBase.java:257)
		at org.apache.catalina.startup.Catalina.stop(Catalina.java:872)
		at org.apache.catalina.startup.Catalina.start(Catalina.java:834)
		at java.base/jdk.internal.reflect.NativeMethodAccessorImpl.invoke0(Native Method)
		at java.base/jdk.internal.reflect.NativeMethodAccessorImpl.invoke(NativeMethodAccessorImpl.java:62)
		at java.base/jdk.internal.reflect.DelegatingMethodAccessorImpl.invoke(DelegatingMethodAccessorImpl.java:43)
		at java.base/java.lang.reflect.Method.invoke(Method.java:566)
		at org.apache.catalina.startup.Bootstrap.start(Bootstrap.java:345)
		at org.apache.catalina.startup.Bootstrap.main(Bootstrap.java:476)
17-Feb-2025 01:20:06.658 WARNING [main] org.apache.catalina.loader.WebappClassLoaderBase.clearReferencesObjectStreamClassCaches Failed to clear soft references from ObjectStreamClass$Caches for web application [docs]
	java.lang.ClassCastException: class java.io.ObjectStreamClass$Caches$1 cannot be cast to class java.util.Map (java.io.ObjectStreamClass$Caches$1 and java.util.Map are in module java.base of loader 'bootstrap')
		at org.apache.catalina.loader.WebappClassLoaderBase.clearCache(WebappClassLoaderBase.java:2363)
		at org.apache.catalina.loader.WebappClassLoaderBase.clearReferencesObjectStreamClassCaches(WebappClassLoaderBase.java:2338)
		at org.apache.catalina.loader.WebappClassLoaderBase.clearReferences(WebappClassLoaderBase.java:1706)
		at org.apache.catalina.loader.WebappClassLoaderBase.stop(WebappClassLoaderBase.java:1634)
		at org.apache.catalina.loader.WebappLoader.stopInternal(WebappLoader.java:429)
		at org.apache.catalina.util.LifecycleBase.stop(LifecycleBase.java:257)
		at org.apache.catalina.core.StandardContext.stopInternal(StandardContext.java:5464)
		at org.apache.catalina.util.LifecycleBase.stop(LifecycleBase.java:257)
		at org.apache.catalina.core.ContainerBase$StopChild.call(ContainerBase.java:1412)
		at org.apache.catalina.core.ContainerBase$StopChild.call(ContainerBase.java:1401)
		at java.base/java.util.concurrent.FutureTask.run(FutureTask.java:264)
		at org.apache.tomcat.util.threads.InlineExecutorService.execute(InlineExecutorService.java:75)
		at java.base/java.util.concurrent.AbstractExecutorService.submit(AbstractExecutorService.java:140)
		at org.apache.catalina.core.ContainerBase.stopInternal(ContainerBase.java:986)
		at org.apache.catalina.util.LifecycleBase.stop(LifecycleBase.java:257)
		at org.apache.catalina.core.ContainerBase$StopChild.call(ContainerBase.java:1412)
		at org.apache.catalina.core.ContainerBase$StopChild.call(ContainerBase.java:1401)
		at java.base/java.util.concurrent.FutureTask.run(FutureTask.java:264)
		at org.apache.tomcat.util.threads.InlineExecutorService.execute(InlineExecutorService.java:75)
		at java.base/java.util.concurrent.AbstractExecutorService.submit(AbstractExecutorService.java:140)
		at org.apache.catalina.core.ContainerBase.stopInternal(ContainerBase.java:986)
		at org.apache.catalina.util.LifecycleBase.stop(LifecycleBase.java:257)
		at org.apache.catalina.core.StandardService.stopInternal(StandardService.java:497)
		at org.apache.catalina.util.LifecycleBase.stop(LifecycleBase.java:257)
		at org.apache.catalina.core.StandardServer.stopInternal(StandardServer.java:979)
		at org.apache.catalina.util.LifecycleBase.stop(LifecycleBase.java:257)
		at org.apache.catalina.startup.Catalina.stop(Catalina.java:872)
		at org.apache.catalina.startup.Catalina.start(Catalina.java:834)
		at java.base/jdk.internal.reflect.NativeMethodAccessorImpl.invoke0(Native Method)
		at java.base/jdk.internal.reflect.NativeMethodAccessorImpl.invoke(NativeMethodAccessorImpl.java:62)
		at java.base/jdk.internal.reflect.DelegatingMethodAccessorImpl.invoke(DelegatingMethodAccessorImpl.java:43)
		at java.base/java.lang.reflect.Method.invoke(Method.java:566)
		at org.apache.catalina.startup.Bootstrap.start(Bootstrap.java:345)
		at org.apache.catalina.startup.Bootstrap.main(Bootstrap.java:476)
17-Feb-2025 01:20:06.659 INFO [main] org.apache.coyote.AbstractProtocol.stop Stopping ProtocolHandler ["http-nio-8080"]
17-Feb-2025 01:20:06.659 INFO [main] org.apache.coyote.AbstractProtocol.destroy Destroying ProtocolHandler ["http-nio-8080"]
17-Feb-2025 01:20:07.229 INFO [main] org.apache.catalina.startup.VersionLoggerListener.log Server version name:   Apache Tomcat/10.0.10
17-Feb-2025 01:20:07.233 INFO [main] org.apache.catalina.startup.VersionLoggerListener.log Server built:          Jul 30 2021 09:51:27 UTC
17-Feb-2025 01:20:07.233 INFO [main] org.apache.catalina.startup.VersionLoggerListener.log Server version number: 10.0.10.0
17-Feb-2025 01:20:07.233 INFO [main] org.apache.catalina.startup.VersionLoggerListener.log OS Name:               Linux
17-Feb-2025 01:20:07.233 INFO [main] org.apache.catalina.startup.VersionLoggerListener.log OS Version:            5.15.0-92-generic
17-Feb-2025 01:20:07.233 INFO [main] org.apache.catalina.startup.VersionLoggerListener.log Architecture:          amd64
17-Feb-2025 01:20:07.234 INFO [main] org.apache.catalina.startup.VersionLoggerListener.log Java Home:             /usr/lib/jvm/java-11-openjdk-amd64
17-Feb-2025 01:20:07.234 INFO [main] org.apache.catalina.startup.VersionLoggerListener.log JVM Version:           11.0.26+4-post-Ubuntu-1ubuntu122.04
17-Feb-2025 01:20:07.234 INFO [main] org.apache.catalina.startup.VersionLoggerListener.log JVM Vendor:            Ubuntu
17-Feb-2025 01:20:07.234 INFO [main] org.apache.catalina.startup.VersionLoggerListener.log CATALINA_BASE:         /home/alumne/proj/FIB-PTI/servlets/apache-tomcat-10.0.10
17-Feb-2025 01:20:07.234 INFO [main] org.apache.catalina.startup.VersionLoggerListener.log CATALINA_HOME:         /home/alumne/proj/FIB-PTI/servlets/apache-tomcat-10.0.10
17-Feb-2025 01:20:07.243 INFO [main] org.apache.catalina.startup.VersionLoggerListener.log Command line argument: --add-opens=java.base/java.lang=ALL-UNNAMED
17-Feb-2025 01:20:07.243 INFO [main] org.apache.catalina.startup.VersionLoggerListener.log Command line argument: --add-opens=java.base/java.io=ALL-UNNAMED
17-Feb-2025 01:20:07.243 INFO [main] org.apache.catalina.startup.VersionLoggerListener.log Command line argument: --add-opens=java.base/java.util=ALL-UNNAMED
17-Feb-2025 01:20:07.243 INFO [main] org.apache.catalina.startup.VersionLoggerListener.log Command line argument: --add-opens=java.base/java.util.concurrent=ALL-UNNAMED
17-Feb-2025 01:20:07.244 INFO [main] org.apache.catalina.startup.VersionLoggerListener.log Command line argument: --add-opens=java.rmi/sun.rmi.transport=ALL-UNNAMED
17-Feb-2025 01:20:07.244 INFO [main] org.apache.catalina.startup.VersionLoggerListener.log Command line argument: -Djava.util.logging.config.file=/home/alumne/proj/FIB-PTI/servlets/apache-tomcat-10.0.10/conf/logging.properties
17-Feb-2025 01:20:07.244 INFO [main] org.apache.catalina.startup.VersionLoggerListener.log Command line argument: -Djava.util.logging.manager=org.apache.juli.ClassLoaderLogManager
17-Feb-2025 01:20:07.244 INFO [main] org.apache.catalina.startup.VersionLoggerListener.log Command line argument: -Djdk.tls.ephemeralDHKeySize=2048
17-Feb-2025 01:20:07.244 INFO [main] org.apache.catalina.startup.VersionLoggerListener.log Command line argument: -Djava.protocol.handler.pkgs=org.apache.catalina.webresources
17-Feb-2025 01:20:07.244 INFO [main] org.apache.catalina.startup.VersionLoggerListener.log Command line argument: -Dorg.apache.catalina.security.SecurityListener.UMASK=0027
17-Feb-2025 01:20:07.244 INFO [main] org.apache.catalina.startup.VersionLoggerListener.log Command line argument: -Dignore.endorsed.dirs=
17-Feb-2025 01:20:07.244 INFO [main] org.apache.catalina.startup.VersionLoggerListener.log Command line argument: -Dcatalina.base=/home/alumne/proj/FIB-PTI/servlets/apache-tomcat-10.0.10
17-Feb-2025 01:20:07.244 INFO [main] org.apache.catalina.startup.VersionLoggerListener.log Command line argument: -Dcatalina.home=/home/alumne/proj/FIB-PTI/servlets/apache-tomcat-10.0.10
17-Feb-2025 01:20:07.244 INFO [main] org.apache.catalina.startup.VersionLoggerListener.log Command line argument: -Djava.io.tmpdir=/home/alumne/proj/FIB-PTI/servlets/apache-tomcat-10.0.10/temp
17-Feb-2025 01:20:07.245 INFO [main] org.apache.catalina.core.AprLifecycleListener.lifecycleEvent The Apache Tomcat Native library which allows using OpenSSL was not found on the java.library.path: [/home/alumne/catkin_ws/devel/lib:/opt/ros/noetic/lib:/tmp/.mount_cursora60JV6/usr/lib:/usr/java/packages/lib:/usr/lib/x86_64-linux-gnu/jni:/lib/x86_64-linux-gnu:/usr/lib/x86_64-linux-gnu:/usr/lib/jni:/lib:/usr/lib]
17-Feb-2025 01:20:07.426 INFO [main] org.apache.coyote.AbstractProtocol.init Initializing ProtocolHandler ["http-nio-8080"]
17-Feb-2025 01:20:07.445 INFO [main] org.apache.catalina.startup.Catalina.load Server initialization in [399] milliseconds
17-Feb-2025 01:20:07.485 INFO [main] org.apache.catalina.core.StandardService.startInternal Starting service [Catalina]
17-Feb-2025 01:20:07.485 INFO [main] org.apache.catalina.core.StandardEngine.startInternal Starting Servlet engine: [Apache Tomcat/10.0.10]
17-Feb-2025 01:20:07.491 INFO [main] org.apache.catalina.startup.HostConfig.deployDirectory Deploying web application directory [/home/alumne/proj/FIB-PTI/servlets/apache-tomcat-10.0.10/webapps/host-manager]
17-Feb-2025 01:20:07.654 INFO [main] org.apache.jasper.servlet.TldScanner.scanJars At least one JAR was scanned for TLDs yet contained no TLDs. Enable debug logging for this logger for a complete list of JARs that were scanned but no TLDs were found in them. Skipping unneeded JARs during scanning can improve startup time and JSP compilation time.
17-Feb-2025 01:20:07.694 INFO [main] org.apache.catalina.startup.HostConfig.deployDirectory Deployment of web application directory [/home/alumne/proj/FIB-PTI/servlets/apache-tomcat-10.0.10/webapps/host-manager] has finished in [203] ms
17-Feb-2025 01:20:07.695 INFO [main] org.apache.catalina.startup.HostConfig.deployDirectory Deploying web application directory [/home/alumne/proj/FIB-PTI/servlets/apache-tomcat-10.0.10/webapps/ROOT]
17-Feb-2025 01:20:07.748 INFO [main] org.apache.jasper.servlet.TldScanner.scanJars At least one JAR was scanned for TLDs yet contained no TLDs. Enable debug logging for this logger for a complete list of JARs that were scanned but no TLDs were found in them. Skipping unneeded JARs during scanning can improve startup time and JSP compilation time.
17-Feb-2025 01:20:07.750 INFO [main] org.apache.catalina.startup.HostConfig.deployDirectory Deployment of web application directory [/home/alumne/proj/FIB-PTI/servlets/apache-tomcat-10.0.10/webapps/ROOT] has finished in [56] ms
17-Feb-2025 01:20:07.750 INFO [main] org.apache.catalina.startup.HostConfig.deployDirectory Deploying web application directory [/home/alumne/proj/FIB-PTI/servlets/apache-tomcat-10.0.10/webapps/my_webapp]
17-Feb-2025 01:20:07.790 INFO [main] org.apache.jasper.servlet.TldScanner.scanJars At least one JAR was scanned for TLDs yet contained no TLDs. Enable debug logging for this logger for a complete list of JARs that were scanned but no TLDs were found in them. Skipping unneeded JARs during scanning can improve startup time and JSP compilation time.
17-Feb-2025 01:20:07.802 INFO [main] org.apache.catalina.startup.HostConfig.deployDirectory Deployment of web application directory [/home/alumne/proj/FIB-PTI/servlets/apache-tomcat-10.0.10/webapps/my_webapp] has finished in [52] ms
17-Feb-2025 01:20:07.803 INFO [main] org.apache.catalina.startup.HostConfig.deployDirectory Deploying web application directory [/home/alumne/proj/FIB-PTI/servlets/apache-tomcat-10.0.10/webapps/manager]
17-Feb-2025 01:20:07.821 INFO [main] org.apache.jasper.servlet.TldScanner.scanJars At least one JAR was scanned for TLDs yet contained no TLDs. Enable debug logging for this logger for a complete list of JARs that were scanned but no TLDs were found in them. Skipping unneeded JARs during scanning can improve startup time and JSP compilation time.
17-Feb-2025 01:20:07.825 INFO [main] org.apache.catalina.startup.HostConfig.deployDirectory Deployment of web application directory [/home/alumne/proj/FIB-PTI/servlets/apache-tomcat-10.0.10/webapps/manager] has finished in [22] ms
17-Feb-2025 01:20:07.825 INFO [main] org.apache.catalina.startup.HostConfig.deployDirectory Deploying web application directory [/home/alumne/proj/FIB-PTI/servlets/apache-tomcat-10.0.10/webapps/docs]
17-Feb-2025 01:20:07.859 INFO [main] org.apache.jasper.servlet.TldScanner.scanJars At least one JAR was scanned for TLDs yet contained no TLDs. Enable debug logging for this logger for a complete list of JARs that were scanned but no TLDs were found in them. Skipping unneeded JARs during scanning can improve startup time and JSP compilation time.
17-Feb-2025 01:20:07.860 INFO [main] org.apache.catalina.startup.HostConfig.deployDirectory Deployment of web application directory [/home/alumne/proj/FIB-PTI/servlets/apache-tomcat-10.0.10/webapps/docs] has finished in [35] ms
17-Feb-2025 01:20:07.862 INFO [main] org.apache.catalina.startup.HostConfig.deployDirectory Deploying web application directory [/home/alumne/proj/FIB-PTI/servlets/apache-tomcat-10.0.10/webapps/examples]
17-Feb-2025 01:20:08.080 INFO [main] org.apache.jasper.servlet.TldScanner.scanJars At least one JAR was scanned for TLDs yet contained no TLDs. Enable debug logging for this logger for a complete list of JARs that were scanned but no TLDs were found in them. Skipping unneeded JARs during scanning can improve startup time and JSP compilation time.
17-Feb-2025 01:20:08.094 INFO [main] org.apache.catalina.startup.HostConfig.deployDirectory Deployment of web application directory [/home/alumne/proj/FIB-PTI/servlets/apache-tomcat-10.0.10/webapps/examples] has finished in [231] ms
17-Feb-2025 01:20:08.096 INFO [main] org.apache.coyote.AbstractProtocol.start Starting ProtocolHandler ["http-nio-8080"]
17-Feb-2025 01:20:08.138 INFO [main] org.apache.catalina.startup.Catalina.start Server startup in [692] milliseconds
17-Feb-2025 01:20:48.218 INFO [main] org.apache.catalina.core.StandardServer.await A valid shutdown command was received via the shutdown port. Stopping the Server instance.
17-Feb-2025 01:20:48.220 INFO [main] org.apache.coyote.AbstractProtocol.pause Pausing ProtocolHandler ["http-nio-8080"]
17-Feb-2025 01:20:48.227 INFO [main] org.apache.catalina.core.StandardService.stopInternal Stopping service [Catalina]
17-Feb-2025 01:20:48.232 WARNING [main] org.apache.catalina.loader.WebappClassLoaderBase.clearReferencesObjectStreamClassCaches Failed to clear soft references from ObjectStreamClass$Caches for web application [ROOT]
	java.lang.ClassCastException: class java.io.ObjectStreamClass$Caches$1 cannot be cast to class java.util.Map (java.io.ObjectStreamClass$Caches$1 and java.util.Map are in module java.base of loader 'bootstrap')
		at org.apache.catalina.loader.WebappClassLoaderBase.clearCache(WebappClassLoaderBase.java:2363)
		at org.apache.catalina.loader.WebappClassLoaderBase.clearReferencesObjectStreamClassCaches(WebappClassLoaderBase.java:2338)
		at org.apache.catalina.loader.WebappClassLoaderBase.clearReferences(WebappClassLoaderBase.java:1706)
		at org.apache.catalina.loader.WebappClassLoaderBase.stop(WebappClassLoaderBase.java:1634)
		at org.apache.catalina.loader.WebappLoader.stopInternal(WebappLoader.java:429)
		at org.apache.catalina.util.LifecycleBase.stop(LifecycleBase.java:257)
		at org.apache.catalina.core.StandardContext.stopInternal(StandardContext.java:5464)
		at org.apache.catalina.util.LifecycleBase.stop(LifecycleBase.java:257)
		at org.apache.catalina.core.ContainerBase$StopChild.call(ContainerBase.java:1412)
		at org.apache.catalina.core.ContainerBase$StopChild.call(ContainerBase.java:1401)
		at java.base/java.util.concurrent.FutureTask.run(FutureTask.java:264)
		at org.apache.tomcat.util.threads.InlineExecutorService.execute(InlineExecutorService.java:75)
		at java.base/java.util.concurrent.AbstractExecutorService.submit(AbstractExecutorService.java:140)
		at org.apache.catalina.core.ContainerBase.stopInternal(ContainerBase.java:986)
		at org.apache.catalina.util.LifecycleBase.stop(LifecycleBase.java:257)
		at org.apache.catalina.core.ContainerBase$StopChild.call(ContainerBase.java:1412)
		at org.apache.catalina.core.ContainerBase$StopChild.call(ContainerBase.java:1401)
		at java.base/java.util.concurrent.FutureTask.run(FutureTask.java:264)
		at org.apache.tomcat.util.threads.InlineExecutorService.execute(InlineExecutorService.java:75)
		at java.base/java.util.concurrent.AbstractExecutorService.submit(AbstractExecutorService.java:140)
		at org.apache.catalina.core.ContainerBase.stopInternal(ContainerBase.java:986)
		at org.apache.catalina.util.LifecycleBase.stop(LifecycleBase.java:257)
		at org.apache.catalina.core.StandardService.stopInternal(StandardService.java:497)
		at org.apache.catalina.util.LifecycleBase.stop(LifecycleBase.java:257)
		at org.apache.catalina.core.StandardServer.stopInternal(StandardServer.java:979)
		at org.apache.catalina.util.LifecycleBase.stop(LifecycleBase.java:257)
		at org.apache.catalina.startup.Catalina.stop(Catalina.java:872)
		at org.apache.catalina.startup.Catalina.start(Catalina.java:834)
		at java.base/jdk.internal.reflect.NativeMethodAccessorImpl.invoke0(Native Method)
		at java.base/jdk.internal.reflect.NativeMethodAccessorImpl.invoke(NativeMethodAccessorImpl.java:62)
		at java.base/jdk.internal.reflect.DelegatingMethodAccessorImpl.invoke(DelegatingMethodAccessorImpl.java:43)
		at java.base/java.lang.reflect.Method.invoke(Method.java:566)
		at org.apache.catalina.startup.Bootstrap.start(Bootstrap.java:345)
		at org.apache.catalina.startup.Bootstrap.main(Bootstrap.java:476)
17-Feb-2025 01:20:48.238 WARNING [main] org.apache.catalina.loader.WebappClassLoaderBase.clearReferencesObjectStreamClassCaches Failed to clear soft references from ObjectStreamClass$Caches for web application [examples]
	java.lang.ClassCastException: class java.io.ObjectStreamClass$Caches$1 cannot be cast to class java.util.Map (java.io.ObjectStreamClass$Caches$1 and java.util.Map are in module java.base of loader 'bootstrap')
		at org.apache.catalina.loader.WebappClassLoaderBase.clearCache(WebappClassLoaderBase.java:2363)
		at org.apache.catalina.loader.WebappClassLoaderBase.clearReferencesObjectStreamClassCaches(WebappClassLoaderBase.java:2338)
		at org.apache.catalina.loader.WebappClassLoaderBase.clearReferences(WebappClassLoaderBase.java:1706)
		at org.apache.catalina.loader.WebappClassLoaderBase.stop(WebappClassLoaderBase.java:1634)
		at org.apache.catalina.loader.WebappLoader.stopInternal(WebappLoader.java:429)
		at org.apache.catalina.util.LifecycleBase.stop(LifecycleBase.java:257)
		at org.apache.catalina.core.StandardContext.stopInternal(StandardContext.java:5464)
		at org.apache.catalina.util.LifecycleBase.stop(LifecycleBase.java:257)
		at org.apache.catalina.core.ContainerBase$StopChild.call(ContainerBase.java:1412)
		at org.apache.catalina.core.ContainerBase$StopChild.call(ContainerBase.java:1401)
		at java.base/java.util.concurrent.FutureTask.run(FutureTask.java:264)
		at org.apache.tomcat.util.threads.InlineExecutorService.execute(InlineExecutorService.java:75)
		at java.base/java.util.concurrent.AbstractExecutorService.submit(AbstractExecutorService.java:140)
		at org.apache.catalina.core.ContainerBase.stopInternal(ContainerBase.java:986)
		at org.apache.catalina.util.LifecycleBase.stop(LifecycleBase.java:257)
		at org.apache.catalina.core.ContainerBase$StopChild.call(ContainerBase.java:1412)
		at org.apache.catalina.core.ContainerBase$StopChild.call(ContainerBase.java:1401)
		at java.base/java.util.concurrent.FutureTask.run(FutureTask.java:264)
		at org.apache.tomcat.util.threads.InlineExecutorService.execute(InlineExecutorService.java:75)
		at java.base/java.util.concurrent.AbstractExecutorService.submit(AbstractExecutorService.java:140)
		at org.apache.catalina.core.ContainerBase.stopInternal(ContainerBase.java:986)
		at org.apache.catalina.util.LifecycleBase.stop(LifecycleBase.java:257)
		at org.apache.catalina.core.StandardService.stopInternal(StandardService.java:497)
		at org.apache.catalina.util.LifecycleBase.stop(LifecycleBase.java:257)
		at org.apache.catalina.core.StandardServer.stopInternal(StandardServer.java:979)
		at org.apache.catalina.util.LifecycleBase.stop(LifecycleBase.java:257)
		at org.apache.catalina.startup.Catalina.stop(Catalina.java:872)
		at org.apache.catalina.startup.Catalina.start(Catalina.java:834)
		at java.base/jdk.internal.reflect.NativeMethodAccessorImpl.invoke0(Native Method)
		at java.base/jdk.internal.reflect.NativeMethodAccessorImpl.invoke(NativeMethodAccessorImpl.java:62)
		at java.base/jdk.internal.reflect.DelegatingMethodAccessorImpl.invoke(DelegatingMethodAccessorImpl.java:43)
		at java.base/java.lang.reflect.Method.invoke(Method.java:566)
		at org.apache.catalina.startup.Bootstrap.start(Bootstrap.java:345)
		at org.apache.catalina.startup.Bootstrap.main(Bootstrap.java:476)
17-Feb-2025 01:20:48.243 WARNING [main] org.apache.catalina.loader.WebappClassLoaderBase.clearReferencesObjectStreamClassCaches Failed to clear soft references from ObjectStreamClass$Caches for web application [host-manager]
	java.lang.ClassCastException: class java.io.ObjectStreamClass$Caches$1 cannot be cast to class java.util.Map (java.io.ObjectStreamClass$Caches$1 and java.util.Map are in module java.base of loader 'bootstrap')
		at org.apache.catalina.loader.WebappClassLoaderBase.clearCache(WebappClassLoaderBase.java:2363)
		at org.apache.catalina.loader.WebappClassLoaderBase.clearReferencesObjectStreamClassCaches(WebappClassLoaderBase.java:2338)
		at org.apache.catalina.loader.WebappClassLoaderBase.clearReferences(WebappClassLoaderBase.java:1706)
		at org.apache.catalina.loader.WebappClassLoaderBase.stop(WebappClassLoaderBase.java:1634)
		at org.apache.catalina.loader.WebappLoader.stopInternal(WebappLoader.java:429)
		at org.apache.catalina.util.LifecycleBase.stop(LifecycleBase.java:257)
		at org.apache.catalina.core.StandardContext.stopInternal(StandardContext.java:5464)
		at org.apache.catalina.util.LifecycleBase.stop(LifecycleBase.java:257)
		at org.apache.catalina.core.ContainerBase$StopChild.call(ContainerBase.java:1412)
		at org.apache.catalina.core.ContainerBase$StopChild.call(ContainerBase.java:1401)
		at java.base/java.util.concurrent.FutureTask.run(FutureTask.java:264)
		at org.apache.tomcat.util.threads.InlineExecutorService.execute(InlineExecutorService.java:75)
		at java.base/java.util.concurrent.AbstractExecutorService.submit(AbstractExecutorService.java:140)
		at org.apache.catalina.core.ContainerBase.stopInternal(ContainerBase.java:986)
		at org.apache.catalina.util.LifecycleBase.stop(LifecycleBase.java:257)
		at org.apache.catalina.core.ContainerBase$StopChild.call(ContainerBase.java:1412)
		at org.apache.catalina.core.ContainerBase$StopChild.call(ContainerBase.java:1401)
		at java.base/java.util.concurrent.FutureTask.run(FutureTask.java:264)
		at org.apache.tomcat.util.threads.InlineExecutorService.execute(InlineExecutorService.java:75)
		at java.base/java.util.concurrent.AbstractExecutorService.submit(AbstractExecutorService.java:140)
		at org.apache.catalina.core.ContainerBase.stopInternal(ContainerBase.java:986)
		at org.apache.catalina.util.LifecycleBase.stop(LifecycleBase.java:257)
		at org.apache.catalina.core.StandardService.stopInternal(StandardService.java:497)
		at org.apache.catalina.util.LifecycleBase.stop(LifecycleBase.java:257)
		at org.apache.catalina.core.StandardServer.stopInternal(StandardServer.java:979)
		at org.apache.catalina.util.LifecycleBase.stop(LifecycleBase.java:257)
		at org.apache.catalina.startup.Catalina.stop(Catalina.java:872)
		at org.apache.catalina.startup.Catalina.start(Catalina.java:834)
		at java.base/jdk.internal.reflect.NativeMethodAccessorImpl.invoke0(Native Method)
		at java.base/jdk.internal.reflect.NativeMethodAccessorImpl.invoke(NativeMethodAccessorImpl.java:62)
		at java.base/jdk.internal.reflect.DelegatingMethodAccessorImpl.invoke(DelegatingMethodAccessorImpl.java:43)
		at java.base/java.lang.reflect.Method.invoke(Method.java:566)
		at org.apache.catalina.startup.Bootstrap.start(Bootstrap.java:345)
		at org.apache.catalina.startup.Bootstrap.main(Bootstrap.java:476)
17-Feb-2025 01:20:48.247 WARNING [main] org.apache.catalina.loader.WebappClassLoaderBase.clearReferencesObjectStreamClassCaches Failed to clear soft references from ObjectStreamClass$Caches for web application [my_webapp]
	java.lang.ClassCastException: class java.io.ObjectStreamClass$Caches$1 cannot be cast to class java.util.Map (java.io.ObjectStreamClass$Caches$1 and java.util.Map are in module java.base of loader 'bootstrap')
		at org.apache.catalina.loader.WebappClassLoaderBase.clearCache(WebappClassLoaderBase.java:2363)
		at org.apache.catalina.loader.WebappClassLoaderBase.clearReferencesObjectStreamClassCaches(WebappClassLoaderBase.java:2338)
		at org.apache.catalina.loader.WebappClassLoaderBase.clearReferences(WebappClassLoaderBase.java:1706)
		at org.apache.catalina.loader.WebappClassLoaderBase.stop(WebappClassLoaderBase.java:1634)
		at org.apache.catalina.loader.WebappLoader.stopInternal(WebappLoader.java:429)
		at org.apache.catalina.util.LifecycleBase.stop(LifecycleBase.java:257)
		at org.apache.catalina.core.StandardContext.stopInternal(StandardContext.java:5464)
		at org.apache.catalina.util.LifecycleBase.stop(LifecycleBase.java:257)
		at org.apache.catalina.core.ContainerBase$StopChild.call(ContainerBase.java:1412)
		at org.apache.catalina.core.ContainerBase$StopChild.call(ContainerBase.java:1401)
		at java.base/java.util.concurrent.FutureTask.run(FutureTask.java:264)
		at org.apache.tomcat.util.threads.InlineExecutorService.execute(InlineExecutorService.java:75)
		at java.base/java.util.concurrent.AbstractExecutorService.submit(AbstractExecutorService.java:140)
		at org.apache.catalina.core.ContainerBase.stopInternal(ContainerBase.java:986)
		at org.apache.catalina.util.LifecycleBase.stop(LifecycleBase.java:257)
		at org.apache.catalina.core.ContainerBase$StopChild.call(ContainerBase.java:1412)
		at org.apache.catalina.core.ContainerBase$StopChild.call(ContainerBase.java:1401)
		at java.base/java.util.concurrent.FutureTask.run(FutureTask.java:264)
		at org.apache.tomcat.util.threads.InlineExecutorService.execute(InlineExecutorService.java:75)
		at java.base/java.util.concurrent.AbstractExecutorService.submit(AbstractExecutorService.java:140)
		at org.apache.catalina.core.ContainerBase.stopInternal(ContainerBase.java:986)
		at org.apache.catalina.util.LifecycleBase.stop(LifecycleBase.java:257)
		at org.apache.catalina.core.StandardService.stopInternal(StandardService.java:497)
		at org.apache.catalina.util.LifecycleBase.stop(LifecycleBase.java:257)
		at org.apache.catalina.core.StandardServer.stopInternal(StandardServer.java:979)
		at org.apache.catalina.util.LifecycleBase.stop(LifecycleBase.java:257)
		at org.apache.catalina.startup.Catalina.stop(Catalina.java:872)
		at org.apache.catalina.startup.Catalina.start(Catalina.java:834)
		at java.base/jdk.internal.reflect.NativeMethodAccessorImpl.invoke0(Native Method)
		at java.base/jdk.internal.reflect.NativeMethodAccessorImpl.invoke(NativeMethodAccessorImpl.java:62)
		at java.base/jdk.internal.reflect.DelegatingMethodAccessorImpl.invoke(DelegatingMethodAccessorImpl.java:43)
		at java.base/java.lang.reflect.Method.invoke(Method.java:566)
		at org.apache.catalina.startup.Bootstrap.start(Bootstrap.java:345)
		at org.apache.catalina.startup.Bootstrap.main(Bootstrap.java:476)
17-Feb-2025 01:20:48.260 WARNING [main] org.apache.catalina.loader.WebappClassLoaderBase.clearReferencesObjectStreamClassCaches Failed to clear soft references from ObjectStreamClass$Caches for web application [manager]
	java.lang.ClassCastException: class java.io.ObjectStreamClass$Caches$1 cannot be cast to class java.util.Map (java.io.ObjectStreamClass$Caches$1 and java.util.Map are in module java.base of loader 'bootstrap')
		at org.apache.catalina.loader.WebappClassLoaderBase.clearCache(WebappClassLoaderBase.java:2363)
		at org.apache.catalina.loader.WebappClassLoaderBase.clearReferencesObjectStreamClassCaches(WebappClassLoaderBase.java:2338)
		at org.apache.catalina.loader.WebappClassLoaderBase.clearReferences(WebappClassLoaderBase.java:1706)
		at org.apache.catalina.loader.WebappClassLoaderBase.stop(WebappClassLoaderBase.java:1634)
		at org.apache.catalina.loader.WebappLoader.stopInternal(WebappLoader.java:429)
		at org.apache.catalina.util.LifecycleBase.stop(LifecycleBase.java:257)
		at org.apache.catalina.core.StandardContext.stopInternal(StandardContext.java:5464)
		at org.apache.catalina.util.LifecycleBase.stop(LifecycleBase.java:257)
		at org.apache.catalina.core.ContainerBase$StopChild.call(ContainerBase.java:1412)
		at org.apache.catalina.core.ContainerBase$StopChild.call(ContainerBase.java:1401)
		at java.base/java.util.concurrent.FutureTask.run(FutureTask.java:264)
		at org.apache.tomcat.util.threads.InlineExecutorService.execute(InlineExecutorService.java:75)
		at java.base/java.util.concurrent.AbstractExecutorService.submit(AbstractExecutorService.java:140)
		at org.apache.catalina.core.ContainerBase.stopInternal(ContainerBase.java:986)
		at org.apache.catalina.util.LifecycleBase.stop(LifecycleBase.java:257)
		at org.apache.catalina.core.ContainerBase$StopChild.call(ContainerBase.java:1412)
		at org.apache.catalina.core.ContainerBase$StopChild.call(ContainerBase.java:1401)
		at java.base/java.util.concurrent.FutureTask.run(FutureTask.java:264)
		at org.apache.tomcat.util.threads.InlineExecutorService.execute(InlineExecutorService.java:75)
		at java.base/java.util.concurrent.AbstractExecutorService.submit(AbstractExecutorService.java:140)
		at org.apache.catalina.core.ContainerBase.stopInternal(ContainerBase.java:986)
		at org.apache.catalina.util.LifecycleBase.stop(LifecycleBase.java:257)
		at org.apache.catalina.core.StandardService.stopInternal(StandardService.java:497)
		at org.apache.catalina.util.LifecycleBase.stop(LifecycleBase.java:257)
		at org.apache.catalina.core.StandardServer.stopInternal(StandardServer.java:979)
		at org.apache.catalina.util.LifecycleBase.stop(LifecycleBase.java:257)
		at org.apache.catalina.startup.Catalina.stop(Catalina.java:872)
		at org.apache.catalina.startup.Catalina.start(Catalina.java:834)
		at java.base/jdk.internal.reflect.NativeMethodAccessorImpl.invoke0(Native Method)
		at java.base/jdk.internal.reflect.NativeMethodAccessorImpl.invoke(NativeMethodAccessorImpl.java:62)
		at java.base/jdk.internal.reflect.DelegatingMethodAccessorImpl.invoke(DelegatingMethodAccessorImpl.java:43)
		at java.base/java.lang.reflect.Method.invoke(Method.java:566)
		at org.apache.catalina.startup.Bootstrap.start(Bootstrap.java:345)
		at org.apache.catalina.startup.Bootstrap.main(Bootstrap.java:476)
17-Feb-2025 01:20:48.267 WARNING [main] org.apache.catalina.loader.WebappClassLoaderBase.clearReferencesObjectStreamClassCaches Failed to clear soft references from ObjectStreamClass$Caches for web application [docs]
	java.lang.ClassCastException: class java.io.ObjectStreamClass$Caches$1 cannot be cast to class java.util.Map (java.io.ObjectStreamClass$Caches$1 and java.util.Map are in module java.base of loader 'bootstrap')
		at org.apache.catalina.loader.WebappClassLoaderBase.clearCache(WebappClassLoaderBase.java:2363)
		at org.apache.catalina.loader.WebappClassLoaderBase.clearReferencesObjectStreamClassCaches(WebappClassLoaderBase.java:2338)
		at org.apache.catalina.loader.WebappClassLoaderBase.clearReferences(WebappClassLoaderBase.java:1706)
		at org.apache.catalina.loader.WebappClassLoaderBase.stop(WebappClassLoaderBase.java:1634)
		at org.apache.catalina.loader.WebappLoader.stopInternal(WebappLoader.java:429)
		at org.apache.catalina.util.LifecycleBase.stop(LifecycleBase.java:257)
		at org.apache.catalina.core.StandardContext.stopInternal(StandardContext.java:5464)
		at org.apache.catalina.util.LifecycleBase.stop(LifecycleBase.java:257)
		at org.apache.catalina.core.ContainerBase$StopChild.call(ContainerBase.java:1412)
		at org.apache.catalina.core.ContainerBase$StopChild.call(ContainerBase.java:1401)
		at java.base/java.util.concurrent.FutureTask.run(FutureTask.java:264)
		at org.apache.tomcat.util.threads.InlineExecutorService.execute(InlineExecutorService.java:75)
		at java.base/java.util.concurrent.AbstractExecutorService.submit(AbstractExecutorService.java:140)
		at org.apache.catalina.core.ContainerBase.stopInternal(ContainerBase.java:986)
		at org.apache.catalina.util.LifecycleBase.stop(LifecycleBase.java:257)
		at org.apache.catalina.core.ContainerBase$StopChild.call(ContainerBase.java:1412)
		at org.apache.catalina.core.ContainerBase$StopChild.call(ContainerBase.java:1401)
		at java.base/java.util.concurrent.FutureTask.run(FutureTask.java:264)
		at org.apache.tomcat.util.threads.InlineExecutorService.execute(InlineExecutorService.java:75)
		at java.base/java.util.concurrent.AbstractExecutorService.submit(AbstractExecutorService.java:140)
		at org.apache.catalina.core.ContainerBase.stopInternal(ContainerBase.java:986)
		at org.apache.catalina.util.LifecycleBase.stop(LifecycleBase.java:257)
		at org.apache.catalina.core.StandardService.stopInternal(StandardService.java:497)
		at org.apache.catalina.util.LifecycleBase.stop(LifecycleBase.java:257)
		at org.apache.catalina.core.StandardServer.stopInternal(StandardServer.java:979)
		at org.apache.catalina.util.LifecycleBase.stop(LifecycleBase.java:257)
		at org.apache.catalina.startup.Catalina.stop(Catalina.java:872)
		at org.apache.catalina.startup.Catalina.start(Catalina.java:834)
		at java.base/jdk.internal.reflect.NativeMethodAccessorImpl.invoke0(Native Method)
		at java.base/jdk.internal.reflect.NativeMethodAccessorImpl.invoke(NativeMethodAccessorImpl.java:62)
		at java.base/jdk.internal.reflect.DelegatingMethodAccessorImpl.invoke(DelegatingMethodAccessorImpl.java:43)
		at java.base/java.lang.reflect.Method.invoke(Method.java:566)
		at org.apache.catalina.startup.Bootstrap.start(Bootstrap.java:345)
		at org.apache.catalina.startup.Bootstrap.main(Bootstrap.java:476)
17-Feb-2025 01:20:48.268 INFO [main] org.apache.coyote.AbstractProtocol.stop Stopping ProtocolHandler ["http-nio-8080"]
17-Feb-2025 01:20:48.315 INFO [main] org.apache.coyote.AbstractProtocol.destroy Destroying ProtocolHandler ["http-nio-8080"]
17-Feb-2025 01:20:48.751 INFO [main] org.apache.catalina.startup.VersionLoggerListener.log Server version name:   Apache Tomcat/10.0.10
17-Feb-2025 01:20:48.755 INFO [main] org.apache.catalina.startup.VersionLoggerListener.log Server built:          Jul 30 2021 09:51:27 UTC
17-Feb-2025 01:20:48.755 INFO [main] org.apache.catalina.startup.VersionLoggerListener.log Server version number: 10.0.10.0
17-Feb-2025 01:20:48.755 INFO [main] org.apache.catalina.startup.VersionLoggerListener.log OS Name:               Linux
17-Feb-2025 01:20:48.755 INFO [main] org.apache.catalina.startup.VersionLoggerListener.log OS Version:            5.15.0-92-generic
17-Feb-2025 01:20:48.756 INFO [main] org.apache.catalina.startup.VersionLoggerListener.log Architecture:          amd64
17-Feb-2025 01:20:48.756 INFO [main] org.apache.catalina.startup.VersionLoggerListener.log Java Home:             /usr/lib/jvm/java-11-openjdk-amd64
17-Feb-2025 01:20:48.756 INFO [main] org.apache.catalina.startup.VersionLoggerListener.log JVM Version:           11.0.26+4-post-Ubuntu-1ubuntu122.04
17-Feb-2025 01:20:48.756 INFO [main] org.apache.catalina.startup.VersionLoggerListener.log JVM Vendor:            Ubuntu
17-Feb-2025 01:20:48.757 INFO [main] org.apache.catalina.startup.VersionLoggerListener.log CATALINA_BASE:         /home/alumne/proj/FIB-PTI/servlets/apache-tomcat-10.0.10
17-Feb-2025 01:20:48.757 INFO [main] org.apache.catalina.startup.VersionLoggerListener.log CATALINA_HOME:         /home/alumne/proj/FIB-PTI/servlets/apache-tomcat-10.0.10
17-Feb-2025 01:20:48.768 INFO [main] org.apache.catalina.startup.VersionLoggerListener.log Command line argument: --add-opens=java.base/java.lang=ALL-UNNAMED
17-Feb-2025 01:20:48.769 INFO [main] org.apache.catalina.startup.VersionLoggerListener.log Command line argument: --add-opens=java.base/java.io=ALL-UNNAMED
17-Feb-2025 01:20:48.769 INFO [main] org.apache.catalina.startup.VersionLoggerListener.log Command line argument: --add-opens=java.base/java.util=ALL-UNNAMED
17-Feb-2025 01:20:48.769 INFO [main] org.apache.catalina.startup.VersionLoggerListener.log Command line argument: --add-opens=java.base/java.util.concurrent=ALL-UNNAMED
17-Feb-2025 01:20:48.769 INFO [main] org.apache.catalina.startup.VersionLoggerListener.log Command line argument: --add-opens=java.rmi/sun.rmi.transport=ALL-UNNAMED
17-Feb-2025 01:20:48.769 INFO [main] org.apache.catalina.startup.VersionLoggerListener.log Command line argument: -Djava.util.logging.config.file=/home/alumne/proj/FIB-PTI/servlets/apache-tomcat-10.0.10/conf/logging.properties
17-Feb-2025 01:20:48.769 INFO [main] org.apache.catalina.startup.VersionLoggerListener.log Command line argument: -Djava.util.logging.manager=org.apache.juli.ClassLoaderLogManager
17-Feb-2025 01:20:48.769 INFO [main] org.apache.catalina.startup.VersionLoggerListener.log Command line argument: -Djdk.tls.ephemeralDHKeySize=2048
17-Feb-2025 01:20:48.769 INFO [main] org.apache.catalina.startup.VersionLoggerListener.log Command line argument: -Djava.protocol.handler.pkgs=org.apache.catalina.webresources
17-Feb-2025 01:20:48.769 INFO [main] org.apache.catalina.startup.VersionLoggerListener.log Command line argument: -Dorg.apache.catalina.security.SecurityListener.UMASK=0027
17-Feb-2025 01:20:48.769 INFO [main] org.apache.catalina.startup.VersionLoggerListener.log Command line argument: -Dignore.endorsed.dirs=
17-Feb-2025 01:20:48.769 INFO [main] org.apache.catalina.startup.VersionLoggerListener.log Command line argument: -Dcatalina.base=/home/alumne/proj/FIB-PTI/servlets/apache-tomcat-10.0.10
17-Feb-2025 01:20:48.769 INFO [main] org.apache.catalina.startup.VersionLoggerListener.log Command line argument: -Dcatalina.home=/home/alumne/proj/FIB-PTI/servlets/apache-tomcat-10.0.10
17-Feb-2025 01:20:48.770 INFO [main] org.apache.catalina.startup.VersionLoggerListener.log Command line argument: -Djava.io.tmpdir=/home/alumne/proj/FIB-PTI/servlets/apache-tomcat-10.0.10/temp
17-Feb-2025 01:20:48.771 INFO [main] org.apache.catalina.core.AprLifecycleListener.lifecycleEvent The Apache Tomcat Native library which allows using OpenSSL was not found on the java.library.path: [/home/alumne/catkin_ws/devel/lib:/opt/ros/noetic/lib:/tmp/.mount_cursora60JV6/usr/lib:/usr/java/packages/lib:/usr/lib/x86_64-linux-gnu/jni:/lib/x86_64-linux-gnu:/usr/lib/x86_64-linux-gnu:/usr/lib/jni:/lib:/usr/lib]
17-Feb-2025 01:20:49.056 INFO [main] org.apache.coyote.AbstractProtocol.init Initializing ProtocolHandler ["http-nio-8080"]
17-Feb-2025 01:20:49.082 INFO [main] org.apache.catalina.startup.Catalina.load Server initialization in [485] milliseconds
17-Feb-2025 01:20:49.177 INFO [main] org.apache.catalina.core.StandardService.startInternal Starting service [Catalina]
17-Feb-2025 01:20:49.177 INFO [main] org.apache.catalina.core.StandardEngine.startInternal Starting Servlet engine: [Apache Tomcat/10.0.10]
17-Feb-2025 01:20:49.182 INFO [main] org.apache.catalina.startup.HostConfig.deployDirectory Deploying web application directory [/home/alumne/proj/FIB-PTI/servlets/apache-tomcat-10.0.10/webapps/host-manager]
17-Feb-2025 01:20:49.498 INFO [main] org.apache.jasper.servlet.TldScanner.scanJars At least one JAR was scanned for TLDs yet contained no TLDs. Enable debug logging for this logger for a complete list of JARs that were scanned but no TLDs were found in them. Skipping unneeded JARs during scanning can improve startup time and JSP compilation time.
17-Feb-2025 01:20:49.537 INFO [main] org.apache.catalina.startup.HostConfig.deployDirectory Deployment of web application directory [/home/alumne/proj/FIB-PTI/servlets/apache-tomcat-10.0.10/webapps/host-manager] has finished in [355] ms
17-Feb-2025 01:20:49.538 INFO [main] org.apache.catalina.startup.HostConfig.deployDirectory Deploying web application directory [/home/alumne/proj/FIB-PTI/servlets/apache-tomcat-10.0.10/webapps/ROOT]
17-Feb-2025 01:20:49.599 INFO [main] org.apache.jasper.servlet.TldScanner.scanJars At least one JAR was scanned for TLDs yet contained no TLDs. Enable debug logging for this logger for a complete list of JARs that were scanned but no TLDs were found in them. Skipping unneeded JARs during scanning can improve startup time and JSP compilation time.
17-Feb-2025 01:20:49.615 INFO [main] org.apache.catalina.startup.HostConfig.deployDirectory Deployment of web application directory [/home/alumne/proj/FIB-PTI/servlets/apache-tomcat-10.0.10/webapps/ROOT] has finished in [76] ms
17-Feb-2025 01:20:49.616 INFO [main] org.apache.catalina.startup.HostConfig.deployDirectory Deploying web application directory [/home/alumne/proj/FIB-PTI/servlets/apache-tomcat-10.0.10/webapps/my_webapp]
17-Feb-2025 01:20:49.736 INFO [main] org.apache.jasper.servlet.TldScanner.scanJars At least one JAR was scanned for TLDs yet contained no TLDs. Enable debug logging for this logger for a complete list of JARs that were scanned but no TLDs were found in them. Skipping unneeded JARs during scanning can improve startup time and JSP compilation time.
17-Feb-2025 01:20:49.747 INFO [main] org.apache.catalina.startup.HostConfig.deployDirectory Deployment of web application directory [/home/alumne/proj/FIB-PTI/servlets/apache-tomcat-10.0.10/webapps/my_webapp] has finished in [131] ms
17-Feb-2025 01:20:49.747 INFO [main] org.apache.catalina.startup.HostConfig.deployDirectory Deploying web application directory [/home/alumne/proj/FIB-PTI/servlets/apache-tomcat-10.0.10/webapps/manager]
17-Feb-2025 01:20:49.814 INFO [main] org.apache.jasper.servlet.TldScanner.scanJars At least one JAR was scanned for TLDs yet contained no TLDs. Enable debug logging for this logger for a complete list of JARs that were scanned but no TLDs were found in them. Skipping unneeded JARs during scanning can improve startup time and JSP compilation time.
17-Feb-2025 01:20:49.816 INFO [main] org.apache.catalina.startup.HostConfig.deployDirectory Deployment of web application directory [/home/alumne/proj/FIB-PTI/servlets/apache-tomcat-10.0.10/webapps/manager] has finished in [69] ms
17-Feb-2025 01:20:49.816 INFO [main] org.apache.catalina.startup.HostConfig.deployDirectory Deploying web application directory [/home/alumne/proj/FIB-PTI/servlets/apache-tomcat-10.0.10/webapps/docs]
17-Feb-2025 01:20:49.839 INFO [main] org.apache.jasper.servlet.TldScanner.scanJars At least one JAR was scanned for TLDs yet contained no TLDs. Enable debug logging for this logger for a complete list of JARs that were scanned but no TLDs were found in them. Skipping unneeded JARs during scanning can improve startup time and JSP compilation time.
17-Feb-2025 01:20:49.841 INFO [main] org.apache.catalina.startup.HostConfig.deployDirectory Deployment of web application directory [/home/alumne/proj/FIB-PTI/servlets/apache-tomcat-10.0.10/webapps/docs] has finished in [25] ms
17-Feb-2025 01:20:49.843 INFO [main] org.apache.catalina.startup.HostConfig.deployDirectory Deploying web application directory [/home/alumne/proj/FIB-PTI/servlets/apache-tomcat-10.0.10/webapps/examples]
17-Feb-2025 01:20:50.013 INFO [main] org.apache.jasper.servlet.TldScanner.scanJars At least one JAR was scanned for TLDs yet contained no TLDs. Enable debug logging for this logger for a complete list of JARs that were scanned but no TLDs were found in them. Skipping unneeded JARs during scanning can improve startup time and JSP compilation time.
17-Feb-2025 01:20:50.027 INFO [main] org.apache.catalina.startup.HostConfig.deployDirectory Deployment of web application directory [/home/alumne/proj/FIB-PTI/servlets/apache-tomcat-10.0.10/webapps/examples] has finished in [184] ms
17-Feb-2025 01:20:50.059 INFO [main] org.apache.coyote.AbstractProtocol.start Starting ProtocolHandler ["http-nio-8080"]
17-Feb-2025 01:20:50.093 INFO [main] org.apache.catalina.startup.Catalina.start Server startup in [1010] milliseconds
17-Feb-2025 01:22:11.206 INFO [main] org.apache.catalina.core.StandardServer.await A valid shutdown command was received via the shutdown port. Stopping the Server instance.
17-Feb-2025 01:22:11.207 INFO [main] org.apache.coyote.AbstractProtocol.pause Pausing ProtocolHandler ["http-nio-8080"]
17-Feb-2025 01:22:11.224 INFO [main] org.apache.catalina.core.StandardService.stopInternal Stopping service [Catalina]
17-Feb-2025 01:22:11.233 WARNING [main] org.apache.catalina.loader.WebappClassLoaderBase.clearReferencesObjectStreamClassCaches Failed to clear soft references from ObjectStreamClass$Caches for web application [ROOT]
	java.lang.ClassCastException: class java.io.ObjectStreamClass$Caches$1 cannot be cast to class java.util.Map (java.io.ObjectStreamClass$Caches$1 and java.util.Map are in module java.base of loader 'bootstrap')
		at org.apache.catalina.loader.WebappClassLoaderBase.clearCache(WebappClassLoaderBase.java:2363)
		at org.apache.catalina.loader.WebappClassLoaderBase.clearReferencesObjectStreamClassCaches(WebappClassLoaderBase.java:2338)
		at org.apache.catalina.loader.WebappClassLoaderBase.clearReferences(WebappClassLoaderBase.java:1706)
		at org.apache.catalina.loader.WebappClassLoaderBase.stop(WebappClassLoaderBase.java:1634)
		at org.apache.catalina.loader.WebappLoader.stopInternal(WebappLoader.java:429)
		at org.apache.catalina.util.LifecycleBase.stop(LifecycleBase.java:257)
		at org.apache.catalina.core.StandardContext.stopInternal(StandardContext.java:5464)
		at org.apache.catalina.util.LifecycleBase.stop(LifecycleBase.java:257)
		at org.apache.catalina.core.ContainerBase$StopChild.call(ContainerBase.java:1412)
		at org.apache.catalina.core.ContainerBase$StopChild.call(ContainerBase.java:1401)
		at java.base/java.util.concurrent.FutureTask.run(FutureTask.java:264)
		at org.apache.tomcat.util.threads.InlineExecutorService.execute(InlineExecutorService.java:75)
		at java.base/java.util.concurrent.AbstractExecutorService.submit(AbstractExecutorService.java:140)
		at org.apache.catalina.core.ContainerBase.stopInternal(ContainerBase.java:986)
		at org.apache.catalina.util.LifecycleBase.stop(LifecycleBase.java:257)
		at org.apache.catalina.core.ContainerBase$StopChild.call(ContainerBase.java:1412)
		at org.apache.catalina.core.ContainerBase$StopChild.call(ContainerBase.java:1401)
		at java.base/java.util.concurrent.FutureTask.run(FutureTask.java:264)
		at org.apache.tomcat.util.threads.InlineExecutorService.execute(InlineExecutorService.java:75)
		at java.base/java.util.concurrent.AbstractExecutorService.submit(AbstractExecutorService.java:140)
		at org.apache.catalina.core.ContainerBase.stopInternal(ContainerBase.java:986)
		at org.apache.catalina.util.LifecycleBase.stop(LifecycleBase.java:257)
		at org.apache.catalina.core.StandardService.stopInternal(StandardService.java:497)
		at org.apache.catalina.util.LifecycleBase.stop(LifecycleBase.java:257)
		at org.apache.catalina.core.StandardServer.stopInternal(StandardServer.java:979)
		at org.apache.catalina.util.LifecycleBase.stop(LifecycleBase.java:257)
		at org.apache.catalina.startup.Catalina.stop(Catalina.java:872)
		at org.apache.catalina.startup.Catalina.start(Catalina.java:834)
		at java.base/jdk.internal.reflect.NativeMethodAccessorImpl.invoke0(Native Method)
		at java.base/jdk.internal.reflect.NativeMethodAccessorImpl.invoke(NativeMethodAccessorImpl.java:62)
		at java.base/jdk.internal.reflect.DelegatingMethodAccessorImpl.invoke(DelegatingMethodAccessorImpl.java:43)
		at java.base/java.lang.reflect.Method.invoke(Method.java:566)
		at org.apache.catalina.startup.Bootstrap.start(Bootstrap.java:345)
		at org.apache.catalina.startup.Bootstrap.main(Bootstrap.java:476)
17-Feb-2025 01:22:11.253 WARNING [main] org.apache.catalina.loader.WebappClassLoaderBase.clearReferencesObjectStreamClassCaches Failed to clear soft references from ObjectStreamClass$Caches for web application [examples]
	java.lang.ClassCastException: class java.io.ObjectStreamClass$Caches$1 cannot be cast to class java.util.Map (java.io.ObjectStreamClass$Caches$1 and java.util.Map are in module java.base of loader 'bootstrap')
		at org.apache.catalina.loader.WebappClassLoaderBase.clearCache(WebappClassLoaderBase.java:2363)
		at org.apache.catalina.loader.WebappClassLoaderBase.clearReferencesObjectStreamClassCaches(WebappClassLoaderBase.java:2338)
		at org.apache.catalina.loader.WebappClassLoaderBase.clearReferences(WebappClassLoaderBase.java:1706)
		at org.apache.catalina.loader.WebappClassLoaderBase.stop(WebappClassLoaderBase.java:1634)
		at org.apache.catalina.loader.WebappLoader.stopInternal(WebappLoader.java:429)
		at org.apache.catalina.util.LifecycleBase.stop(LifecycleBase.java:257)
		at org.apache.catalina.core.StandardContext.stopInternal(StandardContext.java:5464)
		at org.apache.catalina.util.LifecycleBase.stop(LifecycleBase.java:257)
		at org.apache.catalina.core.ContainerBase$StopChild.call(ContainerBase.java:1412)
		at org.apache.catalina.core.ContainerBase$StopChild.call(ContainerBase.java:1401)
		at java.base/java.util.concurrent.FutureTask.run(FutureTask.java:264)
		at org.apache.tomcat.util.threads.InlineExecutorService.execute(InlineExecutorService.java:75)
		at java.base/java.util.concurrent.AbstractExecutorService.submit(AbstractExecutorService.java:140)
		at org.apache.catalina.core.ContainerBase.stopInternal(ContainerBase.java:986)
		at org.apache.catalina.util.LifecycleBase.stop(LifecycleBase.java:257)
		at org.apache.catalina.core.ContainerBase$StopChild.call(ContainerBase.java:1412)
		at org.apache.catalina.core.ContainerBase$StopChild.call(ContainerBase.java:1401)
		at java.base/java.util.concurrent.FutureTask.run(FutureTask.java:264)
		at org.apache.tomcat.util.threads.InlineExecutorService.execute(InlineExecutorService.java:75)
		at java.base/java.util.concurrent.AbstractExecutorService.submit(AbstractExecutorService.java:140)
		at org.apache.catalina.core.ContainerBase.stopInternal(ContainerBase.java:986)
		at org.apache.catalina.util.LifecycleBase.stop(LifecycleBase.java:257)
		at org.apache.catalina.core.StandardService.stopInternal(StandardService.java:497)
		at org.apache.catalina.util.LifecycleBase.stop(LifecycleBase.java:257)
		at org.apache.catalina.core.StandardServer.stopInternal(StandardServer.java:979)
		at org.apache.catalina.util.LifecycleBase.stop(LifecycleBase.java:257)
		at org.apache.catalina.startup.Catalina.stop(Catalina.java:872)
		at org.apache.catalina.startup.Catalina.start(Catalina.java:834)
		at java.base/jdk.internal.reflect.NativeMethodAccessorImpl.invoke0(Native Method)
		at java.base/jdk.internal.reflect.NativeMethodAccessorImpl.invoke(NativeMethodAccessorImpl.java:62)
		at java.base/jdk.internal.reflect.DelegatingMethodAccessorImpl.invoke(DelegatingMethodAccessorImpl.java:43)
		at java.base/java.lang.reflect.Method.invoke(Method.java:566)
		at org.apache.catalina.startup.Bootstrap.start(Bootstrap.java:345)
		at org.apache.catalina.startup.Bootstrap.main(Bootstrap.java:476)
17-Feb-2025 01:22:11.261 WARNING [main] org.apache.catalina.loader.WebappClassLoaderBase.clearReferencesObjectStreamClassCaches Failed to clear soft references from ObjectStreamClass$Caches for web application [host-manager]
	java.lang.ClassCastException: class java.io.ObjectStreamClass$Caches$1 cannot be cast to class java.util.Map (java.io.ObjectStreamClass$Caches$1 and java.util.Map are in module java.base of loader 'bootstrap')
		at org.apache.catalina.loader.WebappClassLoaderBase.clearCache(WebappClassLoaderBase.java:2363)
		at org.apache.catalina.loader.WebappClassLoaderBase.clearReferencesObjectStreamClassCaches(WebappClassLoaderBase.java:2338)
		at org.apache.catalina.loader.WebappClassLoaderBase.clearReferences(WebappClassLoaderBase.java:1706)
		at org.apache.catalina.loader.WebappClassLoaderBase.stop(WebappClassLoaderBase.java:1634)
		at org.apache.catalina.loader.WebappLoader.stopInternal(WebappLoader.java:429)
		at org.apache.catalina.util.LifecycleBase.stop(LifecycleBase.java:257)
		at org.apache.catalina.core.StandardContext.stopInternal(StandardContext.java:5464)
		at org.apache.catalina.util.LifecycleBase.stop(LifecycleBase.java:257)
		at org.apache.catalina.core.ContainerBase$StopChild.call(ContainerBase.java:1412)
		at org.apache.catalina.core.ContainerBase$StopChild.call(ContainerBase.java:1401)
		at java.base/java.util.concurrent.FutureTask.run(FutureTask.java:264)
		at org.apache.tomcat.util.threads.InlineExecutorService.execute(InlineExecutorService.java:75)
		at java.base/java.util.concurrent.AbstractExecutorService.submit(AbstractExecutorService.java:140)
		at org.apache.catalina.core.ContainerBase.stopInternal(ContainerBase.java:986)
		at org.apache.catalina.util.LifecycleBase.stop(LifecycleBase.java:257)
		at org.apache.catalina.core.ContainerBase$StopChild.call(ContainerBase.java:1412)
		at org.apache.catalina.core.ContainerBase$StopChild.call(ContainerBase.java:1401)
		at java.base/java.util.concurrent.FutureTask.run(FutureTask.java:264)
		at org.apache.tomcat.util.threads.InlineExecutorService.execute(InlineExecutorService.java:75)
		at java.base/java.util.concurrent.AbstractExecutorService.submit(AbstractExecutorService.java:140)
		at org.apache.catalina.core.ContainerBase.stopInternal(ContainerBase.java:986)
		at org.apache.catalina.util.LifecycleBase.stop(LifecycleBase.java:257)
		at org.apache.catalina.core.StandardService.stopInternal(StandardService.java:497)
		at org.apache.catalina.util.LifecycleBase.stop(LifecycleBase.java:257)
		at org.apache.catalina.core.StandardServer.stopInternal(StandardServer.java:979)
		at org.apache.catalina.util.LifecycleBase.stop(LifecycleBase.java:257)
		at org.apache.catalina.startup.Catalina.stop(Catalina.java:872)
		at org.apache.catalina.startup.Catalina.start(Catalina.java:834)
		at java.base/jdk.internal.reflect.NativeMethodAccessorImpl.invoke0(Native Method)
		at java.base/jdk.internal.reflect.NativeMethodAccessorImpl.invoke(NativeMethodAccessorImpl.java:62)
		at java.base/jdk.internal.reflect.DelegatingMethodAccessorImpl.invoke(DelegatingMethodAccessorImpl.java:43)
		at java.base/java.lang.reflect.Method.invoke(Method.java:566)
		at org.apache.catalina.startup.Bootstrap.start(Bootstrap.java:345)
		at org.apache.catalina.startup.Bootstrap.main(Bootstrap.java:476)
17-Feb-2025 01:22:11.269 WARNING [main] org.apache.catalina.loader.WebappClassLoaderBase.clearReferencesObjectStreamClassCaches Failed to clear soft references from ObjectStreamClass$Caches for web application [my_webapp]
	java.lang.ClassCastException: class java.io.ObjectStreamClass$Caches$1 cannot be cast to class java.util.Map (java.io.ObjectStreamClass$Caches$1 and java.util.Map are in module java.base of loader 'bootstrap')
		at org.apache.catalina.loader.WebappClassLoaderBase.clearCache(WebappClassLoaderBase.java:2363)
		at org.apache.catalina.loader.WebappClassLoaderBase.clearReferencesObjectStreamClassCaches(WebappClassLoaderBase.java:2338)
		at org.apache.catalina.loader.WebappClassLoaderBase.clearReferences(WebappClassLoaderBase.java:1706)
		at org.apache.catalina.loader.WebappClassLoaderBase.stop(WebappClassLoaderBase.java:1634)
		at org.apache.catalina.loader.WebappLoader.stopInternal(WebappLoader.java:429)
		at org.apache.catalina.util.LifecycleBase.stop(LifecycleBase.java:257)
		at org.apache.catalina.core.StandardContext.stopInternal(StandardContext.java:5464)
		at org.apache.catalina.util.LifecycleBase.stop(LifecycleBase.java:257)
		at org.apache.catalina.core.ContainerBase$StopChild.call(ContainerBase.java:1412)
		at org.apache.catalina.core.ContainerBase$StopChild.call(ContainerBase.java:1401)
		at java.base/java.util.concurrent.FutureTask.run(FutureTask.java:264)
		at org.apache.tomcat.util.threads.InlineExecutorService.execute(InlineExecutorService.java:75)
		at java.base/java.util.concurrent.AbstractExecutorService.submit(AbstractExecutorService.java:140)
		at org.apache.catalina.core.ContainerBase.stopInternal(ContainerBase.java:986)
		at org.apache.catalina.util.LifecycleBase.stop(LifecycleBase.java:257)
		at org.apache.catalina.core.ContainerBase$StopChild.call(ContainerBase.java:1412)
		at org.apache.catalina.core.ContainerBase$StopChild.call(ContainerBase.java:1401)
		at java.base/java.util.concurrent.FutureTask.run(FutureTask.java:264)
		at org.apache.tomcat.util.threads.InlineExecutorService.execute(InlineExecutorService.java:75)
		at java.base/java.util.concurrent.AbstractExecutorService.submit(AbstractExecutorService.java:140)
		at org.apache.catalina.core.ContainerBase.stopInternal(ContainerBase.java:986)
		at org.apache.catalina.util.LifecycleBase.stop(LifecycleBase.java:257)
		at org.apache.catalina.core.StandardService.stopInternal(StandardService.java:497)
		at org.apache.catalina.util.LifecycleBase.stop(LifecycleBase.java:257)
		at org.apache.catalina.core.StandardServer.stopInternal(StandardServer.java:979)
		at org.apache.catalina.util.LifecycleBase.stop(LifecycleBase.java:257)
		at org.apache.catalina.startup.Catalina.stop(Catalina.java:872)
		at org.apache.catalina.startup.Catalina.start(Catalina.java:834)
		at java.base/jdk.internal.reflect.NativeMethodAccessorImpl.invoke0(Native Method)
		at java.base/jdk.internal.reflect.NativeMethodAccessorImpl.invoke(NativeMethodAccessorImpl.java:62)
		at java.base/jdk.internal.reflect.DelegatingMethodAccessorImpl.invoke(DelegatingMethodAccessorImpl.java:43)
		at java.base/java.lang.reflect.Method.invoke(Method.java:566)
		at org.apache.catalina.startup.Bootstrap.start(Bootstrap.java:345)
		at org.apache.catalina.startup.Bootstrap.main(Bootstrap.java:476)
17-Feb-2025 01:22:11.274 WARNING [main] org.apache.catalina.loader.WebappClassLoaderBase.clearReferencesObjectStreamClassCaches Failed to clear soft references from ObjectStreamClass$Caches for web application [manager]
	java.lang.ClassCastException: class java.io.ObjectStreamClass$Caches$1 cannot be cast to class java.util.Map (java.io.ObjectStreamClass$Caches$1 and java.util.Map are in module java.base of loader 'bootstrap')
		at org.apache.catalina.loader.WebappClassLoaderBase.clearCache(WebappClassLoaderBase.java:2363)
		at org.apache.catalina.loader.WebappClassLoaderBase.clearReferencesObjectStreamClassCaches(WebappClassLoaderBase.java:2338)
		at org.apache.catalina.loader.WebappClassLoaderBase.clearReferences(WebappClassLoaderBase.java:1706)
		at org.apache.catalina.loader.WebappClassLoaderBase.stop(WebappClassLoaderBase.java:1634)
		at org.apache.catalina.loader.WebappLoader.stopInternal(WebappLoader.java:429)
		at org.apache.catalina.util.LifecycleBase.stop(LifecycleBase.java:257)
		at org.apache.catalina.core.StandardContext.stopInternal(StandardContext.java:5464)
		at org.apache.catalina.util.LifecycleBase.stop(LifecycleBase.java:257)
		at org.apache.catalina.core.ContainerBase$StopChild.call(ContainerBase.java:1412)
		at org.apache.catalina.core.ContainerBase$StopChild.call(ContainerBase.java:1401)
		at java.base/java.util.concurrent.FutureTask.run(FutureTask.java:264)
		at org.apache.tomcat.util.threads.InlineExecutorService.execute(InlineExecutorService.java:75)
		at java.base/java.util.concurrent.AbstractExecutorService.submit(AbstractExecutorService.java:140)
		at org.apache.catalina.core.ContainerBase.stopInternal(ContainerBase.java:986)
		at org.apache.catalina.util.LifecycleBase.stop(LifecycleBase.java:257)
		at org.apache.catalina.core.ContainerBase$StopChild.call(ContainerBase.java:1412)
		at org.apache.catalina.core.ContainerBase$StopChild.call(ContainerBase.java:1401)
		at java.base/java.util.concurrent.FutureTask.run(FutureTask.java:264)
		at org.apache.tomcat.util.threads.InlineExecutorService.execute(InlineExecutorService.java:75)
		at java.base/java.util.concurrent.AbstractExecutorService.submit(AbstractExecutorService.java:140)
		at org.apache.catalina.core.ContainerBase.stopInternal(ContainerBase.java:986)
		at org.apache.catalina.util.LifecycleBase.stop(LifecycleBase.java:257)
		at org.apache.catalina.core.StandardService.stopInternal(StandardService.java:497)
		at org.apache.catalina.util.LifecycleBase.stop(LifecycleBase.java:257)
		at org.apache.catalina.core.StandardServer.stopInternal(StandardServer.java:979)
		at org.apache.catalina.util.LifecycleBase.stop(LifecycleBase.java:257)
		at org.apache.catalina.startup.Catalina.stop(Catalina.java:872)
		at org.apache.catalina.startup.Catalina.start(Catalina.java:834)
		at java.base/jdk.internal.reflect.NativeMethodAccessorImpl.invoke0(Native Method)
		at java.base/jdk.internal.reflect.NativeMethodAccessorImpl.invoke(NativeMethodAccessorImpl.java:62)
		at java.base/jdk.internal.reflect.DelegatingMethodAccessorImpl.invoke(DelegatingMethodAccessorImpl.java:43)
		at java.base/java.lang.reflect.Method.invoke(Method.java:566)
		at org.apache.catalina.startup.Bootstrap.start(Bootstrap.java:345)
		at org.apache.catalina.startup.Bootstrap.main(Bootstrap.java:476)
17-Feb-2025 01:22:11.276 WARNING [main] org.apache.catalina.loader.WebappClassLoaderBase.clearReferencesObjectStreamClassCaches Failed to clear soft references from ObjectStreamClass$Caches for web application [docs]
	java.lang.ClassCastException: class java.io.ObjectStreamClass$Caches$1 cannot be cast to class java.util.Map (java.io.ObjectStreamClass$Caches$1 and java.util.Map are in module java.base of loader 'bootstrap')
		at org.apache.catalina.loader.WebappClassLoaderBase.clearCache(WebappClassLoaderBase.java:2363)
		at org.apache.catalina.loader.WebappClassLoaderBase.clearReferencesObjectStreamClassCaches(WebappClassLoaderBase.java:2338)
		at org.apache.catalina.loader.WebappClassLoaderBase.clearReferences(WebappClassLoaderBase.java:1706)
		at org.apache.catalina.loader.WebappClassLoaderBase.stop(WebappClassLoaderBase.java:1634)
		at org.apache.catalina.loader.WebappLoader.stopInternal(WebappLoader.java:429)
		at org.apache.catalina.util.LifecycleBase.stop(LifecycleBase.java:257)
		at org.apache.catalina.core.StandardContext.stopInternal(StandardContext.java:5464)
		at org.apache.catalina.util.LifecycleBase.stop(LifecycleBase.java:257)
		at org.apache.catalina.core.ContainerBase$StopChild.call(ContainerBase.java:1412)
		at org.apache.catalina.core.ContainerBase$StopChild.call(ContainerBase.java:1401)
		at java.base/java.util.concurrent.FutureTask.run(FutureTask.java:264)
		at org.apache.tomcat.util.threads.InlineExecutorService.execute(InlineExecutorService.java:75)
		at java.base/java.util.concurrent.AbstractExecutorService.submit(AbstractExecutorService.java:140)
		at org.apache.catalina.core.ContainerBase.stopInternal(ContainerBase.java:986)
		at org.apache.catalina.util.LifecycleBase.stop(LifecycleBase.java:257)
		at org.apache.catalina.core.ContainerBase$StopChild.call(ContainerBase.java:1412)
		at org.apache.catalina.core.ContainerBase$StopChild.call(ContainerBase.java:1401)
		at java.base/java.util.concurrent.FutureTask.run(FutureTask.java:264)
		at org.apache.tomcat.util.threads.InlineExecutorService.execute(InlineExecutorService.java:75)
		at java.base/java.util.concurrent.AbstractExecutorService.submit(AbstractExecutorService.java:140)
		at org.apache.catalina.core.ContainerBase.stopInternal(ContainerBase.java:986)
		at org.apache.catalina.util.LifecycleBase.stop(LifecycleBase.java:257)
		at org.apache.catalina.core.StandardService.stopInternal(StandardService.java:497)
		at org.apache.catalina.util.LifecycleBase.stop(LifecycleBase.java:257)
		at org.apache.catalina.core.StandardServer.stopInternal(StandardServer.java:979)
		at org.apache.catalina.util.LifecycleBase.stop(LifecycleBase.java:257)
		at org.apache.catalina.startup.Catalina.stop(Catalina.java:872)
		at org.apache.catalina.startup.Catalina.start(Catalina.java:834)
		at java.base/jdk.internal.reflect.NativeMethodAccessorImpl.invoke0(Native Method)
		at java.base/jdk.internal.reflect.NativeMethodAccessorImpl.invoke(NativeMethodAccessorImpl.java:62)
		at java.base/jdk.internal.reflect.DelegatingMethodAccessorImpl.invoke(DelegatingMethodAccessorImpl.java:43)
		at java.base/java.lang.reflect.Method.invoke(Method.java:566)
		at org.apache.catalina.startup.Bootstrap.start(Bootstrap.java:345)
		at org.apache.catalina.startup.Bootstrap.main(Bootstrap.java:476)
17-Feb-2025 01:22:11.277 INFO [main] org.apache.coyote.AbstractProtocol.stop Stopping ProtocolHandler ["http-nio-8080"]
17-Feb-2025 01:22:11.569 INFO [main] org.apache.coyote.AbstractProtocol.destroy Destroying ProtocolHandler ["http-nio-8080"]
17-Feb-2025 01:22:12.284 INFO [main] org.apache.catalina.startup.VersionLoggerListener.log Server version name:   Apache Tomcat/10.0.10
17-Feb-2025 01:22:12.367 INFO [main] org.apache.catalina.startup.VersionLoggerListener.log Server built:          Jul 30 2021 09:51:27 UTC
17-Feb-2025 01:22:12.367 INFO [main] org.apache.catalina.startup.VersionLoggerListener.log Server version number: 10.0.10.0
17-Feb-2025 01:22:12.367 INFO [main] org.apache.catalina.startup.VersionLoggerListener.log OS Name:               Linux
17-Feb-2025 01:22:12.368 INFO [main] org.apache.catalina.startup.VersionLoggerListener.log OS Version:            5.15.0-92-generic
17-Feb-2025 01:22:12.368 INFO [main] org.apache.catalina.startup.VersionLoggerListener.log Architecture:          amd64
17-Feb-2025 01:22:12.368 INFO [main] org.apache.catalina.startup.VersionLoggerListener.log Java Home:             /usr/lib/jvm/java-11-openjdk-amd64
17-Feb-2025 01:22:12.368 INFO [main] org.apache.catalina.startup.VersionLoggerListener.log JVM Version:           11.0.26+4-post-Ubuntu-1ubuntu122.04
17-Feb-2025 01:22:12.368 INFO [main] org.apache.catalina.startup.VersionLoggerListener.log JVM Vendor:            Ubuntu
17-Feb-2025 01:22:12.368 INFO [main] org.apache.catalina.startup.VersionLoggerListener.log CATALINA_BASE:         /home/alumne/proj/FIB-PTI/servlets/apache-tomcat-10.0.10
17-Feb-2025 01:22:12.369 INFO [main] org.apache.catalina.startup.VersionLoggerListener.log CATALINA_HOME:         /home/alumne/proj/FIB-PTI/servlets/apache-tomcat-10.0.10
17-Feb-2025 01:22:12.400 INFO [main] org.apache.catalina.startup.VersionLoggerListener.log Command line argument: --add-opens=java.base/java.lang=ALL-UNNAMED
17-Feb-2025 01:22:12.400 INFO [main] org.apache.catalina.startup.VersionLoggerListener.log Command line argument: --add-opens=java.base/java.io=ALL-UNNAMED
17-Feb-2025 01:22:12.400 INFO [main] org.apache.catalina.startup.VersionLoggerListener.log Command line argument: --add-opens=java.base/java.util=ALL-UNNAMED
17-Feb-2025 01:22:12.400 INFO [main] org.apache.catalina.startup.VersionLoggerListener.log Command line argument: --add-opens=java.base/java.util.concurrent=ALL-UNNAMED
17-Feb-2025 01:22:12.400 INFO [main] org.apache.catalina.startup.VersionLoggerListener.log Command line argument: --add-opens=java.rmi/sun.rmi.transport=ALL-UNNAMED
17-Feb-2025 01:22:12.400 INFO [main] org.apache.catalina.startup.VersionLoggerListener.log Command line argument: -Djava.util.logging.config.file=/home/alumne/proj/FIB-PTI/servlets/apache-tomcat-10.0.10/conf/logging.properties
17-Feb-2025 01:22:12.401 INFO [main] org.apache.catalina.startup.VersionLoggerListener.log Command line argument: -Djava.util.logging.manager=org.apache.juli.ClassLoaderLogManager
17-Feb-2025 01:22:12.403 INFO [main] org.apache.catalina.startup.VersionLoggerListener.log Command line argument: -Djdk.tls.ephemeralDHKeySize=2048
17-Feb-2025 01:22:12.403 INFO [main] org.apache.catalina.startup.VersionLoggerListener.log Command line argument: -Djava.protocol.handler.pkgs=org.apache.catalina.webresources
17-Feb-2025 01:22:12.403 INFO [main] org.apache.catalina.startup.VersionLoggerListener.log Command line argument: -Dorg.apache.catalina.security.SecurityListener.UMASK=0027
17-Feb-2025 01:22:12.403 INFO [main] org.apache.catalina.startup.VersionLoggerListener.log Command line argument: -Dignore.endorsed.dirs=
17-Feb-2025 01:22:12.403 INFO [main] org.apache.catalina.startup.VersionLoggerListener.log Command line argument: -Dcatalina.base=/home/alumne/proj/FIB-PTI/servlets/apache-tomcat-10.0.10
17-Feb-2025 01:22:12.403 INFO [main] org.apache.catalina.startup.VersionLoggerListener.log Command line argument: -Dcatalina.home=/home/alumne/proj/FIB-PTI/servlets/apache-tomcat-10.0.10
17-Feb-2025 01:22:12.404 INFO [main] org.apache.catalina.startup.VersionLoggerListener.log Command line argument: -Djava.io.tmpdir=/home/alumne/proj/FIB-PTI/servlets/apache-tomcat-10.0.10/temp
17-Feb-2025 01:22:12.405 INFO [main] org.apache.catalina.core.AprLifecycleListener.lifecycleEvent The Apache Tomcat Native library which allows using OpenSSL was not found on the java.library.path: [/home/alumne/catkin_ws/devel/lib:/opt/ros/noetic/lib:/tmp/.mount_cursora60JV6/usr/lib:/usr/java/packages/lib:/usr/lib/x86_64-linux-gnu/jni:/lib/x86_64-linux-gnu:/usr/lib/x86_64-linux-gnu:/usr/lib/jni:/lib:/usr/lib]
17-Feb-2025 01:22:13.080 INFO [main] org.apache.coyote.AbstractProtocol.init Initializing ProtocolHandler ["http-nio-8080"]
17-Feb-2025 01:22:13.099 INFO [main] org.apache.catalina.startup.Catalina.load Server initialization in [1166] milliseconds
17-Feb-2025 01:22:13.146 INFO [main] org.apache.catalina.core.StandardService.startInternal Starting service [Catalina]
17-Feb-2025 01:22:13.146 INFO [main] org.apache.catalina.core.StandardEngine.startInternal Starting Servlet engine: [Apache Tomcat/10.0.10]
17-Feb-2025 01:22:13.152 INFO [main] org.apache.catalina.startup.HostConfig.deployDirectory Deploying web application directory [/home/alumne/proj/FIB-PTI/servlets/apache-tomcat-10.0.10/webapps/host-manager]
17-Feb-2025 01:22:13.320 INFO [main] org.apache.jasper.servlet.TldScanner.scanJars At least one JAR was scanned for TLDs yet contained no TLDs. Enable debug logging for this logger for a complete list of JARs that were scanned but no TLDs were found in them. Skipping unneeded JARs during scanning can improve startup time and JSP compilation time.
17-Feb-2025 01:22:13.348 INFO [main] org.apache.catalina.startup.HostConfig.deployDirectory Deployment of web application directory [/home/alumne/proj/FIB-PTI/servlets/apache-tomcat-10.0.10/webapps/host-manager] has finished in [196] ms
17-Feb-2025 01:22:13.348 INFO [main] org.apache.catalina.startup.HostConfig.deployDirectory Deploying web application directory [/home/alumne/proj/FIB-PTI/servlets/apache-tomcat-10.0.10/webapps/ROOT]
17-Feb-2025 01:22:13.362 INFO [main] org.apache.jasper.servlet.TldScanner.scanJars At least one JAR was scanned for TLDs yet contained no TLDs. Enable debug logging for this logger for a complete list of JARs that were scanned but no TLDs were found in them. Skipping unneeded JARs during scanning can improve startup time and JSP compilation time.
17-Feb-2025 01:22:13.363 INFO [main] org.apache.catalina.startup.HostConfig.deployDirectory Deployment of web application directory [/home/alumne/proj/FIB-PTI/servlets/apache-tomcat-10.0.10/webapps/ROOT] has finished in [15] ms
17-Feb-2025 01:22:13.364 INFO [main] org.apache.catalina.startup.HostConfig.deployDirectory Deploying web application directory [/home/alumne/proj/FIB-PTI/servlets/apache-tomcat-10.0.10/webapps/my_webapp]
17-Feb-2025 01:22:13.391 INFO [main] org.apache.jasper.servlet.TldScanner.scanJars At least one JAR was scanned for TLDs yet contained no TLDs. Enable debug logging for this logger for a complete list of JARs that were scanned but no TLDs were found in them. Skipping unneeded JARs during scanning can improve startup time and JSP compilation time.
17-Feb-2025 01:22:13.395 INFO [main] org.apache.catalina.startup.HostConfig.deployDirectory Deployment of web application directory [/home/alumne/proj/FIB-PTI/servlets/apache-tomcat-10.0.10/webapps/my_webapp] has finished in [31] ms
17-Feb-2025 01:22:13.396 INFO [main] org.apache.catalina.startup.HostConfig.deployDirectory Deploying web application directory [/home/alumne/proj/FIB-PTI/servlets/apache-tomcat-10.0.10/webapps/manager]
17-Feb-2025 01:22:13.422 INFO [main] org.apache.jasper.servlet.TldScanner.scanJars At least one JAR was scanned for TLDs yet contained no TLDs. Enable debug logging for this logger for a complete list of JARs that were scanned but no TLDs were found in them. Skipping unneeded JARs during scanning can improve startup time and JSP compilation time.
17-Feb-2025 01:22:13.424 INFO [main] org.apache.catalina.startup.HostConfig.deployDirectory Deployment of web application directory [/home/alumne/proj/FIB-PTI/servlets/apache-tomcat-10.0.10/webapps/manager] has finished in [28] ms
17-Feb-2025 01:22:13.424 INFO [main] org.apache.catalina.startup.HostConfig.deployDirectory Deploying web application directory [/home/alumne/proj/FIB-PTI/servlets/apache-tomcat-10.0.10/webapps/docs]
17-Feb-2025 01:22:13.436 INFO [main] org.apache.jasper.servlet.TldScanner.scanJars At least one JAR was scanned for TLDs yet contained no TLDs. Enable debug logging for this logger for a complete list of JARs that were scanned but no TLDs were found in them. Skipping unneeded JARs during scanning can improve startup time and JSP compilation time.
17-Feb-2025 01:22:13.437 INFO [main] org.apache.catalina.startup.HostConfig.deployDirectory Deployment of web application directory [/home/alumne/proj/FIB-PTI/servlets/apache-tomcat-10.0.10/webapps/docs] has finished in [13] ms
17-Feb-2025 01:22:13.438 INFO [main] org.apache.catalina.startup.HostConfig.deployDirectory Deploying web application directory [/home/alumne/proj/FIB-PTI/servlets/apache-tomcat-10.0.10/webapps/examples]
17-Feb-2025 01:22:13.629 INFO [main] org.apache.jasper.servlet.TldScanner.scanJars At least one JAR was scanned for TLDs yet contained no TLDs. Enable debug logging for this logger for a complete list of JARs that were scanned but no TLDs were found in them. Skipping unneeded JARs during scanning can improve startup time and JSP compilation time.
17-Feb-2025 01:22:13.645 INFO [main] org.apache.catalina.startup.HostConfig.deployDirectory Deployment of web application directory [/home/alumne/proj/FIB-PTI/servlets/apache-tomcat-10.0.10/webapps/examples] has finished in [208] ms
17-Feb-2025 01:22:13.649 INFO [main] org.apache.coyote.AbstractProtocol.start Starting ProtocolHandler ["http-nio-8080"]
17-Feb-2025 01:22:13.719 INFO [main] org.apache.catalina.startup.Catalina.start Server startup in [620] milliseconds
17-Feb-2025 01:23:30.229 INFO [main] org.apache.catalina.core.StandardServer.await A valid shutdown command was received via the shutdown port. Stopping the Server instance.
17-Feb-2025 01:23:30.236 INFO [main] org.apache.coyote.AbstractProtocol.pause Pausing ProtocolHandler ["http-nio-8080"]
17-Feb-2025 01:23:30.251 INFO [main] org.apache.catalina.core.StandardService.stopInternal Stopping service [Catalina]
17-Feb-2025 01:23:30.267 WARNING [main] org.apache.catalina.loader.WebappClassLoaderBase.clearReferencesObjectStreamClassCaches Failed to clear soft references from ObjectStreamClass$Caches for web application [ROOT]
	java.lang.ClassCastException: class java.io.ObjectStreamClass$Caches$1 cannot be cast to class java.util.Map (java.io.ObjectStreamClass$Caches$1 and java.util.Map are in module java.base of loader 'bootstrap')
		at org.apache.catalina.loader.WebappClassLoaderBase.clearCache(WebappClassLoaderBase.java:2363)
		at org.apache.catalina.loader.WebappClassLoaderBase.clearReferencesObjectStreamClassCaches(WebappClassLoaderBase.java:2338)
		at org.apache.catalina.loader.WebappClassLoaderBase.clearReferences(WebappClassLoaderBase.java:1706)
		at org.apache.catalina.loader.WebappClassLoaderBase.stop(WebappClassLoaderBase.java:1634)
		at org.apache.catalina.loader.WebappLoader.stopInternal(WebappLoader.java:429)
		at org.apache.catalina.util.LifecycleBase.stop(LifecycleBase.java:257)
		at org.apache.catalina.core.StandardContext.stopInternal(StandardContext.java:5464)
		at org.apache.catalina.util.LifecycleBase.stop(LifecycleBase.java:257)
		at org.apache.catalina.core.ContainerBase$StopChild.call(ContainerBase.java:1412)
		at org.apache.catalina.core.ContainerBase$StopChild.call(ContainerBase.java:1401)
		at java.base/java.util.concurrent.FutureTask.run(FutureTask.java:264)
		at org.apache.tomcat.util.threads.InlineExecutorService.execute(InlineExecutorService.java:75)
		at java.base/java.util.concurrent.AbstractExecutorService.submit(AbstractExecutorService.java:140)
		at org.apache.catalina.core.ContainerBase.stopInternal(ContainerBase.java:986)
		at org.apache.catalina.util.LifecycleBase.stop(LifecycleBase.java:257)
		at org.apache.catalina.core.ContainerBase$StopChild.call(ContainerBase.java:1412)
		at org.apache.catalina.core.ContainerBase$StopChild.call(ContainerBase.java:1401)
		at java.base/java.util.concurrent.FutureTask.run(FutureTask.java:264)
		at org.apache.tomcat.util.threads.InlineExecutorService.execute(InlineExecutorService.java:75)
		at java.base/java.util.concurrent.AbstractExecutorService.submit(AbstractExecutorService.java:140)
		at org.apache.catalina.core.ContainerBase.stopInternal(ContainerBase.java:986)
		at org.apache.catalina.util.LifecycleBase.stop(LifecycleBase.java:257)
		at org.apache.catalina.core.StandardService.stopInternal(StandardService.java:497)
		at org.apache.catalina.util.LifecycleBase.stop(LifecycleBase.java:257)
		at org.apache.catalina.core.StandardServer.stopInternal(StandardServer.java:979)
		at org.apache.catalina.util.LifecycleBase.stop(LifecycleBase.java:257)
		at org.apache.catalina.startup.Catalina.stop(Catalina.java:872)
		at org.apache.catalina.startup.Catalina.start(Catalina.java:834)
		at java.base/jdk.internal.reflect.NativeMethodAccessorImpl.invoke0(Native Method)
		at java.base/jdk.internal.reflect.NativeMethodAccessorImpl.invoke(NativeMethodAccessorImpl.java:62)
		at java.base/jdk.internal.reflect.DelegatingMethodAccessorImpl.invoke(DelegatingMethodAccessorImpl.java:43)
		at java.base/java.lang.reflect.Method.invoke(Method.java:566)
		at org.apache.catalina.startup.Bootstrap.start(Bootstrap.java:345)
		at org.apache.catalina.startup.Bootstrap.main(Bootstrap.java:476)
17-Feb-2025 01:23:30.285 WARNING [main] org.apache.catalina.loader.WebappClassLoaderBase.clearReferencesObjectStreamClassCaches Failed to clear soft references from ObjectStreamClass$Caches for web application [examples]
	java.lang.ClassCastException: class java.io.ObjectStreamClass$Caches$1 cannot be cast to class java.util.Map (java.io.ObjectStreamClass$Caches$1 and java.util.Map are in module java.base of loader 'bootstrap')
		at org.apache.catalina.loader.WebappClassLoaderBase.clearCache(WebappClassLoaderBase.java:2363)
		at org.apache.catalina.loader.WebappClassLoaderBase.clearReferencesObjectStreamClassCaches(WebappClassLoaderBase.java:2338)
		at org.apache.catalina.loader.WebappClassLoaderBase.clearReferences(WebappClassLoaderBase.java:1706)
		at org.apache.catalina.loader.WebappClassLoaderBase.stop(WebappClassLoaderBase.java:1634)
		at org.apache.catalina.loader.WebappLoader.stopInternal(WebappLoader.java:429)
		at org.apache.catalina.util.LifecycleBase.stop(LifecycleBase.java:257)
		at org.apache.catalina.core.StandardContext.stopInternal(StandardContext.java:5464)
		at org.apache.catalina.util.LifecycleBase.stop(LifecycleBase.java:257)
		at org.apache.catalina.core.ContainerBase$StopChild.call(ContainerBase.java:1412)
		at org.apache.catalina.core.ContainerBase$StopChild.call(ContainerBase.java:1401)
		at java.base/java.util.concurrent.FutureTask.run(FutureTask.java:264)
		at org.apache.tomcat.util.threads.InlineExecutorService.execute(InlineExecutorService.java:75)
		at java.base/java.util.concurrent.AbstractExecutorService.submit(AbstractExecutorService.java:140)
		at org.apache.catalina.core.ContainerBase.stopInternal(ContainerBase.java:986)
		at org.apache.catalina.util.LifecycleBase.stop(LifecycleBase.java:257)
		at org.apache.catalina.core.ContainerBase$StopChild.call(ContainerBase.java:1412)
		at org.apache.catalina.core.ContainerBase$StopChild.call(ContainerBase.java:1401)
		at java.base/java.util.concurrent.FutureTask.run(FutureTask.java:264)
		at org.apache.tomcat.util.threads.InlineExecutorService.execute(InlineExecutorService.java:75)
		at java.base/java.util.concurrent.AbstractExecutorService.submit(AbstractExecutorService.java:140)
		at org.apache.catalina.core.ContainerBase.stopInternal(ContainerBase.java:986)
		at org.apache.catalina.util.LifecycleBase.stop(LifecycleBase.java:257)
		at org.apache.catalina.core.StandardService.stopInternal(StandardService.java:497)
		at org.apache.catalina.util.LifecycleBase.stop(LifecycleBase.java:257)
		at org.apache.catalina.core.StandardServer.stopInternal(StandardServer.java:979)
		at org.apache.catalina.util.LifecycleBase.stop(LifecycleBase.java:257)
		at org.apache.catalina.startup.Catalina.stop(Catalina.java:872)
		at org.apache.catalina.startup.Catalina.start(Catalina.java:834)
		at java.base/jdk.internal.reflect.NativeMethodAccessorImpl.invoke0(Native Method)
		at java.base/jdk.internal.reflect.NativeMethodAccessorImpl.invoke(NativeMethodAccessorImpl.java:62)
		at java.base/jdk.internal.reflect.DelegatingMethodAccessorImpl.invoke(DelegatingMethodAccessorImpl.java:43)
		at java.base/java.lang.reflect.Method.invoke(Method.java:566)
		at org.apache.catalina.startup.Bootstrap.start(Bootstrap.java:345)
		at org.apache.catalina.startup.Bootstrap.main(Bootstrap.java:476)
17-Feb-2025 01:23:30.291 WARNING [main] org.apache.catalina.loader.WebappClassLoaderBase.clearReferencesObjectStreamClassCaches Failed to clear soft references from ObjectStreamClass$Caches for web application [host-manager]
	java.lang.ClassCastException: class java.io.ObjectStreamClass$Caches$1 cannot be cast to class java.util.Map (java.io.ObjectStreamClass$Caches$1 and java.util.Map are in module java.base of loader 'bootstrap')
		at org.apache.catalina.loader.WebappClassLoaderBase.clearCache(WebappClassLoaderBase.java:2363)
		at org.apache.catalina.loader.WebappClassLoaderBase.clearReferencesObjectStreamClassCaches(WebappClassLoaderBase.java:2338)
		at org.apache.catalina.loader.WebappClassLoaderBase.clearReferences(WebappClassLoaderBase.java:1706)
		at org.apache.catalina.loader.WebappClassLoaderBase.stop(WebappClassLoaderBase.java:1634)
		at org.apache.catalina.loader.WebappLoader.stopInternal(WebappLoader.java:429)
		at org.apache.catalina.util.LifecycleBase.stop(LifecycleBase.java:257)
		at org.apache.catalina.core.StandardContext.stopInternal(StandardContext.java:5464)
		at org.apache.catalina.util.LifecycleBase.stop(LifecycleBase.java:257)
		at org.apache.catalina.core.ContainerBase$StopChild.call(ContainerBase.java:1412)
		at org.apache.catalina.core.ContainerBase$StopChild.call(ContainerBase.java:1401)
		at java.base/java.util.concurrent.FutureTask.run(FutureTask.java:264)
		at org.apache.tomcat.util.threads.InlineExecutorService.execute(InlineExecutorService.java:75)
		at java.base/java.util.concurrent.AbstractExecutorService.submit(AbstractExecutorService.java:140)
		at org.apache.catalina.core.ContainerBase.stopInternal(ContainerBase.java:986)
		at org.apache.catalina.util.LifecycleBase.stop(LifecycleBase.java:257)
		at org.apache.catalina.core.ContainerBase$StopChild.call(ContainerBase.java:1412)
		at org.apache.catalina.core.ContainerBase$StopChild.call(ContainerBase.java:1401)
		at java.base/java.util.concurrent.FutureTask.run(FutureTask.java:264)
		at org.apache.tomcat.util.threads.InlineExecutorService.execute(InlineExecutorService.java:75)
		at java.base/java.util.concurrent.AbstractExecutorService.submit(AbstractExecutorService.java:140)
		at org.apache.catalina.core.ContainerBase.stopInternal(ContainerBase.java:986)
		at org.apache.catalina.util.LifecycleBase.stop(LifecycleBase.java:257)
		at org.apache.catalina.core.StandardService.stopInternal(StandardService.java:497)
		at org.apache.catalina.util.LifecycleBase.stop(LifecycleBase.java:257)
		at org.apache.catalina.core.StandardServer.stopInternal(StandardServer.java:979)
		at org.apache.catalina.util.LifecycleBase.stop(LifecycleBase.java:257)
		at org.apache.catalina.startup.Catalina.stop(Catalina.java:872)
		at org.apache.catalina.startup.Catalina.start(Catalina.java:834)
		at java.base/jdk.internal.reflect.NativeMethodAccessorImpl.invoke0(Native Method)
		at java.base/jdk.internal.reflect.NativeMethodAccessorImpl.invoke(NativeMethodAccessorImpl.java:62)
		at java.base/jdk.internal.reflect.DelegatingMethodAccessorImpl.invoke(DelegatingMethodAccessorImpl.java:43)
		at java.base/java.lang.reflect.Method.invoke(Method.java:566)
		at org.apache.catalina.startup.Bootstrap.start(Bootstrap.java:345)
		at org.apache.catalina.startup.Bootstrap.main(Bootstrap.java:476)
17-Feb-2025 01:23:30.302 WARNING [main] org.apache.catalina.loader.WebappClassLoaderBase.clearReferencesObjectStreamClassCaches Failed to clear soft references from ObjectStreamClass$Caches for web application [my_webapp]
	java.lang.ClassCastException: class java.io.ObjectStreamClass$Caches$1 cannot be cast to class java.util.Map (java.io.ObjectStreamClass$Caches$1 and java.util.Map are in module java.base of loader 'bootstrap')
		at org.apache.catalina.loader.WebappClassLoaderBase.clearCache(WebappClassLoaderBase.java:2363)
		at org.apache.catalina.loader.WebappClassLoaderBase.clearReferencesObjectStreamClassCaches(WebappClassLoaderBase.java:2338)
		at org.apache.catalina.loader.WebappClassLoaderBase.clearReferences(WebappClassLoaderBase.java:1706)
		at org.apache.catalina.loader.WebappClassLoaderBase.stop(WebappClassLoaderBase.java:1634)
		at org.apache.catalina.loader.WebappLoader.stopInternal(WebappLoader.java:429)
		at org.apache.catalina.util.LifecycleBase.stop(LifecycleBase.java:257)
		at org.apache.catalina.core.StandardContext.stopInternal(StandardContext.java:5464)
		at org.apache.catalina.util.LifecycleBase.stop(LifecycleBase.java:257)
		at org.apache.catalina.core.ContainerBase$StopChild.call(ContainerBase.java:1412)
		at org.apache.catalina.core.ContainerBase$StopChild.call(ContainerBase.java:1401)
		at java.base/java.util.concurrent.FutureTask.run(FutureTask.java:264)
		at org.apache.tomcat.util.threads.InlineExecutorService.execute(InlineExecutorService.java:75)
		at java.base/java.util.concurrent.AbstractExecutorService.submit(AbstractExecutorService.java:140)
		at org.apache.catalina.core.ContainerBase.stopInternal(ContainerBase.java:986)
		at org.apache.catalina.util.LifecycleBase.stop(LifecycleBase.java:257)
		at org.apache.catalina.core.ContainerBase$StopChild.call(ContainerBase.java:1412)
		at org.apache.catalina.core.ContainerBase$StopChild.call(ContainerBase.java:1401)
		at java.base/java.util.concurrent.FutureTask.run(FutureTask.java:264)
		at org.apache.tomcat.util.threads.InlineExecutorService.execute(InlineExecutorService.java:75)
		at java.base/java.util.concurrent.AbstractExecutorService.submit(AbstractExecutorService.java:140)
		at org.apache.catalina.core.ContainerBase.stopInternal(ContainerBase.java:986)
		at org.apache.catalina.util.LifecycleBase.stop(LifecycleBase.java:257)
		at org.apache.catalina.core.StandardService.stopInternal(StandardService.java:497)
		at org.apache.catalina.util.LifecycleBase.stop(LifecycleBase.java:257)
		at org.apache.catalina.core.StandardServer.stopInternal(StandardServer.java:979)
		at org.apache.catalina.util.LifecycleBase.stop(LifecycleBase.java:257)
		at org.apache.catalina.startup.Catalina.stop(Catalina.java:872)
		at org.apache.catalina.startup.Catalina.start(Catalina.java:834)
		at java.base/jdk.internal.reflect.NativeMethodAccessorImpl.invoke0(Native Method)
		at java.base/jdk.internal.reflect.NativeMethodAccessorImpl.invoke(NativeMethodAccessorImpl.java:62)
		at java.base/jdk.internal.reflect.DelegatingMethodAccessorImpl.invoke(DelegatingMethodAccessorImpl.java:43)
		at java.base/java.lang.reflect.Method.invoke(Method.java:566)
		at org.apache.catalina.startup.Bootstrap.start(Bootstrap.java:345)
		at org.apache.catalina.startup.Bootstrap.main(Bootstrap.java:476)
17-Feb-2025 01:23:30.312 WARNING [main] org.apache.catalina.loader.WebappClassLoaderBase.clearReferencesObjectStreamClassCaches Failed to clear soft references from ObjectStreamClass$Caches for web application [manager]
	java.lang.ClassCastException: class java.io.ObjectStreamClass$Caches$1 cannot be cast to class java.util.Map (java.io.ObjectStreamClass$Caches$1 and java.util.Map are in module java.base of loader 'bootstrap')
		at org.apache.catalina.loader.WebappClassLoaderBase.clearCache(WebappClassLoaderBase.java:2363)
		at org.apache.catalina.loader.WebappClassLoaderBase.clearReferencesObjectStreamClassCaches(WebappClassLoaderBase.java:2338)
		at org.apache.catalina.loader.WebappClassLoaderBase.clearReferences(WebappClassLoaderBase.java:1706)
		at org.apache.catalina.loader.WebappClassLoaderBase.stop(WebappClassLoaderBase.java:1634)
		at org.apache.catalina.loader.WebappLoader.stopInternal(WebappLoader.java:429)
		at org.apache.catalina.util.LifecycleBase.stop(LifecycleBase.java:257)
		at org.apache.catalina.core.StandardContext.stopInternal(StandardContext.java:5464)
		at org.apache.catalina.util.LifecycleBase.stop(LifecycleBase.java:257)
		at org.apache.catalina.core.ContainerBase$StopChild.call(ContainerBase.java:1412)
		at org.apache.catalina.core.ContainerBase$StopChild.call(ContainerBase.java:1401)
		at java.base/java.util.concurrent.FutureTask.run(FutureTask.java:264)
		at org.apache.tomcat.util.threads.InlineExecutorService.execute(InlineExecutorService.java:75)
		at java.base/java.util.concurrent.AbstractExecutorService.submit(AbstractExecutorService.java:140)
		at org.apache.catalina.core.ContainerBase.stopInternal(ContainerBase.java:986)
		at org.apache.catalina.util.LifecycleBase.stop(LifecycleBase.java:257)
		at org.apache.catalina.core.ContainerBase$StopChild.call(ContainerBase.java:1412)
		at org.apache.catalina.core.ContainerBase$StopChild.call(ContainerBase.java:1401)
		at java.base/java.util.concurrent.FutureTask.run(FutureTask.java:264)
		at org.apache.tomcat.util.threads.InlineExecutorService.execute(InlineExecutorService.java:75)
		at java.base/java.util.concurrent.AbstractExecutorService.submit(AbstractExecutorService.java:140)
		at org.apache.catalina.core.ContainerBase.stopInternal(ContainerBase.java:986)
		at org.apache.catalina.util.LifecycleBase.stop(LifecycleBase.java:257)
		at org.apache.catalina.core.StandardService.stopInternal(StandardService.java:497)
		at org.apache.catalina.util.LifecycleBase.stop(LifecycleBase.java:257)
		at org.apache.catalina.core.StandardServer.stopInternal(StandardServer.java:979)
		at org.apache.catalina.util.LifecycleBase.stop(LifecycleBase.java:257)
		at org.apache.catalina.startup.Catalina.stop(Catalina.java:872)
		at org.apache.catalina.startup.Catalina.start(Catalina.java:834)
		at java.base/jdk.internal.reflect.NativeMethodAccessorImpl.invoke0(Native Method)
		at java.base/jdk.internal.reflect.NativeMethodAccessorImpl.invoke(NativeMethodAccessorImpl.java:62)
		at java.base/jdk.internal.reflect.DelegatingMethodAccessorImpl.invoke(DelegatingMethodAccessorImpl.java:43)
		at java.base/java.lang.reflect.Method.invoke(Method.java:566)
		at org.apache.catalina.startup.Bootstrap.start(Bootstrap.java:345)
		at org.apache.catalina.startup.Bootstrap.main(Bootstrap.java:476)
17-Feb-2025 01:23:30.319 WARNING [main] org.apache.catalina.loader.WebappClassLoaderBase.clearReferencesObjectStreamClassCaches Failed to clear soft references from ObjectStreamClass$Caches for web application [docs]
	java.lang.ClassCastException: class java.io.ObjectStreamClass$Caches$1 cannot be cast to class java.util.Map (java.io.ObjectStreamClass$Caches$1 and java.util.Map are in module java.base of loader 'bootstrap')
		at org.apache.catalina.loader.WebappClassLoaderBase.clearCache(WebappClassLoaderBase.java:2363)
		at org.apache.catalina.loader.WebappClassLoaderBase.clearReferencesObjectStreamClassCaches(WebappClassLoaderBase.java:2338)
		at org.apache.catalina.loader.WebappClassLoaderBase.clearReferences(WebappClassLoaderBase.java:1706)
		at org.apache.catalina.loader.WebappClassLoaderBase.stop(WebappClassLoaderBase.java:1634)
		at org.apache.catalina.loader.WebappLoader.stopInternal(WebappLoader.java:429)
		at org.apache.catalina.util.LifecycleBase.stop(LifecycleBase.java:257)
		at org.apache.catalina.core.StandardContext.stopInternal(StandardContext.java:5464)
		at org.apache.catalina.util.LifecycleBase.stop(LifecycleBase.java:257)
		at org.apache.catalina.core.ContainerBase$StopChild.call(ContainerBase.java:1412)
		at org.apache.catalina.core.ContainerBase$StopChild.call(ContainerBase.java:1401)
		at java.base/java.util.concurrent.FutureTask.run(FutureTask.java:264)
		at org.apache.tomcat.util.threads.InlineExecutorService.execute(InlineExecutorService.java:75)
		at java.base/java.util.concurrent.AbstractExecutorService.submit(AbstractExecutorService.java:140)
		at org.apache.catalina.core.ContainerBase.stopInternal(ContainerBase.java:986)
		at org.apache.catalina.util.LifecycleBase.stop(LifecycleBase.java:257)
		at org.apache.catalina.core.ContainerBase$StopChild.call(ContainerBase.java:1412)
		at org.apache.catalina.core.ContainerBase$StopChild.call(ContainerBase.java:1401)
		at java.base/java.util.concurrent.FutureTask.run(FutureTask.java:264)
		at org.apache.tomcat.util.threads.InlineExecutorService.execute(InlineExecutorService.java:75)
		at java.base/java.util.concurrent.AbstractExecutorService.submit(AbstractExecutorService.java:140)
		at org.apache.catalina.core.ContainerBase.stopInternal(ContainerBase.java:986)
		at org.apache.catalina.util.LifecycleBase.stop(LifecycleBase.java:257)
		at org.apache.catalina.core.StandardService.stopInternal(StandardService.java:497)
		at org.apache.catalina.util.LifecycleBase.stop(LifecycleBase.java:257)
		at org.apache.catalina.core.StandardServer.stopInternal(StandardServer.java:979)
		at org.apache.catalina.util.LifecycleBase.stop(LifecycleBase.java:257)
		at org.apache.catalina.startup.Catalina.stop(Catalina.java:872)
		at org.apache.catalina.startup.Catalina.start(Catalina.java:834)
		at java.base/jdk.internal.reflect.NativeMethodAccessorImpl.invoke0(Native Method)
		at java.base/jdk.internal.reflect.NativeMethodAccessorImpl.invoke(NativeMethodAccessorImpl.java:62)
		at java.base/jdk.internal.reflect.DelegatingMethodAccessorImpl.invoke(DelegatingMethodAccessorImpl.java:43)
		at java.base/java.lang.reflect.Method.invoke(Method.java:566)
		at org.apache.catalina.startup.Bootstrap.start(Bootstrap.java:345)
		at org.apache.catalina.startup.Bootstrap.main(Bootstrap.java:476)
17-Feb-2025 01:23:30.323 INFO [main] org.apache.coyote.AbstractProtocol.stop Stopping ProtocolHandler ["http-nio-8080"]
17-Feb-2025 01:23:30.356 INFO [main] org.apache.coyote.AbstractProtocol.destroy Destroying ProtocolHandler ["http-nio-8080"]
17-Feb-2025 01:23:31.005 INFO [main] org.apache.catalina.startup.VersionLoggerListener.log Server version name:   Apache Tomcat/10.0.10
17-Feb-2025 01:23:31.008 INFO [main] org.apache.catalina.startup.VersionLoggerListener.log Server built:          Jul 30 2021 09:51:27 UTC
17-Feb-2025 01:23:31.008 INFO [main] org.apache.catalina.startup.VersionLoggerListener.log Server version number: 10.0.10.0
17-Feb-2025 01:23:31.008 INFO [main] org.apache.catalina.startup.VersionLoggerListener.log OS Name:               Linux
17-Feb-2025 01:23:31.009 INFO [main] org.apache.catalina.startup.VersionLoggerListener.log OS Version:            5.15.0-92-generic
17-Feb-2025 01:23:31.009 INFO [main] org.apache.catalina.startup.VersionLoggerListener.log Architecture:          amd64
17-Feb-2025 01:23:31.009 INFO [main] org.apache.catalina.startup.VersionLoggerListener.log Java Home:             /usr/lib/jvm/java-11-openjdk-amd64
17-Feb-2025 01:23:31.009 INFO [main] org.apache.catalina.startup.VersionLoggerListener.log JVM Version:           11.0.26+4-post-Ubuntu-1ubuntu122.04
17-Feb-2025 01:23:31.009 INFO [main] org.apache.catalina.startup.VersionLoggerListener.log JVM Vendor:            Ubuntu
17-Feb-2025 01:23:31.010 INFO [main] org.apache.catalina.startup.VersionLoggerListener.log CATALINA_BASE:         /home/alumne/proj/FIB-PTI/servlets/apache-tomcat-10.0.10
17-Feb-2025 01:23:31.010 INFO [main] org.apache.catalina.startup.VersionLoggerListener.log CATALINA_HOME:         /home/alumne/proj/FIB-PTI/servlets/apache-tomcat-10.0.10
17-Feb-2025 01:23:31.023 INFO [main] org.apache.catalina.startup.VersionLoggerListener.log Command line argument: --add-opens=java.base/java.lang=ALL-UNNAMED
17-Feb-2025 01:23:31.024 INFO [main] org.apache.catalina.startup.VersionLoggerListener.log Command line argument: --add-opens=java.base/java.io=ALL-UNNAMED
17-Feb-2025 01:23:31.024 INFO [main] org.apache.catalina.startup.VersionLoggerListener.log Command line argument: --add-opens=java.base/java.util=ALL-UNNAMED
17-Feb-2025 01:23:31.024 INFO [main] org.apache.catalina.startup.VersionLoggerListener.log Command line argument: --add-opens=java.base/java.util.concurrent=ALL-UNNAMED
17-Feb-2025 01:23:31.024 INFO [main] org.apache.catalina.startup.VersionLoggerListener.log Command line argument: --add-opens=java.rmi/sun.rmi.transport=ALL-UNNAMED
17-Feb-2025 01:23:31.024 INFO [main] org.apache.catalina.startup.VersionLoggerListener.log Command line argument: -Djava.util.logging.config.file=/home/alumne/proj/FIB-PTI/servlets/apache-tomcat-10.0.10/conf/logging.properties
17-Feb-2025 01:23:31.024 INFO [main] org.apache.catalina.startup.VersionLoggerListener.log Command line argument: -Djava.util.logging.manager=org.apache.juli.ClassLoaderLogManager
17-Feb-2025 01:23:31.024 INFO [main] org.apache.catalina.startup.VersionLoggerListener.log Command line argument: -Djdk.tls.ephemeralDHKeySize=2048
17-Feb-2025 01:23:31.024 INFO [main] org.apache.catalina.startup.VersionLoggerListener.log Command line argument: -Djava.protocol.handler.pkgs=org.apache.catalina.webresources
17-Feb-2025 01:23:31.024 INFO [main] org.apache.catalina.startup.VersionLoggerListener.log Command line argument: -Dorg.apache.catalina.security.SecurityListener.UMASK=0027
17-Feb-2025 01:23:31.025 INFO [main] org.apache.catalina.startup.VersionLoggerListener.log Command line argument: -Dignore.endorsed.dirs=
17-Feb-2025 01:23:31.025 INFO [main] org.apache.catalina.startup.VersionLoggerListener.log Command line argument: -Dcatalina.base=/home/alumne/proj/FIB-PTI/servlets/apache-tomcat-10.0.10
17-Feb-2025 01:23:31.025 INFO [main] org.apache.catalina.startup.VersionLoggerListener.log Command line argument: -Dcatalina.home=/home/alumne/proj/FIB-PTI/servlets/apache-tomcat-10.0.10
17-Feb-2025 01:23:31.025 INFO [main] org.apache.catalina.startup.VersionLoggerListener.log Command line argument: -Djava.io.tmpdir=/home/alumne/proj/FIB-PTI/servlets/apache-tomcat-10.0.10/temp
17-Feb-2025 01:23:31.027 INFO [main] org.apache.catalina.core.AprLifecycleListener.lifecycleEvent The Apache Tomcat Native library which allows using OpenSSL was not found on the java.library.path: [/home/alumne/catkin_ws/devel/lib:/opt/ros/noetic/lib:/tmp/.mount_cursora60JV6/usr/lib:/usr/java/packages/lib:/usr/lib/x86_64-linux-gnu/jni:/lib/x86_64-linux-gnu:/usr/lib/x86_64-linux-gnu:/usr/lib/jni:/lib:/usr/lib]
17-Feb-2025 01:23:31.465 INFO [main] org.apache.coyote.AbstractProtocol.init Initializing ProtocolHandler ["http-nio-8080"]
17-Feb-2025 01:23:31.527 INFO [main] org.apache.catalina.startup.Catalina.load Server initialization in [676] milliseconds
17-Feb-2025 01:23:31.641 INFO [main] org.apache.catalina.core.StandardService.startInternal Starting service [Catalina]
17-Feb-2025 01:23:31.641 INFO [main] org.apache.catalina.core.StandardEngine.startInternal Starting Servlet engine: [Apache Tomcat/10.0.10]
17-Feb-2025 01:23:31.655 INFO [main] org.apache.catalina.startup.HostConfig.deployDirectory Deploying web application directory [/home/alumne/proj/FIB-PTI/servlets/apache-tomcat-10.0.10/webapps/host-manager]
17-Feb-2025 01:23:31.990 INFO [main] org.apache.jasper.servlet.TldScanner.scanJars At least one JAR was scanned for TLDs yet contained no TLDs. Enable debug logging for this logger for a complete list of JARs that were scanned but no TLDs were found in them. Skipping unneeded JARs during scanning can improve startup time and JSP compilation time.
17-Feb-2025 01:23:32.019 INFO [main] org.apache.catalina.startup.HostConfig.deployDirectory Deployment of web application directory [/home/alumne/proj/FIB-PTI/servlets/apache-tomcat-10.0.10/webapps/host-manager] has finished in [364] ms
17-Feb-2025 01:23:32.020 INFO [main] org.apache.catalina.startup.HostConfig.deployDirectory Deploying web application directory [/home/alumne/proj/FIB-PTI/servlets/apache-tomcat-10.0.10/webapps/ROOT]
17-Feb-2025 01:23:32.045 INFO [main] org.apache.jasper.servlet.TldScanner.scanJars At least one JAR was scanned for TLDs yet contained no TLDs. Enable debug logging for this logger for a complete list of JARs that were scanned but no TLDs were found in them. Skipping unneeded JARs during scanning can improve startup time and JSP compilation time.
17-Feb-2025 01:23:32.053 INFO [main] org.apache.catalina.startup.HostConfig.deployDirectory Deployment of web application directory [/home/alumne/proj/FIB-PTI/servlets/apache-tomcat-10.0.10/webapps/ROOT] has finished in [33] ms
17-Feb-2025 01:23:32.054 INFO [main] org.apache.catalina.startup.HostConfig.deployDirectory Deploying web application directory [/home/alumne/proj/FIB-PTI/servlets/apache-tomcat-10.0.10/webapps/my_webapp]
17-Feb-2025 01:23:32.092 INFO [main] org.apache.jasper.servlet.TldScanner.scanJars At least one JAR was scanned for TLDs yet contained no TLDs. Enable debug logging for this logger for a complete list of JARs that were scanned but no TLDs were found in them. Skipping unneeded JARs during scanning can improve startup time and JSP compilation time.
17-Feb-2025 01:23:32.105 INFO [main] org.apache.catalina.startup.HostConfig.deployDirectory Deployment of web application directory [/home/alumne/proj/FIB-PTI/servlets/apache-tomcat-10.0.10/webapps/my_webapp] has finished in [51] ms
17-Feb-2025 01:23:32.105 INFO [main] org.apache.catalina.startup.HostConfig.deployDirectory Deploying web application directory [/home/alumne/proj/FIB-PTI/servlets/apache-tomcat-10.0.10/webapps/manager]
17-Feb-2025 01:23:32.140 INFO [main] org.apache.jasper.servlet.TldScanner.scanJars At least one JAR was scanned for TLDs yet contained no TLDs. Enable debug logging for this logger for a complete list of JARs that were scanned but no TLDs were found in them. Skipping unneeded JARs during scanning can improve startup time and JSP compilation time.
17-Feb-2025 01:23:32.141 INFO [main] org.apache.catalina.startup.HostConfig.deployDirectory Deployment of web application directory [/home/alumne/proj/FIB-PTI/servlets/apache-tomcat-10.0.10/webapps/manager] has finished in [36] ms
17-Feb-2025 01:23:32.141 INFO [main] org.apache.catalina.startup.HostConfig.deployDirectory Deploying web application directory [/home/alumne/proj/FIB-PTI/servlets/apache-tomcat-10.0.10/webapps/docs]
17-Feb-2025 01:23:32.157 INFO [main] org.apache.jasper.servlet.TldScanner.scanJars At least one JAR was scanned for TLDs yet contained no TLDs. Enable debug logging for this logger for a complete list of JARs that were scanned but no TLDs were found in them. Skipping unneeded JARs during scanning can improve startup time and JSP compilation time.
17-Feb-2025 01:23:32.158 INFO [main] org.apache.catalina.startup.HostConfig.deployDirectory Deployment of web application directory [/home/alumne/proj/FIB-PTI/servlets/apache-tomcat-10.0.10/webapps/docs] has finished in [17] ms
17-Feb-2025 01:23:32.158 INFO [main] org.apache.catalina.startup.HostConfig.deployDirectory Deploying web application directory [/home/alumne/proj/FIB-PTI/servlets/apache-tomcat-10.0.10/webapps/examples]
17-Feb-2025 01:23:32.259 INFO [main] org.apache.jasper.servlet.TldScanner.scanJars At least one JAR was scanned for TLDs yet contained no TLDs. Enable debug logging for this logger for a complete list of JARs that were scanned but no TLDs were found in them. Skipping unneeded JARs during scanning can improve startup time and JSP compilation time.
17-Feb-2025 01:23:32.269 INFO [main] org.apache.catalina.startup.HostConfig.deployDirectory Deployment of web application directory [/home/alumne/proj/FIB-PTI/servlets/apache-tomcat-10.0.10/webapps/examples] has finished in [111] ms
17-Feb-2025 01:23:32.277 INFO [main] org.apache.coyote.AbstractProtocol.start Starting ProtocolHandler ["http-nio-8080"]
17-Feb-2025 01:23:32.285 INFO [main] org.apache.catalina.startup.Catalina.start Server startup in [756] milliseconds
17-Feb-2025 01:24:58.446 INFO [main] org.apache.catalina.core.StandardServer.await A valid shutdown command was received via the shutdown port. Stopping the Server instance.
17-Feb-2025 01:24:58.447 INFO [main] org.apache.coyote.AbstractProtocol.pause Pausing ProtocolHandler ["http-nio-8080"]
17-Feb-2025 01:24:58.464 INFO [main] org.apache.catalina.core.StandardService.stopInternal Stopping service [Catalina]
17-Feb-2025 01:24:58.473 WARNING [main] org.apache.catalina.loader.WebappClassLoaderBase.clearReferencesObjectStreamClassCaches Failed to clear soft references from ObjectStreamClass$Caches for web application [ROOT]
	java.lang.ClassCastException: class java.io.ObjectStreamClass$Caches$1 cannot be cast to class java.util.Map (java.io.ObjectStreamClass$Caches$1 and java.util.Map are in module java.base of loader 'bootstrap')
		at org.apache.catalina.loader.WebappClassLoaderBase.clearCache(WebappClassLoaderBase.java:2363)
		at org.apache.catalina.loader.WebappClassLoaderBase.clearReferencesObjectStreamClassCaches(WebappClassLoaderBase.java:2338)
		at org.apache.catalina.loader.WebappClassLoaderBase.clearReferences(WebappClassLoaderBase.java:1706)
		at org.apache.catalina.loader.WebappClassLoaderBase.stop(WebappClassLoaderBase.java:1634)
		at org.apache.catalina.loader.WebappLoader.stopInternal(WebappLoader.java:429)
		at org.apache.catalina.util.LifecycleBase.stop(LifecycleBase.java:257)
		at org.apache.catalina.core.StandardContext.stopInternal(StandardContext.java:5464)
		at org.apache.catalina.util.LifecycleBase.stop(LifecycleBase.java:257)
		at org.apache.catalina.core.ContainerBase$StopChild.call(ContainerBase.java:1412)
		at org.apache.catalina.core.ContainerBase$StopChild.call(ContainerBase.java:1401)
		at java.base/java.util.concurrent.FutureTask.run(FutureTask.java:264)
		at org.apache.tomcat.util.threads.InlineExecutorService.execute(InlineExecutorService.java:75)
		at java.base/java.util.concurrent.AbstractExecutorService.submit(AbstractExecutorService.java:140)
		at org.apache.catalina.core.ContainerBase.stopInternal(ContainerBase.java:986)
		at org.apache.catalina.util.LifecycleBase.stop(LifecycleBase.java:257)
		at org.apache.catalina.core.ContainerBase$StopChild.call(ContainerBase.java:1412)
		at org.apache.catalina.core.ContainerBase$StopChild.call(ContainerBase.java:1401)
		at java.base/java.util.concurrent.FutureTask.run(FutureTask.java:264)
		at org.apache.tomcat.util.threads.InlineExecutorService.execute(InlineExecutorService.java:75)
		at java.base/java.util.concurrent.AbstractExecutorService.submit(AbstractExecutorService.java:140)
		at org.apache.catalina.core.ContainerBase.stopInternal(ContainerBase.java:986)
		at org.apache.catalina.util.LifecycleBase.stop(LifecycleBase.java:257)
		at org.apache.catalina.core.StandardService.stopInternal(StandardService.java:497)
		at org.apache.catalina.util.LifecycleBase.stop(LifecycleBase.java:257)
		at org.apache.catalina.core.StandardServer.stopInternal(StandardServer.java:979)
		at org.apache.catalina.util.LifecycleBase.stop(LifecycleBase.java:257)
		at org.apache.catalina.startup.Catalina.stop(Catalina.java:872)
		at org.apache.catalina.startup.Catalina.start(Catalina.java:834)
		at java.base/jdk.internal.reflect.NativeMethodAccessorImpl.invoke0(Native Method)
		at java.base/jdk.internal.reflect.NativeMethodAccessorImpl.invoke(NativeMethodAccessorImpl.java:62)
		at java.base/jdk.internal.reflect.DelegatingMethodAccessorImpl.invoke(DelegatingMethodAccessorImpl.java:43)
		at java.base/java.lang.reflect.Method.invoke(Method.java:566)
		at org.apache.catalina.startup.Bootstrap.start(Bootstrap.java:345)
		at org.apache.catalina.startup.Bootstrap.main(Bootstrap.java:476)
17-Feb-2025 01:24:58.479 WARNING [main] org.apache.catalina.loader.WebappClassLoaderBase.clearReferencesObjectStreamClassCaches Failed to clear soft references from ObjectStreamClass$Caches for web application [examples]
	java.lang.ClassCastException: class java.io.ObjectStreamClass$Caches$1 cannot be cast to class java.util.Map (java.io.ObjectStreamClass$Caches$1 and java.util.Map are in module java.base of loader 'bootstrap')
		at org.apache.catalina.loader.WebappClassLoaderBase.clearCache(WebappClassLoaderBase.java:2363)
		at org.apache.catalina.loader.WebappClassLoaderBase.clearReferencesObjectStreamClassCaches(WebappClassLoaderBase.java:2338)
		at org.apache.catalina.loader.WebappClassLoaderBase.clearReferences(WebappClassLoaderBase.java:1706)
		at org.apache.catalina.loader.WebappClassLoaderBase.stop(WebappClassLoaderBase.java:1634)
		at org.apache.catalina.loader.WebappLoader.stopInternal(WebappLoader.java:429)
		at org.apache.catalina.util.LifecycleBase.stop(LifecycleBase.java:257)
		at org.apache.catalina.core.StandardContext.stopInternal(StandardContext.java:5464)
		at org.apache.catalina.util.LifecycleBase.stop(LifecycleBase.java:257)
		at org.apache.catalina.core.ContainerBase$StopChild.call(ContainerBase.java:1412)
		at org.apache.catalina.core.ContainerBase$StopChild.call(ContainerBase.java:1401)
		at java.base/java.util.concurrent.FutureTask.run(FutureTask.java:264)
		at org.apache.tomcat.util.threads.InlineExecutorService.execute(InlineExecutorService.java:75)
		at java.base/java.util.concurrent.AbstractExecutorService.submit(AbstractExecutorService.java:140)
		at org.apache.catalina.core.ContainerBase.stopInternal(ContainerBase.java:986)
		at org.apache.catalina.util.LifecycleBase.stop(LifecycleBase.java:257)
		at org.apache.catalina.core.ContainerBase$StopChild.call(ContainerBase.java:1412)
		at org.apache.catalina.core.ContainerBase$StopChild.call(ContainerBase.java:1401)
		at java.base/java.util.concurrent.FutureTask.run(FutureTask.java:264)
		at org.apache.tomcat.util.threads.InlineExecutorService.execute(InlineExecutorService.java:75)
		at java.base/java.util.concurrent.AbstractExecutorService.submit(AbstractExecutorService.java:140)
		at org.apache.catalina.core.ContainerBase.stopInternal(ContainerBase.java:986)
		at org.apache.catalina.util.LifecycleBase.stop(LifecycleBase.java:257)
		at org.apache.catalina.core.StandardService.stopInternal(StandardService.java:497)
		at org.apache.catalina.util.LifecycleBase.stop(LifecycleBase.java:257)
		at org.apache.catalina.core.StandardServer.stopInternal(StandardServer.java:979)
		at org.apache.catalina.util.LifecycleBase.stop(LifecycleBase.java:257)
		at org.apache.catalina.startup.Catalina.stop(Catalina.java:872)
		at org.apache.catalina.startup.Catalina.start(Catalina.java:834)
		at java.base/jdk.internal.reflect.NativeMethodAccessorImpl.invoke0(Native Method)
		at java.base/jdk.internal.reflect.NativeMethodAccessorImpl.invoke(NativeMethodAccessorImpl.java:62)
		at java.base/jdk.internal.reflect.DelegatingMethodAccessorImpl.invoke(DelegatingMethodAccessorImpl.java:43)
		at java.base/java.lang.reflect.Method.invoke(Method.java:566)
		at org.apache.catalina.startup.Bootstrap.start(Bootstrap.java:345)
		at org.apache.catalina.startup.Bootstrap.main(Bootstrap.java:476)
17-Feb-2025 01:24:58.482 WARNING [main] org.apache.catalina.loader.WebappClassLoaderBase.clearReferencesObjectStreamClassCaches Failed to clear soft references from ObjectStreamClass$Caches for web application [host-manager]
	java.lang.ClassCastException: class java.io.ObjectStreamClass$Caches$1 cannot be cast to class java.util.Map (java.io.ObjectStreamClass$Caches$1 and java.util.Map are in module java.base of loader 'bootstrap')
		at org.apache.catalina.loader.WebappClassLoaderBase.clearCache(WebappClassLoaderBase.java:2363)
		at org.apache.catalina.loader.WebappClassLoaderBase.clearReferencesObjectStreamClassCaches(WebappClassLoaderBase.java:2338)
		at org.apache.catalina.loader.WebappClassLoaderBase.clearReferences(WebappClassLoaderBase.java:1706)
		at org.apache.catalina.loader.WebappClassLoaderBase.stop(WebappClassLoaderBase.java:1634)
		at org.apache.catalina.loader.WebappLoader.stopInternal(WebappLoader.java:429)
		at org.apache.catalina.util.LifecycleBase.stop(LifecycleBase.java:257)
		at org.apache.catalina.core.StandardContext.stopInternal(StandardContext.java:5464)
		at org.apache.catalina.util.LifecycleBase.stop(LifecycleBase.java:257)
		at org.apache.catalina.core.ContainerBase$StopChild.call(ContainerBase.java:1412)
		at org.apache.catalina.core.ContainerBase$StopChild.call(ContainerBase.java:1401)
		at java.base/java.util.concurrent.FutureTask.run(FutureTask.java:264)
		at org.apache.tomcat.util.threads.InlineExecutorService.execute(InlineExecutorService.java:75)
		at java.base/java.util.concurrent.AbstractExecutorService.submit(AbstractExecutorService.java:140)
		at org.apache.catalina.core.ContainerBase.stopInternal(ContainerBase.java:986)
		at org.apache.catalina.util.LifecycleBase.stop(LifecycleBase.java:257)
		at org.apache.catalina.core.ContainerBase$StopChild.call(ContainerBase.java:1412)
		at org.apache.catalina.core.ContainerBase$StopChild.call(ContainerBase.java:1401)
		at java.base/java.util.concurrent.FutureTask.run(FutureTask.java:264)
		at org.apache.tomcat.util.threads.InlineExecutorService.execute(InlineExecutorService.java:75)
		at java.base/java.util.concurrent.AbstractExecutorService.submit(AbstractExecutorService.java:140)
		at org.apache.catalina.core.ContainerBase.stopInternal(ContainerBase.java:986)
		at org.apache.catalina.util.LifecycleBase.stop(LifecycleBase.java:257)
		at org.apache.catalina.core.StandardService.stopInternal(StandardService.java:497)
		at org.apache.catalina.util.LifecycleBase.stop(LifecycleBase.java:257)
		at org.apache.catalina.core.StandardServer.stopInternal(StandardServer.java:979)
		at org.apache.catalina.util.LifecycleBase.stop(LifecycleBase.java:257)
		at org.apache.catalina.startup.Catalina.stop(Catalina.java:872)
		at org.apache.catalina.startup.Catalina.start(Catalina.java:834)
		at java.base/jdk.internal.reflect.NativeMethodAccessorImpl.invoke0(Native Method)
		at java.base/jdk.internal.reflect.NativeMethodAccessorImpl.invoke(NativeMethodAccessorImpl.java:62)
		at java.base/jdk.internal.reflect.DelegatingMethodAccessorImpl.invoke(DelegatingMethodAccessorImpl.java:43)
		at java.base/java.lang.reflect.Method.invoke(Method.java:566)
		at org.apache.catalina.startup.Bootstrap.start(Bootstrap.java:345)
		at org.apache.catalina.startup.Bootstrap.main(Bootstrap.java:476)
17-Feb-2025 01:24:58.490 WARNING [main] org.apache.catalina.loader.WebappClassLoaderBase.clearReferencesObjectStreamClassCaches Failed to clear soft references from ObjectStreamClass$Caches for web application [my_webapp]
	java.lang.ClassCastException: class java.io.ObjectStreamClass$Caches$1 cannot be cast to class java.util.Map (java.io.ObjectStreamClass$Caches$1 and java.util.Map are in module java.base of loader 'bootstrap')
		at org.apache.catalina.loader.WebappClassLoaderBase.clearCache(WebappClassLoaderBase.java:2363)
		at org.apache.catalina.loader.WebappClassLoaderBase.clearReferencesObjectStreamClassCaches(WebappClassLoaderBase.java:2338)
		at org.apache.catalina.loader.WebappClassLoaderBase.clearReferences(WebappClassLoaderBase.java:1706)
		at org.apache.catalina.loader.WebappClassLoaderBase.stop(WebappClassLoaderBase.java:1634)
		at org.apache.catalina.loader.WebappLoader.stopInternal(WebappLoader.java:429)
		at org.apache.catalina.util.LifecycleBase.stop(LifecycleBase.java:257)
		at org.apache.catalina.core.StandardContext.stopInternal(StandardContext.java:5464)
		at org.apache.catalina.util.LifecycleBase.stop(LifecycleBase.java:257)
		at org.apache.catalina.core.ContainerBase$StopChild.call(ContainerBase.java:1412)
		at org.apache.catalina.core.ContainerBase$StopChild.call(ContainerBase.java:1401)
		at java.base/java.util.concurrent.FutureTask.run(FutureTask.java:264)
		at org.apache.tomcat.util.threads.InlineExecutorService.execute(InlineExecutorService.java:75)
		at java.base/java.util.concurrent.AbstractExecutorService.submit(AbstractExecutorService.java:140)
		at org.apache.catalina.core.ContainerBase.stopInternal(ContainerBase.java:986)
		at org.apache.catalina.util.LifecycleBase.stop(LifecycleBase.java:257)
		at org.apache.catalina.core.ContainerBase$StopChild.call(ContainerBase.java:1412)
		at org.apache.catalina.core.ContainerBase$StopChild.call(ContainerBase.java:1401)
		at java.base/java.util.concurrent.FutureTask.run(FutureTask.java:264)
		at org.apache.tomcat.util.threads.InlineExecutorService.execute(InlineExecutorService.java:75)
		at java.base/java.util.concurrent.AbstractExecutorService.submit(AbstractExecutorService.java:140)
		at org.apache.catalina.core.ContainerBase.stopInternal(ContainerBase.java:986)
		at org.apache.catalina.util.LifecycleBase.stop(LifecycleBase.java:257)
		at org.apache.catalina.core.StandardService.stopInternal(StandardService.java:497)
		at org.apache.catalina.util.LifecycleBase.stop(LifecycleBase.java:257)
		at org.apache.catalina.core.StandardServer.stopInternal(StandardServer.java:979)
		at org.apache.catalina.util.LifecycleBase.stop(LifecycleBase.java:257)
		at org.apache.catalina.startup.Catalina.stop(Catalina.java:872)
		at org.apache.catalina.startup.Catalina.start(Catalina.java:834)
		at java.base/jdk.internal.reflect.NativeMethodAccessorImpl.invoke0(Native Method)
		at java.base/jdk.internal.reflect.NativeMethodAccessorImpl.invoke(NativeMethodAccessorImpl.java:62)
		at java.base/jdk.internal.reflect.DelegatingMethodAccessorImpl.invoke(DelegatingMethodAccessorImpl.java:43)
		at java.base/java.lang.reflect.Method.invoke(Method.java:566)
		at org.apache.catalina.startup.Bootstrap.start(Bootstrap.java:345)
		at org.apache.catalina.startup.Bootstrap.main(Bootstrap.java:476)
17-Feb-2025 01:24:58.493 WARNING [main] org.apache.catalina.loader.WebappClassLoaderBase.clearReferencesObjectStreamClassCaches Failed to clear soft references from ObjectStreamClass$Caches for web application [manager]
	java.lang.ClassCastException: class java.io.ObjectStreamClass$Caches$1 cannot be cast to class java.util.Map (java.io.ObjectStreamClass$Caches$1 and java.util.Map are in module java.base of loader 'bootstrap')
		at org.apache.catalina.loader.WebappClassLoaderBase.clearCache(WebappClassLoaderBase.java:2363)
		at org.apache.catalina.loader.WebappClassLoaderBase.clearReferencesObjectStreamClassCaches(WebappClassLoaderBase.java:2338)
		at org.apache.catalina.loader.WebappClassLoaderBase.clearReferences(WebappClassLoaderBase.java:1706)
		at org.apache.catalina.loader.WebappClassLoaderBase.stop(WebappClassLoaderBase.java:1634)
		at org.apache.catalina.loader.WebappLoader.stopInternal(WebappLoader.java:429)
		at org.apache.catalina.util.LifecycleBase.stop(LifecycleBase.java:257)
		at org.apache.catalina.core.StandardContext.stopInternal(StandardContext.java:5464)
		at org.apache.catalina.util.LifecycleBase.stop(LifecycleBase.java:257)
		at org.apache.catalina.core.ContainerBase$StopChild.call(ContainerBase.java:1412)
		at org.apache.catalina.core.ContainerBase$StopChild.call(ContainerBase.java:1401)
		at java.base/java.util.concurrent.FutureTask.run(FutureTask.java:264)
		at org.apache.tomcat.util.threads.InlineExecutorService.execute(InlineExecutorService.java:75)
		at java.base/java.util.concurrent.AbstractExecutorService.submit(AbstractExecutorService.java:140)
		at org.apache.catalina.core.ContainerBase.stopInternal(ContainerBase.java:986)
		at org.apache.catalina.util.LifecycleBase.stop(LifecycleBase.java:257)
		at org.apache.catalina.core.ContainerBase$StopChild.call(ContainerBase.java:1412)
		at org.apache.catalina.core.ContainerBase$StopChild.call(ContainerBase.java:1401)
		at java.base/java.util.concurrent.FutureTask.run(FutureTask.java:264)
		at org.apache.tomcat.util.threads.InlineExecutorService.execute(InlineExecutorService.java:75)
		at java.base/java.util.concurrent.AbstractExecutorService.submit(AbstractExecutorService.java:140)
		at org.apache.catalina.core.ContainerBase.stopInternal(ContainerBase.java:986)
		at org.apache.catalina.util.LifecycleBase.stop(LifecycleBase.java:257)
		at org.apache.catalina.core.StandardService.stopInternal(StandardService.java:497)
		at org.apache.catalina.util.LifecycleBase.stop(LifecycleBase.java:257)
		at org.apache.catalina.core.StandardServer.stopInternal(StandardServer.java:979)
		at org.apache.catalina.util.LifecycleBase.stop(LifecycleBase.java:257)
		at org.apache.catalina.startup.Catalina.stop(Catalina.java:872)
		at org.apache.catalina.startup.Catalina.start(Catalina.java:834)
		at java.base/jdk.internal.reflect.NativeMethodAccessorImpl.invoke0(Native Method)
		at java.base/jdk.internal.reflect.NativeMethodAccessorImpl.invoke(NativeMethodAccessorImpl.java:62)
		at java.base/jdk.internal.reflect.DelegatingMethodAccessorImpl.invoke(DelegatingMethodAccessorImpl.java:43)
		at java.base/java.lang.reflect.Method.invoke(Method.java:566)
		at org.apache.catalina.startup.Bootstrap.start(Bootstrap.java:345)
		at org.apache.catalina.startup.Bootstrap.main(Bootstrap.java:476)
17-Feb-2025 01:24:58.499 WARNING [main] org.apache.catalina.loader.WebappClassLoaderBase.clearReferencesObjectStreamClassCaches Failed to clear soft references from ObjectStreamClass$Caches for web application [docs]
	java.lang.ClassCastException: class java.io.ObjectStreamClass$Caches$1 cannot be cast to class java.util.Map (java.io.ObjectStreamClass$Caches$1 and java.util.Map are in module java.base of loader 'bootstrap')
		at org.apache.catalina.loader.WebappClassLoaderBase.clearCache(WebappClassLoaderBase.java:2363)
		at org.apache.catalina.loader.WebappClassLoaderBase.clearReferencesObjectStreamClassCaches(WebappClassLoaderBase.java:2338)
		at org.apache.catalina.loader.WebappClassLoaderBase.clearReferences(WebappClassLoaderBase.java:1706)
		at org.apache.catalina.loader.WebappClassLoaderBase.stop(WebappClassLoaderBase.java:1634)
		at org.apache.catalina.loader.WebappLoader.stopInternal(WebappLoader.java:429)
		at org.apache.catalina.util.LifecycleBase.stop(LifecycleBase.java:257)
		at org.apache.catalina.core.StandardContext.stopInternal(StandardContext.java:5464)
		at org.apache.catalina.util.LifecycleBase.stop(LifecycleBase.java:257)
		at org.apache.catalina.core.ContainerBase$StopChild.call(ContainerBase.java:1412)
		at org.apache.catalina.core.ContainerBase$StopChild.call(ContainerBase.java:1401)
		at java.base/java.util.concurrent.FutureTask.run(FutureTask.java:264)
		at org.apache.tomcat.util.threads.InlineExecutorService.execute(InlineExecutorService.java:75)
		at java.base/java.util.concurrent.AbstractExecutorService.submit(AbstractExecutorService.java:140)
		at org.apache.catalina.core.ContainerBase.stopInternal(ContainerBase.java:986)
		at org.apache.catalina.util.LifecycleBase.stop(LifecycleBase.java:257)
		at org.apache.catalina.core.ContainerBase$StopChild.call(ContainerBase.java:1412)
		at org.apache.catalina.core.ContainerBase$StopChild.call(ContainerBase.java:1401)
		at java.base/java.util.concurrent.FutureTask.run(FutureTask.java:264)
		at org.apache.tomcat.util.threads.InlineExecutorService.execute(InlineExecutorService.java:75)
		at java.base/java.util.concurrent.AbstractExecutorService.submit(AbstractExecutorService.java:140)
		at org.apache.catalina.core.ContainerBase.stopInternal(ContainerBase.java:986)
		at org.apache.catalina.util.LifecycleBase.stop(LifecycleBase.java:257)
		at org.apache.catalina.core.StandardService.stopInternal(StandardService.java:497)
		at org.apache.catalina.util.LifecycleBase.stop(LifecycleBase.java:257)
		at org.apache.catalina.core.StandardServer.stopInternal(StandardServer.java:979)
		at org.apache.catalina.util.LifecycleBase.stop(LifecycleBase.java:257)
		at org.apache.catalina.startup.Catalina.stop(Catalina.java:872)
		at org.apache.catalina.startup.Catalina.start(Catalina.java:834)
		at java.base/jdk.internal.reflect.NativeMethodAccessorImpl.invoke0(Native Method)
		at java.base/jdk.internal.reflect.NativeMethodAccessorImpl.invoke(NativeMethodAccessorImpl.java:62)
		at java.base/jdk.internal.reflect.DelegatingMethodAccessorImpl.invoke(DelegatingMethodAccessorImpl.java:43)
		at java.base/java.lang.reflect.Method.invoke(Method.java:566)
		at org.apache.catalina.startup.Bootstrap.start(Bootstrap.java:345)
		at org.apache.catalina.startup.Bootstrap.main(Bootstrap.java:476)
17-Feb-2025 01:24:58.500 INFO [main] org.apache.coyote.AbstractProtocol.stop Stopping ProtocolHandler ["http-nio-8080"]
17-Feb-2025 01:24:58.547 INFO [main] org.apache.coyote.AbstractProtocol.destroy Destroying ProtocolHandler ["http-nio-8080"]
17-Feb-2025 01:24:59.049 INFO [main] org.apache.catalina.startup.VersionLoggerListener.log Server version name:   Apache Tomcat/10.0.10
17-Feb-2025 01:24:59.062 INFO [main] org.apache.catalina.startup.VersionLoggerListener.log Server built:          Jul 30 2021 09:51:27 UTC
17-Feb-2025 01:24:59.062 INFO [main] org.apache.catalina.startup.VersionLoggerListener.log Server version number: 10.0.10.0
17-Feb-2025 01:24:59.062 INFO [main] org.apache.catalina.startup.VersionLoggerListener.log OS Name:               Linux
17-Feb-2025 01:24:59.062 INFO [main] org.apache.catalina.startup.VersionLoggerListener.log OS Version:            5.15.0-92-generic
17-Feb-2025 01:24:59.062 INFO [main] org.apache.catalina.startup.VersionLoggerListener.log Architecture:          amd64
17-Feb-2025 01:24:59.062 INFO [main] org.apache.catalina.startup.VersionLoggerListener.log Java Home:             /usr/lib/jvm/java-11-openjdk-amd64
17-Feb-2025 01:24:59.063 INFO [main] org.apache.catalina.startup.VersionLoggerListener.log JVM Version:           11.0.26+4-post-Ubuntu-1ubuntu122.04
17-Feb-2025 01:24:59.063 INFO [main] org.apache.catalina.startup.VersionLoggerListener.log JVM Vendor:            Ubuntu
17-Feb-2025 01:24:59.063 INFO [main] org.apache.catalina.startup.VersionLoggerListener.log CATALINA_BASE:         /home/alumne/proj/FIB-PTI/servlets/apache-tomcat-10.0.10
17-Feb-2025 01:24:59.064 INFO [main] org.apache.catalina.startup.VersionLoggerListener.log CATALINA_HOME:         /home/alumne/proj/FIB-PTI/servlets/apache-tomcat-10.0.10
17-Feb-2025 01:24:59.068 INFO [main] org.apache.catalina.startup.VersionLoggerListener.log Command line argument: --add-opens=java.base/java.lang=ALL-UNNAMED
17-Feb-2025 01:24:59.069 INFO [main] org.apache.catalina.startup.VersionLoggerListener.log Command line argument: --add-opens=java.base/java.io=ALL-UNNAMED
17-Feb-2025 01:24:59.069 INFO [main] org.apache.catalina.startup.VersionLoggerListener.log Command line argument: --add-opens=java.base/java.util=ALL-UNNAMED
17-Feb-2025 01:24:59.069 INFO [main] org.apache.catalina.startup.VersionLoggerListener.log Command line argument: --add-opens=java.base/java.util.concurrent=ALL-UNNAMED
17-Feb-2025 01:24:59.069 INFO [main] org.apache.catalina.startup.VersionLoggerListener.log Command line argument: --add-opens=java.rmi/sun.rmi.transport=ALL-UNNAMED
17-Feb-2025 01:24:59.069 INFO [main] org.apache.catalina.startup.VersionLoggerListener.log Command line argument: -Djava.util.logging.config.file=/home/alumne/proj/FIB-PTI/servlets/apache-tomcat-10.0.10/conf/logging.properties
17-Feb-2025 01:24:59.069 INFO [main] org.apache.catalina.startup.VersionLoggerListener.log Command line argument: -Djava.util.logging.manager=org.apache.juli.ClassLoaderLogManager
17-Feb-2025 01:24:59.069 INFO [main] org.apache.catalina.startup.VersionLoggerListener.log Command line argument: -Djdk.tls.ephemeralDHKeySize=2048
17-Feb-2025 01:24:59.069 INFO [main] org.apache.catalina.startup.VersionLoggerListener.log Command line argument: -Djava.protocol.handler.pkgs=org.apache.catalina.webresources
17-Feb-2025 01:24:59.069 INFO [main] org.apache.catalina.startup.VersionLoggerListener.log Command line argument: -Dorg.apache.catalina.security.SecurityListener.UMASK=0027
17-Feb-2025 01:24:59.069 INFO [main] org.apache.catalina.startup.VersionLoggerListener.log Command line argument: -Dignore.endorsed.dirs=
17-Feb-2025 01:24:59.069 INFO [main] org.apache.catalina.startup.VersionLoggerListener.log Command line argument: -Dcatalina.base=/home/alumne/proj/FIB-PTI/servlets/apache-tomcat-10.0.10
17-Feb-2025 01:24:59.069 INFO [main] org.apache.catalina.startup.VersionLoggerListener.log Command line argument: -Dcatalina.home=/home/alumne/proj/FIB-PTI/servlets/apache-tomcat-10.0.10
17-Feb-2025 01:24:59.070 INFO [main] org.apache.catalina.startup.VersionLoggerListener.log Command line argument: -Djava.io.tmpdir=/home/alumne/proj/FIB-PTI/servlets/apache-tomcat-10.0.10/temp
17-Feb-2025 01:24:59.071 INFO [main] org.apache.catalina.core.AprLifecycleListener.lifecycleEvent The Apache Tomcat Native library which allows using OpenSSL was not found on the java.library.path: [/home/alumne/catkin_ws/devel/lib:/opt/ros/noetic/lib:/tmp/.mount_cursora60JV6/usr/lib:/usr/java/packages/lib:/usr/lib/x86_64-linux-gnu/jni:/lib/x86_64-linux-gnu:/usr/lib/x86_64-linux-gnu:/usr/lib/jni:/lib:/usr/lib]
17-Feb-2025 01:24:59.263 INFO [main] org.apache.coyote.AbstractProtocol.init Initializing ProtocolHandler ["http-nio-8080"]
17-Feb-2025 01:24:59.279 INFO [main] org.apache.catalina.startup.Catalina.load Server initialization in [374] milliseconds
17-Feb-2025 01:24:59.324 INFO [main] org.apache.catalina.core.StandardService.startInternal Starting service [Catalina]
17-Feb-2025 01:24:59.325 INFO [main] org.apache.catalina.core.StandardEngine.startInternal Starting Servlet engine: [Apache Tomcat/10.0.10]
17-Feb-2025 01:24:59.329 INFO [main] org.apache.catalina.startup.HostConfig.deployDirectory Deploying web application directory [/home/alumne/proj/FIB-PTI/servlets/apache-tomcat-10.0.10/webapps/host-manager]
17-Feb-2025 01:24:59.454 INFO [main] org.apache.jasper.servlet.TldScanner.scanJars At least one JAR was scanned for TLDs yet contained no TLDs. Enable debug logging for this logger for a complete list of JARs that were scanned but no TLDs were found in them. Skipping unneeded JARs during scanning can improve startup time and JSP compilation time.
17-Feb-2025 01:24:59.480 INFO [main] org.apache.catalina.startup.HostConfig.deployDirectory Deployment of web application directory [/home/alumne/proj/FIB-PTI/servlets/apache-tomcat-10.0.10/webapps/host-manager] has finished in [151] ms
17-Feb-2025 01:24:59.480 INFO [main] org.apache.catalina.startup.HostConfig.deployDirectory Deploying web application directory [/home/alumne/proj/FIB-PTI/servlets/apache-tomcat-10.0.10/webapps/ROOT]
17-Feb-2025 01:24:59.498 INFO [main] org.apache.jasper.servlet.TldScanner.scanJars At least one JAR was scanned for TLDs yet contained no TLDs. Enable debug logging for this logger for a complete list of JARs that were scanned but no TLDs were found in them. Skipping unneeded JARs during scanning can improve startup time and JSP compilation time.
17-Feb-2025 01:24:59.520 INFO [main] org.apache.catalina.startup.HostConfig.deployDirectory Deployment of web application directory [/home/alumne/proj/FIB-PTI/servlets/apache-tomcat-10.0.10/webapps/ROOT] has finished in [40] ms
17-Feb-2025 01:24:59.521 INFO [main] org.apache.catalina.startup.HostConfig.deployDirectory Deploying web application directory [/home/alumne/proj/FIB-PTI/servlets/apache-tomcat-10.0.10/webapps/my_webapp]
17-Feb-2025 01:24:59.546 INFO [main] org.apache.jasper.servlet.TldScanner.scanJars At least one JAR was scanned for TLDs yet contained no TLDs. Enable debug logging for this logger for a complete list of JARs that were scanned but no TLDs were found in them. Skipping unneeded JARs during scanning can improve startup time and JSP compilation time.
17-Feb-2025 01:24:59.550 INFO [main] org.apache.catalina.startup.HostConfig.deployDirectory Deployment of web application directory [/home/alumne/proj/FIB-PTI/servlets/apache-tomcat-10.0.10/webapps/my_webapp] has finished in [29] ms
17-Feb-2025 01:24:59.551 INFO [main] org.apache.catalina.startup.HostConfig.deployDirectory Deploying web application directory [/home/alumne/proj/FIB-PTI/servlets/apache-tomcat-10.0.10/webapps/manager]
17-Feb-2025 01:24:59.567 INFO [main] org.apache.jasper.servlet.TldScanner.scanJars At least one JAR was scanned for TLDs yet contained no TLDs. Enable debug logging for this logger for a complete list of JARs that were scanned but no TLDs were found in them. Skipping unneeded JARs during scanning can improve startup time and JSP compilation time.
17-Feb-2025 01:24:59.569 INFO [main] org.apache.catalina.startup.HostConfig.deployDirectory Deployment of web application directory [/home/alumne/proj/FIB-PTI/servlets/apache-tomcat-10.0.10/webapps/manager] has finished in [19] ms
17-Feb-2025 01:24:59.569 INFO [main] org.apache.catalina.startup.HostConfig.deployDirectory Deploying web application directory [/home/alumne/proj/FIB-PTI/servlets/apache-tomcat-10.0.10/webapps/docs]
17-Feb-2025 01:24:59.583 INFO [main] org.apache.jasper.servlet.TldScanner.scanJars At least one JAR was scanned for TLDs yet contained no TLDs. Enable debug logging for this logger for a complete list of JARs that were scanned but no TLDs were found in them. Skipping unneeded JARs during scanning can improve startup time and JSP compilation time.
17-Feb-2025 01:24:59.584 INFO [main] org.apache.catalina.startup.HostConfig.deployDirectory Deployment of web application directory [/home/alumne/proj/FIB-PTI/servlets/apache-tomcat-10.0.10/webapps/docs] has finished in [15] ms
17-Feb-2025 01:24:59.584 INFO [main] org.apache.catalina.startup.HostConfig.deployDirectory Deploying web application directory [/home/alumne/proj/FIB-PTI/servlets/apache-tomcat-10.0.10/webapps/examples]
17-Feb-2025 01:24:59.677 INFO [main] org.apache.jasper.servlet.TldScanner.scanJars At least one JAR was scanned for TLDs yet contained no TLDs. Enable debug logging for this logger for a complete list of JARs that were scanned but no TLDs were found in them. Skipping unneeded JARs during scanning can improve startup time and JSP compilation time.
17-Feb-2025 01:24:59.732 INFO [main] org.apache.catalina.startup.HostConfig.deployDirectory Deployment of web application directory [/home/alumne/proj/FIB-PTI/servlets/apache-tomcat-10.0.10/webapps/examples] has finished in [148] ms
17-Feb-2025 01:24:59.743 INFO [main] org.apache.coyote.AbstractProtocol.start Starting ProtocolHandler ["http-nio-8080"]
17-Feb-2025 01:24:59.752 INFO [main] org.apache.catalina.startup.Catalina.start Server startup in [473] milliseconds
17-Feb-2025 01:36:09.074 INFO [main] org.apache.catalina.core.StandardServer.await A valid shutdown command was received via the shutdown port. Stopping the Server instance.
17-Feb-2025 01:36:09.075 INFO [main] org.apache.coyote.AbstractProtocol.pause Pausing ProtocolHandler ["http-nio-8080"]
17-Feb-2025 01:36:09.083 INFO [main] org.apache.catalina.core.StandardService.stopInternal Stopping service [Catalina]
17-Feb-2025 01:36:09.091 WARNING [main] org.apache.catalina.loader.WebappClassLoaderBase.clearReferencesObjectStreamClassCaches Failed to clear soft references from ObjectStreamClass$Caches for web application [ROOT]
	java.lang.ClassCastException: class java.io.ObjectStreamClass$Caches$1 cannot be cast to class java.util.Map (java.io.ObjectStreamClass$Caches$1 and java.util.Map are in module java.base of loader 'bootstrap')
		at org.apache.catalina.loader.WebappClassLoaderBase.clearCache(WebappClassLoaderBase.java:2363)
		at org.apache.catalina.loader.WebappClassLoaderBase.clearReferencesObjectStreamClassCaches(WebappClassLoaderBase.java:2338)
		at org.apache.catalina.loader.WebappClassLoaderBase.clearReferences(WebappClassLoaderBase.java:1706)
		at org.apache.catalina.loader.WebappClassLoaderBase.stop(WebappClassLoaderBase.java:1634)
		at org.apache.catalina.loader.WebappLoader.stopInternal(WebappLoader.java:429)
		at org.apache.catalina.util.LifecycleBase.stop(LifecycleBase.java:257)
		at org.apache.catalina.core.StandardContext.stopInternal(StandardContext.java:5464)
		at org.apache.catalina.util.LifecycleBase.stop(LifecycleBase.java:257)
		at org.apache.catalina.core.ContainerBase$StopChild.call(ContainerBase.java:1412)
		at org.apache.catalina.core.ContainerBase$StopChild.call(ContainerBase.java:1401)
		at java.base/java.util.concurrent.FutureTask.run(FutureTask.java:264)
		at org.apache.tomcat.util.threads.InlineExecutorService.execute(InlineExecutorService.java:75)
		at java.base/java.util.concurrent.AbstractExecutorService.submit(AbstractExecutorService.java:140)
		at org.apache.catalina.core.ContainerBase.stopInternal(ContainerBase.java:986)
		at org.apache.catalina.util.LifecycleBase.stop(LifecycleBase.java:257)
		at org.apache.catalina.core.ContainerBase$StopChild.call(ContainerBase.java:1412)
		at org.apache.catalina.core.ContainerBase$StopChild.call(ContainerBase.java:1401)
		at java.base/java.util.concurrent.FutureTask.run(FutureTask.java:264)
		at org.apache.tomcat.util.threads.InlineExecutorService.execute(InlineExecutorService.java:75)
		at java.base/java.util.concurrent.AbstractExecutorService.submit(AbstractExecutorService.java:140)
		at org.apache.catalina.core.ContainerBase.stopInternal(ContainerBase.java:986)
		at org.apache.catalina.util.LifecycleBase.stop(LifecycleBase.java:257)
		at org.apache.catalina.core.StandardService.stopInternal(StandardService.java:497)
		at org.apache.catalina.util.LifecycleBase.stop(LifecycleBase.java:257)
		at org.apache.catalina.core.StandardServer.stopInternal(StandardServer.java:979)
		at org.apache.catalina.util.LifecycleBase.stop(LifecycleBase.java:257)
		at org.apache.catalina.startup.Catalina.stop(Catalina.java:872)
		at org.apache.catalina.startup.Catalina.start(Catalina.java:834)
		at java.base/jdk.internal.reflect.NativeMethodAccessorImpl.invoke0(Native Method)
		at java.base/jdk.internal.reflect.NativeMethodAccessorImpl.invoke(NativeMethodAccessorImpl.java:62)
		at java.base/jdk.internal.reflect.DelegatingMethodAccessorImpl.invoke(DelegatingMethodAccessorImpl.java:43)
		at java.base/java.lang.reflect.Method.invoke(Method.java:566)
		at org.apache.catalina.startup.Bootstrap.start(Bootstrap.java:345)
		at org.apache.catalina.startup.Bootstrap.main(Bootstrap.java:476)
17-Feb-2025 01:36:09.104 WARNING [main] org.apache.catalina.loader.WebappClassLoaderBase.clearReferencesObjectStreamClassCaches Failed to clear soft references from ObjectStreamClass$Caches for web application [examples]
	java.lang.ClassCastException: class java.io.ObjectStreamClass$Caches$1 cannot be cast to class java.util.Map (java.io.ObjectStreamClass$Caches$1 and java.util.Map are in module java.base of loader 'bootstrap')
		at org.apache.catalina.loader.WebappClassLoaderBase.clearCache(WebappClassLoaderBase.java:2363)
		at org.apache.catalina.loader.WebappClassLoaderBase.clearReferencesObjectStreamClassCaches(WebappClassLoaderBase.java:2338)
		at org.apache.catalina.loader.WebappClassLoaderBase.clearReferences(WebappClassLoaderBase.java:1706)
		at org.apache.catalina.loader.WebappClassLoaderBase.stop(WebappClassLoaderBase.java:1634)
		at org.apache.catalina.loader.WebappLoader.stopInternal(WebappLoader.java:429)
		at org.apache.catalina.util.LifecycleBase.stop(LifecycleBase.java:257)
		at org.apache.catalina.core.StandardContext.stopInternal(StandardContext.java:5464)
		at org.apache.catalina.util.LifecycleBase.stop(LifecycleBase.java:257)
		at org.apache.catalina.core.ContainerBase$StopChild.call(ContainerBase.java:1412)
		at org.apache.catalina.core.ContainerBase$StopChild.call(ContainerBase.java:1401)
		at java.base/java.util.concurrent.FutureTask.run(FutureTask.java:264)
		at org.apache.tomcat.util.threads.InlineExecutorService.execute(InlineExecutorService.java:75)
		at java.base/java.util.concurrent.AbstractExecutorService.submit(AbstractExecutorService.java:140)
		at org.apache.catalina.core.ContainerBase.stopInternal(ContainerBase.java:986)
		at org.apache.catalina.util.LifecycleBase.stop(LifecycleBase.java:257)
		at org.apache.catalina.core.ContainerBase$StopChild.call(ContainerBase.java:1412)
		at org.apache.catalina.core.ContainerBase$StopChild.call(ContainerBase.java:1401)
		at java.base/java.util.concurrent.FutureTask.run(FutureTask.java:264)
		at org.apache.tomcat.util.threads.InlineExecutorService.execute(InlineExecutorService.java:75)
		at java.base/java.util.concurrent.AbstractExecutorService.submit(AbstractExecutorService.java:140)
		at org.apache.catalina.core.ContainerBase.stopInternal(ContainerBase.java:986)
		at org.apache.catalina.util.LifecycleBase.stop(LifecycleBase.java:257)
		at org.apache.catalina.core.StandardService.stopInternal(StandardService.java:497)
		at org.apache.catalina.util.LifecycleBase.stop(LifecycleBase.java:257)
		at org.apache.catalina.core.StandardServer.stopInternal(StandardServer.java:979)
		at org.apache.catalina.util.LifecycleBase.stop(LifecycleBase.java:257)
		at org.apache.catalina.startup.Catalina.stop(Catalina.java:872)
		at org.apache.catalina.startup.Catalina.start(Catalina.java:834)
		at java.base/jdk.internal.reflect.NativeMethodAccessorImpl.invoke0(Native Method)
		at java.base/jdk.internal.reflect.NativeMethodAccessorImpl.invoke(NativeMethodAccessorImpl.java:62)
		at java.base/jdk.internal.reflect.DelegatingMethodAccessorImpl.invoke(DelegatingMethodAccessorImpl.java:43)
		at java.base/java.lang.reflect.Method.invoke(Method.java:566)
		at org.apache.catalina.startup.Bootstrap.start(Bootstrap.java:345)
		at org.apache.catalina.startup.Bootstrap.main(Bootstrap.java:476)
17-Feb-2025 01:36:09.106 WARNING [main] org.apache.catalina.loader.WebappClassLoaderBase.clearReferencesObjectStreamClassCaches Failed to clear soft references from ObjectStreamClass$Caches for web application [host-manager]
	java.lang.ClassCastException: class java.io.ObjectStreamClass$Caches$1 cannot be cast to class java.util.Map (java.io.ObjectStreamClass$Caches$1 and java.util.Map are in module java.base of loader 'bootstrap')
		at org.apache.catalina.loader.WebappClassLoaderBase.clearCache(WebappClassLoaderBase.java:2363)
		at org.apache.catalina.loader.WebappClassLoaderBase.clearReferencesObjectStreamClassCaches(WebappClassLoaderBase.java:2338)
		at org.apache.catalina.loader.WebappClassLoaderBase.clearReferences(WebappClassLoaderBase.java:1706)
		at org.apache.catalina.loader.WebappClassLoaderBase.stop(WebappClassLoaderBase.java:1634)
		at org.apache.catalina.loader.WebappLoader.stopInternal(WebappLoader.java:429)
		at org.apache.catalina.util.LifecycleBase.stop(LifecycleBase.java:257)
		at org.apache.catalina.core.StandardContext.stopInternal(StandardContext.java:5464)
		at org.apache.catalina.util.LifecycleBase.stop(LifecycleBase.java:257)
		at org.apache.catalina.core.ContainerBase$StopChild.call(ContainerBase.java:1412)
		at org.apache.catalina.core.ContainerBase$StopChild.call(ContainerBase.java:1401)
		at java.base/java.util.concurrent.FutureTask.run(FutureTask.java:264)
		at org.apache.tomcat.util.threads.InlineExecutorService.execute(InlineExecutorService.java:75)
		at java.base/java.util.concurrent.AbstractExecutorService.submit(AbstractExecutorService.java:140)
		at org.apache.catalina.core.ContainerBase.stopInternal(ContainerBase.java:986)
		at org.apache.catalina.util.LifecycleBase.stop(LifecycleBase.java:257)
		at org.apache.catalina.core.ContainerBase$StopChild.call(ContainerBase.java:1412)
		at org.apache.catalina.core.ContainerBase$StopChild.call(ContainerBase.java:1401)
		at java.base/java.util.concurrent.FutureTask.run(FutureTask.java:264)
		at org.apache.tomcat.util.threads.InlineExecutorService.execute(InlineExecutorService.java:75)
		at java.base/java.util.concurrent.AbstractExecutorService.submit(AbstractExecutorService.java:140)
		at org.apache.catalina.core.ContainerBase.stopInternal(ContainerBase.java:986)
		at org.apache.catalina.util.LifecycleBase.stop(LifecycleBase.java:257)
		at org.apache.catalina.core.StandardService.stopInternal(StandardService.java:497)
		at org.apache.catalina.util.LifecycleBase.stop(LifecycleBase.java:257)
		at org.apache.catalina.core.StandardServer.stopInternal(StandardServer.java:979)
		at org.apache.catalina.util.LifecycleBase.stop(LifecycleBase.java:257)
		at org.apache.catalina.startup.Catalina.stop(Catalina.java:872)
		at org.apache.catalina.startup.Catalina.start(Catalina.java:834)
		at java.base/jdk.internal.reflect.NativeMethodAccessorImpl.invoke0(Native Method)
		at java.base/jdk.internal.reflect.NativeMethodAccessorImpl.invoke(NativeMethodAccessorImpl.java:62)
		at java.base/jdk.internal.reflect.DelegatingMethodAccessorImpl.invoke(DelegatingMethodAccessorImpl.java:43)
		at java.base/java.lang.reflect.Method.invoke(Method.java:566)
		at org.apache.catalina.startup.Bootstrap.start(Bootstrap.java:345)
		at org.apache.catalina.startup.Bootstrap.main(Bootstrap.java:476)
17-Feb-2025 01:36:09.109 WARNING [main] org.apache.catalina.loader.WebappClassLoaderBase.clearReferencesObjectStreamClassCaches Failed to clear soft references from ObjectStreamClass$Caches for web application [my_webapp]
	java.lang.ClassCastException: class java.io.ObjectStreamClass$Caches$1 cannot be cast to class java.util.Map (java.io.ObjectStreamClass$Caches$1 and java.util.Map are in module java.base of loader 'bootstrap')
		at org.apache.catalina.loader.WebappClassLoaderBase.clearCache(WebappClassLoaderBase.java:2363)
		at org.apache.catalina.loader.WebappClassLoaderBase.clearReferencesObjectStreamClassCaches(WebappClassLoaderBase.java:2338)
		at org.apache.catalina.loader.WebappClassLoaderBase.clearReferences(WebappClassLoaderBase.java:1706)
		at org.apache.catalina.loader.WebappClassLoaderBase.stop(WebappClassLoaderBase.java:1634)
		at org.apache.catalina.loader.WebappLoader.stopInternal(WebappLoader.java:429)
		at org.apache.catalina.util.LifecycleBase.stop(LifecycleBase.java:257)
		at org.apache.catalina.core.StandardContext.stopInternal(StandardContext.java:5464)
		at org.apache.catalina.util.LifecycleBase.stop(LifecycleBase.java:257)
		at org.apache.catalina.core.ContainerBase$StopChild.call(ContainerBase.java:1412)
		at org.apache.catalina.core.ContainerBase$StopChild.call(ContainerBase.java:1401)
		at java.base/java.util.concurrent.FutureTask.run(FutureTask.java:264)
		at org.apache.tomcat.util.threads.InlineExecutorService.execute(InlineExecutorService.java:75)
		at java.base/java.util.concurrent.AbstractExecutorService.submit(AbstractExecutorService.java:140)
		at org.apache.catalina.core.ContainerBase.stopInternal(ContainerBase.java:986)
		at org.apache.catalina.util.LifecycleBase.stop(LifecycleBase.java:257)
		at org.apache.catalina.core.ContainerBase$StopChild.call(ContainerBase.java:1412)
		at org.apache.catalina.core.ContainerBase$StopChild.call(ContainerBase.java:1401)
		at java.base/java.util.concurrent.FutureTask.run(FutureTask.java:264)
		at org.apache.tomcat.util.threads.InlineExecutorService.execute(InlineExecutorService.java:75)
		at java.base/java.util.concurrent.AbstractExecutorService.submit(AbstractExecutorService.java:140)
		at org.apache.catalina.core.ContainerBase.stopInternal(ContainerBase.java:986)
		at org.apache.catalina.util.LifecycleBase.stop(LifecycleBase.java:257)
		at org.apache.catalina.core.StandardService.stopInternal(StandardService.java:497)
		at org.apache.catalina.util.LifecycleBase.stop(LifecycleBase.java:257)
		at org.apache.catalina.core.StandardServer.stopInternal(StandardServer.java:979)
		at org.apache.catalina.util.LifecycleBase.stop(LifecycleBase.java:257)
		at org.apache.catalina.startup.Catalina.stop(Catalina.java:872)
		at org.apache.catalina.startup.Catalina.start(Catalina.java:834)
		at java.base/jdk.internal.reflect.NativeMethodAccessorImpl.invoke0(Native Method)
		at java.base/jdk.internal.reflect.NativeMethodAccessorImpl.invoke(NativeMethodAccessorImpl.java:62)
		at java.base/jdk.internal.reflect.DelegatingMethodAccessorImpl.invoke(DelegatingMethodAccessorImpl.java:43)
		at java.base/java.lang.reflect.Method.invoke(Method.java:566)
		at org.apache.catalina.startup.Bootstrap.start(Bootstrap.java:345)
		at org.apache.catalina.startup.Bootstrap.main(Bootstrap.java:476)
17-Feb-2025 01:36:09.112 WARNING [main] org.apache.catalina.loader.WebappClassLoaderBase.clearReferencesObjectStreamClassCaches Failed to clear soft references from ObjectStreamClass$Caches for web application [manager]
	java.lang.ClassCastException: class java.io.ObjectStreamClass$Caches$1 cannot be cast to class java.util.Map (java.io.ObjectStreamClass$Caches$1 and java.util.Map are in module java.base of loader 'bootstrap')
		at org.apache.catalina.loader.WebappClassLoaderBase.clearCache(WebappClassLoaderBase.java:2363)
		at org.apache.catalina.loader.WebappClassLoaderBase.clearReferencesObjectStreamClassCaches(WebappClassLoaderBase.java:2338)
		at org.apache.catalina.loader.WebappClassLoaderBase.clearReferences(WebappClassLoaderBase.java:1706)
		at org.apache.catalina.loader.WebappClassLoaderBase.stop(WebappClassLoaderBase.java:1634)
		at org.apache.catalina.loader.WebappLoader.stopInternal(WebappLoader.java:429)
		at org.apache.catalina.util.LifecycleBase.stop(LifecycleBase.java:257)
		at org.apache.catalina.core.StandardContext.stopInternal(StandardContext.java:5464)
		at org.apache.catalina.util.LifecycleBase.stop(LifecycleBase.java:257)
		at org.apache.catalina.core.ContainerBase$StopChild.call(ContainerBase.java:1412)
		at org.apache.catalina.core.ContainerBase$StopChild.call(ContainerBase.java:1401)
		at java.base/java.util.concurrent.FutureTask.run(FutureTask.java:264)
		at org.apache.tomcat.util.threads.InlineExecutorService.execute(InlineExecutorService.java:75)
		at java.base/java.util.concurrent.AbstractExecutorService.submit(AbstractExecutorService.java:140)
		at org.apache.catalina.core.ContainerBase.stopInternal(ContainerBase.java:986)
		at org.apache.catalina.util.LifecycleBase.stop(LifecycleBase.java:257)
		at org.apache.catalina.core.ContainerBase$StopChild.call(ContainerBase.java:1412)
		at org.apache.catalina.core.ContainerBase$StopChild.call(ContainerBase.java:1401)
		at java.base/java.util.concurrent.FutureTask.run(FutureTask.java:264)
		at org.apache.tomcat.util.threads.InlineExecutorService.execute(InlineExecutorService.java:75)
		at java.base/java.util.concurrent.AbstractExecutorService.submit(AbstractExecutorService.java:140)
		at org.apache.catalina.core.ContainerBase.stopInternal(ContainerBase.java:986)
		at org.apache.catalina.util.LifecycleBase.stop(LifecycleBase.java:257)
		at org.apache.catalina.core.StandardService.stopInternal(StandardService.java:497)
		at org.apache.catalina.util.LifecycleBase.stop(LifecycleBase.java:257)
		at org.apache.catalina.core.StandardServer.stopInternal(StandardServer.java:979)
		at org.apache.catalina.util.LifecycleBase.stop(LifecycleBase.java:257)
		at org.apache.catalina.startup.Catalina.stop(Catalina.java:872)
		at org.apache.catalina.startup.Catalina.start(Catalina.java:834)
		at java.base/jdk.internal.reflect.NativeMethodAccessorImpl.invoke0(Native Method)
		at java.base/jdk.internal.reflect.NativeMethodAccessorImpl.invoke(NativeMethodAccessorImpl.java:62)
		at java.base/jdk.internal.reflect.DelegatingMethodAccessorImpl.invoke(DelegatingMethodAccessorImpl.java:43)
		at java.base/java.lang.reflect.Method.invoke(Method.java:566)
		at org.apache.catalina.startup.Bootstrap.start(Bootstrap.java:345)
		at org.apache.catalina.startup.Bootstrap.main(Bootstrap.java:476)
17-Feb-2025 01:36:09.115 WARNING [main] org.apache.catalina.loader.WebappClassLoaderBase.clearReferencesObjectStreamClassCaches Failed to clear soft references from ObjectStreamClass$Caches for web application [docs]
	java.lang.ClassCastException: class java.io.ObjectStreamClass$Caches$1 cannot be cast to class java.util.Map (java.io.ObjectStreamClass$Caches$1 and java.util.Map are in module java.base of loader 'bootstrap')
		at org.apache.catalina.loader.WebappClassLoaderBase.clearCache(WebappClassLoaderBase.java:2363)
		at org.apache.catalina.loader.WebappClassLoaderBase.clearReferencesObjectStreamClassCaches(WebappClassLoaderBase.java:2338)
		at org.apache.catalina.loader.WebappClassLoaderBase.clearReferences(WebappClassLoaderBase.java:1706)
		at org.apache.catalina.loader.WebappClassLoaderBase.stop(WebappClassLoaderBase.java:1634)
		at org.apache.catalina.loader.WebappLoader.stopInternal(WebappLoader.java:429)
		at org.apache.catalina.util.LifecycleBase.stop(LifecycleBase.java:257)
		at org.apache.catalina.core.StandardContext.stopInternal(StandardContext.java:5464)
		at org.apache.catalina.util.LifecycleBase.stop(LifecycleBase.java:257)
		at org.apache.catalina.core.ContainerBase$StopChild.call(ContainerBase.java:1412)
		at org.apache.catalina.core.ContainerBase$StopChild.call(ContainerBase.java:1401)
		at java.base/java.util.concurrent.FutureTask.run(FutureTask.java:264)
		at org.apache.tomcat.util.threads.InlineExecutorService.execute(InlineExecutorService.java:75)
		at java.base/java.util.concurrent.AbstractExecutorService.submit(AbstractExecutorService.java:140)
		at org.apache.catalina.core.ContainerBase.stopInternal(ContainerBase.java:986)
		at org.apache.catalina.util.LifecycleBase.stop(LifecycleBase.java:257)
		at org.apache.catalina.core.ContainerBase$StopChild.call(ContainerBase.java:1412)
		at org.apache.catalina.core.ContainerBase$StopChild.call(ContainerBase.java:1401)
		at java.base/java.util.concurrent.FutureTask.run(FutureTask.java:264)
		at org.apache.tomcat.util.threads.InlineExecutorService.execute(InlineExecutorService.java:75)
		at java.base/java.util.concurrent.AbstractExecutorService.submit(AbstractExecutorService.java:140)
		at org.apache.catalina.core.ContainerBase.stopInternal(ContainerBase.java:986)
		at org.apache.catalina.util.LifecycleBase.stop(LifecycleBase.java:257)
		at org.apache.catalina.core.StandardService.stopInternal(StandardService.java:497)
		at org.apache.catalina.util.LifecycleBase.stop(LifecycleBase.java:257)
		at org.apache.catalina.core.StandardServer.stopInternal(StandardServer.java:979)
		at org.apache.catalina.util.LifecycleBase.stop(LifecycleBase.java:257)
		at org.apache.catalina.startup.Catalina.stop(Catalina.java:872)
		at org.apache.catalina.startup.Catalina.start(Catalina.java:834)
		at java.base/jdk.internal.reflect.NativeMethodAccessorImpl.invoke0(Native Method)
		at java.base/jdk.internal.reflect.NativeMethodAccessorImpl.invoke(NativeMethodAccessorImpl.java:62)
		at java.base/jdk.internal.reflect.DelegatingMethodAccessorImpl.invoke(DelegatingMethodAccessorImpl.java:43)
		at java.base/java.lang.reflect.Method.invoke(Method.java:566)
		at org.apache.catalina.startup.Bootstrap.start(Bootstrap.java:345)
		at org.apache.catalina.startup.Bootstrap.main(Bootstrap.java:476)
17-Feb-2025 01:36:09.116 INFO [main] org.apache.coyote.AbstractProtocol.stop Stopping ProtocolHandler ["http-nio-8080"]
17-Feb-2025 01:36:09.171 INFO [main] org.apache.coyote.AbstractProtocol.destroy Destroying ProtocolHandler ["http-nio-8080"]
17-Feb-2025 01:36:10.263 INFO [main] org.apache.catalina.startup.VersionLoggerListener.log Server version name:   Apache Tomcat/10.0.10
17-Feb-2025 01:36:10.311 INFO [main] org.apache.catalina.startup.VersionLoggerListener.log Server built:          Jul 30 2021 09:51:27 UTC
17-Feb-2025 01:36:10.311 INFO [main] org.apache.catalina.startup.VersionLoggerListener.log Server version number: 10.0.10.0
17-Feb-2025 01:36:10.311 INFO [main] org.apache.catalina.startup.VersionLoggerListener.log OS Name:               Linux
17-Feb-2025 01:36:10.311 INFO [main] org.apache.catalina.startup.VersionLoggerListener.log OS Version:            5.15.0-92-generic
17-Feb-2025 01:36:10.311 INFO [main] org.apache.catalina.startup.VersionLoggerListener.log Architecture:          amd64
17-Feb-2025 01:36:10.311 INFO [main] org.apache.catalina.startup.VersionLoggerListener.log Java Home:             /usr/lib/jvm/java-11-openjdk-amd64
17-Feb-2025 01:36:10.311 INFO [main] org.apache.catalina.startup.VersionLoggerListener.log JVM Version:           11.0.26+4-post-Ubuntu-1ubuntu122.04
17-Feb-2025 01:36:10.311 INFO [main] org.apache.catalina.startup.VersionLoggerListener.log JVM Vendor:            Ubuntu
17-Feb-2025 01:36:10.312 INFO [main] org.apache.catalina.startup.VersionLoggerListener.log CATALINA_BASE:         /home/alumne/proj/FIB-PTI/servlets/apache-tomcat-10.0.10
17-Feb-2025 01:36:10.314 INFO [main] org.apache.catalina.startup.VersionLoggerListener.log CATALINA_HOME:         /home/alumne/proj/FIB-PTI/servlets/apache-tomcat-10.0.10
17-Feb-2025 01:36:10.361 INFO [main] org.apache.catalina.startup.VersionLoggerListener.log Command line argument: --add-opens=java.base/java.lang=ALL-UNNAMED
17-Feb-2025 01:36:10.376 INFO [main] org.apache.catalina.startup.VersionLoggerListener.log Command line argument: --add-opens=java.base/java.io=ALL-UNNAMED
17-Feb-2025 01:36:10.376 INFO [main] org.apache.catalina.startup.VersionLoggerListener.log Command line argument: --add-opens=java.base/java.util=ALL-UNNAMED
17-Feb-2025 01:36:10.376 INFO [main] org.apache.catalina.startup.VersionLoggerListener.log Command line argument: --add-opens=java.base/java.util.concurrent=ALL-UNNAMED
17-Feb-2025 01:36:10.376 INFO [main] org.apache.catalina.startup.VersionLoggerListener.log Command line argument: --add-opens=java.rmi/sun.rmi.transport=ALL-UNNAMED
17-Feb-2025 01:36:10.376 INFO [main] org.apache.catalina.startup.VersionLoggerListener.log Command line argument: -Djava.util.logging.config.file=/home/alumne/proj/FIB-PTI/servlets/apache-tomcat-10.0.10/conf/logging.properties
17-Feb-2025 01:36:10.376 INFO [main] org.apache.catalina.startup.VersionLoggerListener.log Command line argument: -Djava.util.logging.manager=org.apache.juli.ClassLoaderLogManager
17-Feb-2025 01:36:10.377 INFO [main] org.apache.catalina.startup.VersionLoggerListener.log Command line argument: -Djdk.tls.ephemeralDHKeySize=2048
17-Feb-2025 01:36:10.377 INFO [main] org.apache.catalina.startup.VersionLoggerListener.log Command line argument: -Djava.protocol.handler.pkgs=org.apache.catalina.webresources
17-Feb-2025 01:36:10.377 INFO [main] org.apache.catalina.startup.VersionLoggerListener.log Command line argument: -Dorg.apache.catalina.security.SecurityListener.UMASK=0027
17-Feb-2025 01:36:10.377 INFO [main] org.apache.catalina.startup.VersionLoggerListener.log Command line argument: -Dignore.endorsed.dirs=
17-Feb-2025 01:36:10.377 INFO [main] org.apache.catalina.startup.VersionLoggerListener.log Command line argument: -Dcatalina.base=/home/alumne/proj/FIB-PTI/servlets/apache-tomcat-10.0.10
17-Feb-2025 01:36:10.377 INFO [main] org.apache.catalina.startup.VersionLoggerListener.log Command line argument: -Dcatalina.home=/home/alumne/proj/FIB-PTI/servlets/apache-tomcat-10.0.10
17-Feb-2025 01:36:10.377 INFO [main] org.apache.catalina.startup.VersionLoggerListener.log Command line argument: -Djava.io.tmpdir=/home/alumne/proj/FIB-PTI/servlets/apache-tomcat-10.0.10/temp
17-Feb-2025 01:36:10.387 INFO [main] org.apache.catalina.core.AprLifecycleListener.lifecycleEvent The Apache Tomcat Native library which allows using OpenSSL was not found on the java.library.path: [/home/alumne/catkin_ws/devel/lib:/opt/ros/noetic/lib:/tmp/.mount_cursora60JV6/usr/lib:/usr/java/packages/lib:/usr/lib/x86_64-linux-gnu/jni:/lib/x86_64-linux-gnu:/usr/lib/x86_64-linux-gnu:/usr/lib/jni:/lib:/usr/lib]
17-Feb-2025 01:36:10.968 INFO [main] org.apache.coyote.AbstractProtocol.init Initializing ProtocolHandler ["http-nio-8080"]
17-Feb-2025 01:36:11.002 INFO [main] org.apache.catalina.startup.Catalina.load Server initialization in [1208] milliseconds
17-Feb-2025 01:36:11.151 INFO [main] org.apache.catalina.core.StandardService.startInternal Starting service [Catalina]
17-Feb-2025 01:36:11.152 INFO [main] org.apache.catalina.core.StandardEngine.startInternal Starting Servlet engine: [Apache Tomcat/10.0.10]
17-Feb-2025 01:36:11.177 INFO [main] org.apache.catalina.startup.HostConfig.deployDirectory Deploying web application directory [/home/alumne/proj/FIB-PTI/servlets/apache-tomcat-10.0.10/webapps/host-manager]
17-Feb-2025 01:36:11.533 INFO [main] org.apache.jasper.servlet.TldScanner.scanJars At least one JAR was scanned for TLDs yet contained no TLDs. Enable debug logging for this logger for a complete list of JARs that were scanned but no TLDs were found in them. Skipping unneeded JARs during scanning can improve startup time and JSP compilation time.
17-Feb-2025 01:36:11.563 INFO [main] org.apache.catalina.startup.HostConfig.deployDirectory Deployment of web application directory [/home/alumne/proj/FIB-PTI/servlets/apache-tomcat-10.0.10/webapps/host-manager] has finished in [385] ms
17-Feb-2025 01:36:11.563 INFO [main] org.apache.catalina.startup.HostConfig.deployDirectory Deploying web application directory [/home/alumne/proj/FIB-PTI/servlets/apache-tomcat-10.0.10/webapps/ROOT]
17-Feb-2025 01:36:11.578 INFO [main] org.apache.jasper.servlet.TldScanner.scanJars At least one JAR was scanned for TLDs yet contained no TLDs. Enable debug logging for this logger for a complete list of JARs that were scanned but no TLDs were found in them. Skipping unneeded JARs during scanning can improve startup time and JSP compilation time.
17-Feb-2025 01:36:11.579 INFO [main] org.apache.catalina.startup.HostConfig.deployDirectory Deployment of web application directory [/home/alumne/proj/FIB-PTI/servlets/apache-tomcat-10.0.10/webapps/ROOT] has finished in [16] ms
17-Feb-2025 01:36:11.580 INFO [main] org.apache.catalina.startup.HostConfig.deployDirectory Deploying web application directory [/home/alumne/proj/FIB-PTI/servlets/apache-tomcat-10.0.10/webapps/my_webapp]
17-Feb-2025 01:36:11.609 INFO [main] org.apache.jasper.servlet.TldScanner.scanJars At least one JAR was scanned for TLDs yet contained no TLDs. Enable debug logging for this logger for a complete list of JARs that were scanned but no TLDs were found in them. Skipping unneeded JARs during scanning can improve startup time and JSP compilation time.
17-Feb-2025 01:36:11.614 INFO [main] org.apache.catalina.startup.HostConfig.deployDirectory Deployment of web application directory [/home/alumne/proj/FIB-PTI/servlets/apache-tomcat-10.0.10/webapps/my_webapp] has finished in [34] ms
17-Feb-2025 01:36:11.615 INFO [main] org.apache.catalina.startup.HostConfig.deployDirectory Deploying web application directory [/home/alumne/proj/FIB-PTI/servlets/apache-tomcat-10.0.10/webapps/manager]
17-Feb-2025 01:36:11.635 INFO [main] org.apache.jasper.servlet.TldScanner.scanJars At least one JAR was scanned for TLDs yet contained no TLDs. Enable debug logging for this logger for a complete list of JARs that were scanned but no TLDs were found in them. Skipping unneeded JARs during scanning can improve startup time and JSP compilation time.
17-Feb-2025 01:36:11.637 INFO [main] org.apache.catalina.startup.HostConfig.deployDirectory Deployment of web application directory [/home/alumne/proj/FIB-PTI/servlets/apache-tomcat-10.0.10/webapps/manager] has finished in [22] ms
17-Feb-2025 01:36:11.638 INFO [main] org.apache.catalina.startup.HostConfig.deployDirectory Deploying web application directory [/home/alumne/proj/FIB-PTI/servlets/apache-tomcat-10.0.10/webapps/docs]
17-Feb-2025 01:36:11.664 INFO [main] org.apache.jasper.servlet.TldScanner.scanJars At least one JAR was scanned for TLDs yet contained no TLDs. Enable debug logging for this logger for a complete list of JARs that were scanned but no TLDs were found in them. Skipping unneeded JARs during scanning can improve startup time and JSP compilation time.
17-Feb-2025 01:36:11.665 INFO [main] org.apache.catalina.startup.HostConfig.deployDirectory Deployment of web application directory [/home/alumne/proj/FIB-PTI/servlets/apache-tomcat-10.0.10/webapps/docs] has finished in [28] ms
17-Feb-2025 01:36:11.666 INFO [main] org.apache.catalina.startup.HostConfig.deployDirectory Deploying web application directory [/home/alumne/proj/FIB-PTI/servlets/apache-tomcat-10.0.10/webapps/examples]
17-Feb-2025 01:36:11.778 INFO [main] org.apache.jasper.servlet.TldScanner.scanJars At least one JAR was scanned for TLDs yet contained no TLDs. Enable debug logging for this logger for a complete list of JARs that were scanned but no TLDs were found in them. Skipping unneeded JARs during scanning can improve startup time and JSP compilation time.
17-Feb-2025 01:36:11.796 INFO [main] org.apache.catalina.startup.HostConfig.deployDirectory Deployment of web application directory [/home/alumne/proj/FIB-PTI/servlets/apache-tomcat-10.0.10/webapps/examples] has finished in [130] ms
17-Feb-2025 01:36:11.798 INFO [main] org.apache.coyote.AbstractProtocol.start Starting ProtocolHandler ["http-nio-8080"]
17-Feb-2025 01:36:11.836 INFO [main] org.apache.catalina.startup.Catalina.start Server startup in [833] milliseconds
17-Feb-2025 01:39:40.607 INFO [main] org.apache.catalina.core.StandardServer.await A valid shutdown command was received via the shutdown port. Stopping the Server instance.
17-Feb-2025 01:39:40.608 INFO [main] org.apache.coyote.AbstractProtocol.pause Pausing ProtocolHandler ["http-nio-8080"]
17-Feb-2025 01:39:40.626 INFO [main] org.apache.catalina.core.StandardService.stopInternal Stopping service [Catalina]
17-Feb-2025 01:39:40.635 WARNING [main] org.apache.catalina.loader.WebappClassLoaderBase.clearReferencesObjectStreamClassCaches Failed to clear soft references from ObjectStreamClass$Caches for web application [ROOT]
	java.lang.ClassCastException: class java.io.ObjectStreamClass$Caches$1 cannot be cast to class java.util.Map (java.io.ObjectStreamClass$Caches$1 and java.util.Map are in module java.base of loader 'bootstrap')
		at org.apache.catalina.loader.WebappClassLoaderBase.clearCache(WebappClassLoaderBase.java:2363)
		at org.apache.catalina.loader.WebappClassLoaderBase.clearReferencesObjectStreamClassCaches(WebappClassLoaderBase.java:2338)
		at org.apache.catalina.loader.WebappClassLoaderBase.clearReferences(WebappClassLoaderBase.java:1706)
		at org.apache.catalina.loader.WebappClassLoaderBase.stop(WebappClassLoaderBase.java:1634)
		at org.apache.catalina.loader.WebappLoader.stopInternal(WebappLoader.java:429)
		at org.apache.catalina.util.LifecycleBase.stop(LifecycleBase.java:257)
		at org.apache.catalina.core.StandardContext.stopInternal(StandardContext.java:5464)
		at org.apache.catalina.util.LifecycleBase.stop(LifecycleBase.java:257)
		at org.apache.catalina.core.ContainerBase$StopChild.call(ContainerBase.java:1412)
		at org.apache.catalina.core.ContainerBase$StopChild.call(ContainerBase.java:1401)
		at java.base/java.util.concurrent.FutureTask.run(FutureTask.java:264)
		at org.apache.tomcat.util.threads.InlineExecutorService.execute(InlineExecutorService.java:75)
		at java.base/java.util.concurrent.AbstractExecutorService.submit(AbstractExecutorService.java:140)
		at org.apache.catalina.core.ContainerBase.stopInternal(ContainerBase.java:986)
		at org.apache.catalina.util.LifecycleBase.stop(LifecycleBase.java:257)
		at org.apache.catalina.core.ContainerBase$StopChild.call(ContainerBase.java:1412)
		at org.apache.catalina.core.ContainerBase$StopChild.call(ContainerBase.java:1401)
		at java.base/java.util.concurrent.FutureTask.run(FutureTask.java:264)
		at org.apache.tomcat.util.threads.InlineExecutorService.execute(InlineExecutorService.java:75)
		at java.base/java.util.concurrent.AbstractExecutorService.submit(AbstractExecutorService.java:140)
		at org.apache.catalina.core.ContainerBase.stopInternal(ContainerBase.java:986)
		at org.apache.catalina.util.LifecycleBase.stop(LifecycleBase.java:257)
		at org.apache.catalina.core.StandardService.stopInternal(StandardService.java:497)
		at org.apache.catalina.util.LifecycleBase.stop(LifecycleBase.java:257)
		at org.apache.catalina.core.StandardServer.stopInternal(StandardServer.java:979)
		at org.apache.catalina.util.LifecycleBase.stop(LifecycleBase.java:257)
		at org.apache.catalina.startup.Catalina.stop(Catalina.java:872)
		at org.apache.catalina.startup.Catalina.start(Catalina.java:834)
		at java.base/jdk.internal.reflect.NativeMethodAccessorImpl.invoke0(Native Method)
		at java.base/jdk.internal.reflect.NativeMethodAccessorImpl.invoke(NativeMethodAccessorImpl.java:62)
		at java.base/jdk.internal.reflect.DelegatingMethodAccessorImpl.invoke(DelegatingMethodAccessorImpl.java:43)
		at java.base/java.lang.reflect.Method.invoke(Method.java:566)
		at org.apache.catalina.startup.Bootstrap.start(Bootstrap.java:345)
		at org.apache.catalina.startup.Bootstrap.main(Bootstrap.java:476)
17-Feb-2025 01:39:40.644 WARNING [main] org.apache.catalina.loader.WebappClassLoaderBase.clearReferencesObjectStreamClassCaches Failed to clear soft references from ObjectStreamClass$Caches for web application [examples]
	java.lang.ClassCastException: class java.io.ObjectStreamClass$Caches$1 cannot be cast to class java.util.Map (java.io.ObjectStreamClass$Caches$1 and java.util.Map are in module java.base of loader 'bootstrap')
		at org.apache.catalina.loader.WebappClassLoaderBase.clearCache(WebappClassLoaderBase.java:2363)
		at org.apache.catalina.loader.WebappClassLoaderBase.clearReferencesObjectStreamClassCaches(WebappClassLoaderBase.java:2338)
		at org.apache.catalina.loader.WebappClassLoaderBase.clearReferences(WebappClassLoaderBase.java:1706)
		at org.apache.catalina.loader.WebappClassLoaderBase.stop(WebappClassLoaderBase.java:1634)
		at org.apache.catalina.loader.WebappLoader.stopInternal(WebappLoader.java:429)
		at org.apache.catalina.util.LifecycleBase.stop(LifecycleBase.java:257)
		at org.apache.catalina.core.StandardContext.stopInternal(StandardContext.java:5464)
		at org.apache.catalina.util.LifecycleBase.stop(LifecycleBase.java:257)
		at org.apache.catalina.core.ContainerBase$StopChild.call(ContainerBase.java:1412)
		at org.apache.catalina.core.ContainerBase$StopChild.call(ContainerBase.java:1401)
		at java.base/java.util.concurrent.FutureTask.run(FutureTask.java:264)
		at org.apache.tomcat.util.threads.InlineExecutorService.execute(InlineExecutorService.java:75)
		at java.base/java.util.concurrent.AbstractExecutorService.submit(AbstractExecutorService.java:140)
		at org.apache.catalina.core.ContainerBase.stopInternal(ContainerBase.java:986)
		at org.apache.catalina.util.LifecycleBase.stop(LifecycleBase.java:257)
		at org.apache.catalina.core.ContainerBase$StopChild.call(ContainerBase.java:1412)
		at org.apache.catalina.core.ContainerBase$StopChild.call(ContainerBase.java:1401)
		at java.base/java.util.concurrent.FutureTask.run(FutureTask.java:264)
		at org.apache.tomcat.util.threads.InlineExecutorService.execute(InlineExecutorService.java:75)
		at java.base/java.util.concurrent.AbstractExecutorService.submit(AbstractExecutorService.java:140)
		at org.apache.catalina.core.ContainerBase.stopInternal(ContainerBase.java:986)
		at org.apache.catalina.util.LifecycleBase.stop(LifecycleBase.java:257)
		at org.apache.catalina.core.StandardService.stopInternal(StandardService.java:497)
		at org.apache.catalina.util.LifecycleBase.stop(LifecycleBase.java:257)
		at org.apache.catalina.core.StandardServer.stopInternal(StandardServer.java:979)
		at org.apache.catalina.util.LifecycleBase.stop(LifecycleBase.java:257)
		at org.apache.catalina.startup.Catalina.stop(Catalina.java:872)
		at org.apache.catalina.startup.Catalina.start(Catalina.java:834)
		at java.base/jdk.internal.reflect.NativeMethodAccessorImpl.invoke0(Native Method)
		at java.base/jdk.internal.reflect.NativeMethodAccessorImpl.invoke(NativeMethodAccessorImpl.java:62)
		at java.base/jdk.internal.reflect.DelegatingMethodAccessorImpl.invoke(DelegatingMethodAccessorImpl.java:43)
		at java.base/java.lang.reflect.Method.invoke(Method.java:566)
		at org.apache.catalina.startup.Bootstrap.start(Bootstrap.java:345)
		at org.apache.catalina.startup.Bootstrap.main(Bootstrap.java:476)
17-Feb-2025 01:39:40.663 WARNING [main] org.apache.catalina.loader.WebappClassLoaderBase.clearReferencesObjectStreamClassCaches Failed to clear soft references from ObjectStreamClass$Caches for web application [host-manager]
	java.lang.ClassCastException: class java.io.ObjectStreamClass$Caches$1 cannot be cast to class java.util.Map (java.io.ObjectStreamClass$Caches$1 and java.util.Map are in module java.base of loader 'bootstrap')
		at org.apache.catalina.loader.WebappClassLoaderBase.clearCache(WebappClassLoaderBase.java:2363)
		at org.apache.catalina.loader.WebappClassLoaderBase.clearReferencesObjectStreamClassCaches(WebappClassLoaderBase.java:2338)
		at org.apache.catalina.loader.WebappClassLoaderBase.clearReferences(WebappClassLoaderBase.java:1706)
		at org.apache.catalina.loader.WebappClassLoaderBase.stop(WebappClassLoaderBase.java:1634)
		at org.apache.catalina.loader.WebappLoader.stopInternal(WebappLoader.java:429)
		at org.apache.catalina.util.LifecycleBase.stop(LifecycleBase.java:257)
		at org.apache.catalina.core.StandardContext.stopInternal(StandardContext.java:5464)
		at org.apache.catalina.util.LifecycleBase.stop(LifecycleBase.java:257)
		at org.apache.catalina.core.ContainerBase$StopChild.call(ContainerBase.java:1412)
		at org.apache.catalina.core.ContainerBase$StopChild.call(ContainerBase.java:1401)
		at java.base/java.util.concurrent.FutureTask.run(FutureTask.java:264)
		at org.apache.tomcat.util.threads.InlineExecutorService.execute(InlineExecutorService.java:75)
		at java.base/java.util.concurrent.AbstractExecutorService.submit(AbstractExecutorService.java:140)
		at org.apache.catalina.core.ContainerBase.stopInternal(ContainerBase.java:986)
		at org.apache.catalina.util.LifecycleBase.stop(LifecycleBase.java:257)
		at org.apache.catalina.core.ContainerBase$StopChild.call(ContainerBase.java:1412)
		at org.apache.catalina.core.ContainerBase$StopChild.call(ContainerBase.java:1401)
		at java.base/java.util.concurrent.FutureTask.run(FutureTask.java:264)
		at org.apache.tomcat.util.threads.InlineExecutorService.execute(InlineExecutorService.java:75)
		at java.base/java.util.concurrent.AbstractExecutorService.submit(AbstractExecutorService.java:140)
		at org.apache.catalina.core.ContainerBase.stopInternal(ContainerBase.java:986)
		at org.apache.catalina.util.LifecycleBase.stop(LifecycleBase.java:257)
		at org.apache.catalina.core.StandardService.stopInternal(StandardService.java:497)
		at org.apache.catalina.util.LifecycleBase.stop(LifecycleBase.java:257)
		at org.apache.catalina.core.StandardServer.stopInternal(StandardServer.java:979)
		at org.apache.catalina.util.LifecycleBase.stop(LifecycleBase.java:257)
		at org.apache.catalina.startup.Catalina.stop(Catalina.java:872)
		at org.apache.catalina.startup.Catalina.start(Catalina.java:834)
		at java.base/jdk.internal.reflect.NativeMethodAccessorImpl.invoke0(Native Method)
		at java.base/jdk.internal.reflect.NativeMethodAccessorImpl.invoke(NativeMethodAccessorImpl.java:62)
		at java.base/jdk.internal.reflect.DelegatingMethodAccessorImpl.invoke(DelegatingMethodAccessorImpl.java:43)
		at java.base/java.lang.reflect.Method.invoke(Method.java:566)
		at org.apache.catalina.startup.Bootstrap.start(Bootstrap.java:345)
		at org.apache.catalina.startup.Bootstrap.main(Bootstrap.java:476)
17-Feb-2025 01:39:40.666 WARNING [main] org.apache.catalina.loader.WebappClassLoaderBase.clearReferencesObjectStreamClassCaches Failed to clear soft references from ObjectStreamClass$Caches for web application [my_webapp]
	java.lang.ClassCastException: class java.io.ObjectStreamClass$Caches$1 cannot be cast to class java.util.Map (java.io.ObjectStreamClass$Caches$1 and java.util.Map are in module java.base of loader 'bootstrap')
		at org.apache.catalina.loader.WebappClassLoaderBase.clearCache(WebappClassLoaderBase.java:2363)
		at org.apache.catalina.loader.WebappClassLoaderBase.clearReferencesObjectStreamClassCaches(WebappClassLoaderBase.java:2338)
		at org.apache.catalina.loader.WebappClassLoaderBase.clearReferences(WebappClassLoaderBase.java:1706)
		at org.apache.catalina.loader.WebappClassLoaderBase.stop(WebappClassLoaderBase.java:1634)
		at org.apache.catalina.loader.WebappLoader.stopInternal(WebappLoader.java:429)
		at org.apache.catalina.util.LifecycleBase.stop(LifecycleBase.java:257)
		at org.apache.catalina.core.StandardContext.stopInternal(StandardContext.java:5464)
		at org.apache.catalina.util.LifecycleBase.stop(LifecycleBase.java:257)
		at org.apache.catalina.core.ContainerBase$StopChild.call(ContainerBase.java:1412)
		at org.apache.catalina.core.ContainerBase$StopChild.call(ContainerBase.java:1401)
		at java.base/java.util.concurrent.FutureTask.run(FutureTask.java:264)
		at org.apache.tomcat.util.threads.InlineExecutorService.execute(InlineExecutorService.java:75)
		at java.base/java.util.concurrent.AbstractExecutorService.submit(AbstractExecutorService.java:140)
		at org.apache.catalina.core.ContainerBase.stopInternal(ContainerBase.java:986)
		at org.apache.catalina.util.LifecycleBase.stop(LifecycleBase.java:257)
		at org.apache.catalina.core.ContainerBase$StopChild.call(ContainerBase.java:1412)
		at org.apache.catalina.core.ContainerBase$StopChild.call(ContainerBase.java:1401)
		at java.base/java.util.concurrent.FutureTask.run(FutureTask.java:264)
		at org.apache.tomcat.util.threads.InlineExecutorService.execute(InlineExecutorService.java:75)
		at java.base/java.util.concurrent.AbstractExecutorService.submit(AbstractExecutorService.java:140)
		at org.apache.catalina.core.ContainerBase.stopInternal(ContainerBase.java:986)
		at org.apache.catalina.util.LifecycleBase.stop(LifecycleBase.java:257)
		at org.apache.catalina.core.StandardService.stopInternal(StandardService.java:497)
		at org.apache.catalina.util.LifecycleBase.stop(LifecycleBase.java:257)
		at org.apache.catalina.core.StandardServer.stopInternal(StandardServer.java:979)
		at org.apache.catalina.util.LifecycleBase.stop(LifecycleBase.java:257)
		at org.apache.catalina.startup.Catalina.stop(Catalina.java:872)
		at org.apache.catalina.startup.Catalina.start(Catalina.java:834)
		at java.base/jdk.internal.reflect.NativeMethodAccessorImpl.invoke0(Native Method)
		at java.base/jdk.internal.reflect.NativeMethodAccessorImpl.invoke(NativeMethodAccessorImpl.java:62)
		at java.base/jdk.internal.reflect.DelegatingMethodAccessorImpl.invoke(DelegatingMethodAccessorImpl.java:43)
		at java.base/java.lang.reflect.Method.invoke(Method.java:566)
		at org.apache.catalina.startup.Bootstrap.start(Bootstrap.java:345)
		at org.apache.catalina.startup.Bootstrap.main(Bootstrap.java:476)
17-Feb-2025 01:39:40.669 WARNING [main] org.apache.catalina.loader.WebappClassLoaderBase.clearReferencesObjectStreamClassCaches Failed to clear soft references from ObjectStreamClass$Caches for web application [manager]
	java.lang.ClassCastException: class java.io.ObjectStreamClass$Caches$1 cannot be cast to class java.util.Map (java.io.ObjectStreamClass$Caches$1 and java.util.Map are in module java.base of loader 'bootstrap')
		at org.apache.catalina.loader.WebappClassLoaderBase.clearCache(WebappClassLoaderBase.java:2363)
		at org.apache.catalina.loader.WebappClassLoaderBase.clearReferencesObjectStreamClassCaches(WebappClassLoaderBase.java:2338)
		at org.apache.catalina.loader.WebappClassLoaderBase.clearReferences(WebappClassLoaderBase.java:1706)
		at org.apache.catalina.loader.WebappClassLoaderBase.stop(WebappClassLoaderBase.java:1634)
		at org.apache.catalina.loader.WebappLoader.stopInternal(WebappLoader.java:429)
		at org.apache.catalina.util.LifecycleBase.stop(LifecycleBase.java:257)
		at org.apache.catalina.core.StandardContext.stopInternal(StandardContext.java:5464)
		at org.apache.catalina.util.LifecycleBase.stop(LifecycleBase.java:257)
		at org.apache.catalina.core.ContainerBase$StopChild.call(ContainerBase.java:1412)
		at org.apache.catalina.core.ContainerBase$StopChild.call(ContainerBase.java:1401)
		at java.base/java.util.concurrent.FutureTask.run(FutureTask.java:264)
		at org.apache.tomcat.util.threads.InlineExecutorService.execute(InlineExecutorService.java:75)
		at java.base/java.util.concurrent.AbstractExecutorService.submit(AbstractExecutorService.java:140)
		at org.apache.catalina.core.ContainerBase.stopInternal(ContainerBase.java:986)
		at org.apache.catalina.util.LifecycleBase.stop(LifecycleBase.java:257)
		at org.apache.catalina.core.ContainerBase$StopChild.call(ContainerBase.java:1412)
		at org.apache.catalina.core.ContainerBase$StopChild.call(ContainerBase.java:1401)
		at java.base/java.util.concurrent.FutureTask.run(FutureTask.java:264)
		at org.apache.tomcat.util.threads.InlineExecutorService.execute(InlineExecutorService.java:75)
		at java.base/java.util.concurrent.AbstractExecutorService.submit(AbstractExecutorService.java:140)
		at org.apache.catalina.core.ContainerBase.stopInternal(ContainerBase.java:986)
		at org.apache.catalina.util.LifecycleBase.stop(LifecycleBase.java:257)
		at org.apache.catalina.core.StandardService.stopInternal(StandardService.java:497)
		at org.apache.catalina.util.LifecycleBase.stop(LifecycleBase.java:257)
		at org.apache.catalina.core.StandardServer.stopInternal(StandardServer.java:979)
		at org.apache.catalina.util.LifecycleBase.stop(LifecycleBase.java:257)
		at org.apache.catalina.startup.Catalina.stop(Catalina.java:872)
		at org.apache.catalina.startup.Catalina.start(Catalina.java:834)
		at java.base/jdk.internal.reflect.NativeMethodAccessorImpl.invoke0(Native Method)
		at java.base/jdk.internal.reflect.NativeMethodAccessorImpl.invoke(NativeMethodAccessorImpl.java:62)
		at java.base/jdk.internal.reflect.DelegatingMethodAccessorImpl.invoke(DelegatingMethodAccessorImpl.java:43)
		at java.base/java.lang.reflect.Method.invoke(Method.java:566)
		at org.apache.catalina.startup.Bootstrap.start(Bootstrap.java:345)
		at org.apache.catalina.startup.Bootstrap.main(Bootstrap.java:476)
17-Feb-2025 01:39:40.672 WARNING [main] org.apache.catalina.loader.WebappClassLoaderBase.clearReferencesObjectStreamClassCaches Failed to clear soft references from ObjectStreamClass$Caches for web application [docs]
	java.lang.ClassCastException: class java.io.ObjectStreamClass$Caches$1 cannot be cast to class java.util.Map (java.io.ObjectStreamClass$Caches$1 and java.util.Map are in module java.base of loader 'bootstrap')
		at org.apache.catalina.loader.WebappClassLoaderBase.clearCache(WebappClassLoaderBase.java:2363)
		at org.apache.catalina.loader.WebappClassLoaderBase.clearReferencesObjectStreamClassCaches(WebappClassLoaderBase.java:2338)
		at org.apache.catalina.loader.WebappClassLoaderBase.clearReferences(WebappClassLoaderBase.java:1706)
		at org.apache.catalina.loader.WebappClassLoaderBase.stop(WebappClassLoaderBase.java:1634)
		at org.apache.catalina.loader.WebappLoader.stopInternal(WebappLoader.java:429)
		at org.apache.catalina.util.LifecycleBase.stop(LifecycleBase.java:257)
		at org.apache.catalina.core.StandardContext.stopInternal(StandardContext.java:5464)
		at org.apache.catalina.util.LifecycleBase.stop(LifecycleBase.java:257)
		at org.apache.catalina.core.ContainerBase$StopChild.call(ContainerBase.java:1412)
		at org.apache.catalina.core.ContainerBase$StopChild.call(ContainerBase.java:1401)
		at java.base/java.util.concurrent.FutureTask.run(FutureTask.java:264)
		at org.apache.tomcat.util.threads.InlineExecutorService.execute(InlineExecutorService.java:75)
		at java.base/java.util.concurrent.AbstractExecutorService.submit(AbstractExecutorService.java:140)
		at org.apache.catalina.core.ContainerBase.stopInternal(ContainerBase.java:986)
		at org.apache.catalina.util.LifecycleBase.stop(LifecycleBase.java:257)
		at org.apache.catalina.core.ContainerBase$StopChild.call(ContainerBase.java:1412)
		at org.apache.catalina.core.ContainerBase$StopChild.call(ContainerBase.java:1401)
		at java.base/java.util.concurrent.FutureTask.run(FutureTask.java:264)
		at org.apache.tomcat.util.threads.InlineExecutorService.execute(InlineExecutorService.java:75)
		at java.base/java.util.concurrent.AbstractExecutorService.submit(AbstractExecutorService.java:140)
		at org.apache.catalina.core.ContainerBase.stopInternal(ContainerBase.java:986)
		at org.apache.catalina.util.LifecycleBase.stop(LifecycleBase.java:257)
		at org.apache.catalina.core.StandardService.stopInternal(StandardService.java:497)
		at org.apache.catalina.util.LifecycleBase.stop(LifecycleBase.java:257)
		at org.apache.catalina.core.StandardServer.stopInternal(StandardServer.java:979)
		at org.apache.catalina.util.LifecycleBase.stop(LifecycleBase.java:257)
		at org.apache.catalina.startup.Catalina.stop(Catalina.java:872)
		at org.apache.catalina.startup.Catalina.start(Catalina.java:834)
		at java.base/jdk.internal.reflect.NativeMethodAccessorImpl.invoke0(Native Method)
		at java.base/jdk.internal.reflect.NativeMethodAccessorImpl.invoke(NativeMethodAccessorImpl.java:62)
		at java.base/jdk.internal.reflect.DelegatingMethodAccessorImpl.invoke(DelegatingMethodAccessorImpl.java:43)
		at java.base/java.lang.reflect.Method.invoke(Method.java:566)
		at org.apache.catalina.startup.Bootstrap.start(Bootstrap.java:345)
		at org.apache.catalina.startup.Bootstrap.main(Bootstrap.java:476)
17-Feb-2025 01:39:40.674 INFO [main] org.apache.coyote.AbstractProtocol.stop Stopping ProtocolHandler ["http-nio-8080"]
17-Feb-2025 01:39:40.737 INFO [main] org.apache.coyote.AbstractProtocol.destroy Destroying ProtocolHandler ["http-nio-8080"]
17-Feb-2025 01:39:41.222 INFO [main] org.apache.catalina.startup.VersionLoggerListener.log Server version name:   Apache Tomcat/10.0.10
17-Feb-2025 01:39:41.235 INFO [main] org.apache.catalina.startup.VersionLoggerListener.log Server built:          Jul 30 2021 09:51:27 UTC
17-Feb-2025 01:39:41.235 INFO [main] org.apache.catalina.startup.VersionLoggerListener.log Server version number: 10.0.10.0
17-Feb-2025 01:39:41.235 INFO [main] org.apache.catalina.startup.VersionLoggerListener.log OS Name:               Linux
17-Feb-2025 01:39:41.235 INFO [main] org.apache.catalina.startup.VersionLoggerListener.log OS Version:            5.15.0-92-generic
17-Feb-2025 01:39:41.236 INFO [main] org.apache.catalina.startup.VersionLoggerListener.log Architecture:          amd64
17-Feb-2025 01:39:41.236 INFO [main] org.apache.catalina.startup.VersionLoggerListener.log Java Home:             /usr/lib/jvm/java-11-openjdk-amd64
17-Feb-2025 01:39:41.236 INFO [main] org.apache.catalina.startup.VersionLoggerListener.log JVM Version:           11.0.26+4-post-Ubuntu-1ubuntu122.04
17-Feb-2025 01:39:41.236 INFO [main] org.apache.catalina.startup.VersionLoggerListener.log JVM Vendor:            Ubuntu
17-Feb-2025 01:39:41.236 INFO [main] org.apache.catalina.startup.VersionLoggerListener.log CATALINA_BASE:         /home/alumne/proj/FIB-PTI/servlets/apache-tomcat-10.0.10
17-Feb-2025 01:39:41.236 INFO [main] org.apache.catalina.startup.VersionLoggerListener.log CATALINA_HOME:         /home/alumne/proj/FIB-PTI/servlets/apache-tomcat-10.0.10
17-Feb-2025 01:39:41.244 INFO [main] org.apache.catalina.startup.VersionLoggerListener.log Command line argument: --add-opens=java.base/java.lang=ALL-UNNAMED
17-Feb-2025 01:39:41.244 INFO [main] org.apache.catalina.startup.VersionLoggerListener.log Command line argument: --add-opens=java.base/java.io=ALL-UNNAMED
17-Feb-2025 01:39:41.245 INFO [main] org.apache.catalina.startup.VersionLoggerListener.log Command line argument: --add-opens=java.base/java.util=ALL-UNNAMED
17-Feb-2025 01:39:41.245 INFO [main] org.apache.catalina.startup.VersionLoggerListener.log Command line argument: --add-opens=java.base/java.util.concurrent=ALL-UNNAMED
17-Feb-2025 01:39:41.245 INFO [main] org.apache.catalina.startup.VersionLoggerListener.log Command line argument: --add-opens=java.rmi/sun.rmi.transport=ALL-UNNAMED
17-Feb-2025 01:39:41.245 INFO [main] org.apache.catalina.startup.VersionLoggerListener.log Command line argument: -Djava.util.logging.config.file=/home/alumne/proj/FIB-PTI/servlets/apache-tomcat-10.0.10/conf/logging.properties
17-Feb-2025 01:39:41.245 INFO [main] org.apache.catalina.startup.VersionLoggerListener.log Command line argument: -Djava.util.logging.manager=org.apache.juli.ClassLoaderLogManager
17-Feb-2025 01:39:41.245 INFO [main] org.apache.catalina.startup.VersionLoggerListener.log Command line argument: -Djdk.tls.ephemeralDHKeySize=2048
17-Feb-2025 01:39:41.245 INFO [main] org.apache.catalina.startup.VersionLoggerListener.log Command line argument: -Djava.protocol.handler.pkgs=org.apache.catalina.webresources
17-Feb-2025 01:39:41.245 INFO [main] org.apache.catalina.startup.VersionLoggerListener.log Command line argument: -Dorg.apache.catalina.security.SecurityListener.UMASK=0027
17-Feb-2025 01:39:41.245 INFO [main] org.apache.catalina.startup.VersionLoggerListener.log Command line argument: -Dignore.endorsed.dirs=
17-Feb-2025 01:39:41.245 INFO [main] org.apache.catalina.startup.VersionLoggerListener.log Command line argument: -Dcatalina.base=/home/alumne/proj/FIB-PTI/servlets/apache-tomcat-10.0.10
17-Feb-2025 01:39:41.245 INFO [main] org.apache.catalina.startup.VersionLoggerListener.log Command line argument: -Dcatalina.home=/home/alumne/proj/FIB-PTI/servlets/apache-tomcat-10.0.10
17-Feb-2025 01:39:41.246 INFO [main] org.apache.catalina.startup.VersionLoggerListener.log Command line argument: -Djava.io.tmpdir=/home/alumne/proj/FIB-PTI/servlets/apache-tomcat-10.0.10/temp
17-Feb-2025 01:39:41.250 INFO [main] org.apache.catalina.core.AprLifecycleListener.lifecycleEvent The Apache Tomcat Native library which allows using OpenSSL was not found on the java.library.path: [/home/alumne/catkin_ws/devel/lib:/opt/ros/noetic/lib:/tmp/.mount_cursora60JV6/usr/lib:/usr/java/packages/lib:/usr/lib/x86_64-linux-gnu/jni:/lib/x86_64-linux-gnu:/usr/lib/x86_64-linux-gnu:/usr/lib/jni:/lib:/usr/lib]
17-Feb-2025 01:39:41.507 INFO [main] org.apache.coyote.AbstractProtocol.init Initializing ProtocolHandler ["http-nio-8080"]
17-Feb-2025 01:39:41.525 INFO [main] org.apache.catalina.startup.Catalina.load Server initialization in [459] milliseconds
17-Feb-2025 01:39:41.590 INFO [main] org.apache.catalina.core.StandardService.startInternal Starting service [Catalina]
17-Feb-2025 01:39:41.591 INFO [main] org.apache.catalina.core.StandardEngine.startInternal Starting Servlet engine: [Apache Tomcat/10.0.10]
17-Feb-2025 01:39:41.603 INFO [main] org.apache.catalina.startup.HostConfig.deployDirectory Deploying web application directory [/home/alumne/proj/FIB-PTI/servlets/apache-tomcat-10.0.10/webapps/host-manager]
17-Feb-2025 01:39:41.939 INFO [main] org.apache.jasper.servlet.TldScanner.scanJars At least one JAR was scanned for TLDs yet contained no TLDs. Enable debug logging for this logger for a complete list of JARs that were scanned but no TLDs were found in them. Skipping unneeded JARs during scanning can improve startup time and JSP compilation time.
17-Feb-2025 01:39:42.020 INFO [main] org.apache.catalina.startup.HostConfig.deployDirectory Deployment of web application directory [/home/alumne/proj/FIB-PTI/servlets/apache-tomcat-10.0.10/webapps/host-manager] has finished in [416] ms
17-Feb-2025 01:39:42.020 INFO [main] org.apache.catalina.startup.HostConfig.deployDirectory Deploying web application directory [/home/alumne/proj/FIB-PTI/servlets/apache-tomcat-10.0.10/webapps/ROOT]
17-Feb-2025 01:39:42.049 INFO [main] org.apache.jasper.servlet.TldScanner.scanJars At least one JAR was scanned for TLDs yet contained no TLDs. Enable debug logging for this logger for a complete list of JARs that were scanned but no TLDs were found in them. Skipping unneeded JARs during scanning can improve startup time and JSP compilation time.
17-Feb-2025 01:39:42.051 INFO [main] org.apache.catalina.startup.HostConfig.deployDirectory Deployment of web application directory [/home/alumne/proj/FIB-PTI/servlets/apache-tomcat-10.0.10/webapps/ROOT] has finished in [31] ms
17-Feb-2025 01:39:42.051 INFO [main] org.apache.catalina.startup.HostConfig.deployDirectory Deploying web application directory [/home/alumne/proj/FIB-PTI/servlets/apache-tomcat-10.0.10/webapps/my_webapp]
17-Feb-2025 01:39:42.111 INFO [main] org.apache.jasper.servlet.TldScanner.scanJars At least one JAR was scanned for TLDs yet contained no TLDs. Enable debug logging for this logger for a complete list of JARs that were scanned but no TLDs were found in them. Skipping unneeded JARs during scanning can improve startup time and JSP compilation time.
17-Feb-2025 01:39:42.118 INFO [main] org.apache.catalina.startup.HostConfig.deployDirectory Deployment of web application directory [/home/alumne/proj/FIB-PTI/servlets/apache-tomcat-10.0.10/webapps/my_webapp] has finished in [67] ms
17-Feb-2025 01:39:42.120 INFO [main] org.apache.catalina.startup.HostConfig.deployDirectory Deploying web application directory [/home/alumne/proj/FIB-PTI/servlets/apache-tomcat-10.0.10/webapps/manager]
17-Feb-2025 01:39:42.152 INFO [main] org.apache.jasper.servlet.TldScanner.scanJars At least one JAR was scanned for TLDs yet contained no TLDs. Enable debug logging for this logger for a complete list of JARs that were scanned but no TLDs were found in them. Skipping unneeded JARs during scanning can improve startup time and JSP compilation time.
17-Feb-2025 01:39:42.156 INFO [main] org.apache.catalina.startup.HostConfig.deployDirectory Deployment of web application directory [/home/alumne/proj/FIB-PTI/servlets/apache-tomcat-10.0.10/webapps/manager] has finished in [36] ms
17-Feb-2025 01:39:42.156 INFO [main] org.apache.catalina.startup.HostConfig.deployDirectory Deploying web application directory [/home/alumne/proj/FIB-PTI/servlets/apache-tomcat-10.0.10/webapps/docs]
17-Feb-2025 01:39:42.206 INFO [main] org.apache.jasper.servlet.TldScanner.scanJars At least one JAR was scanned for TLDs yet contained no TLDs. Enable debug logging for this logger for a complete list of JARs that were scanned but no TLDs were found in them. Skipping unneeded JARs during scanning can improve startup time and JSP compilation time.
17-Feb-2025 01:39:42.207 INFO [main] org.apache.catalina.startup.HostConfig.deployDirectory Deployment of web application directory [/home/alumne/proj/FIB-PTI/servlets/apache-tomcat-10.0.10/webapps/docs] has finished in [51] ms
17-Feb-2025 01:39:42.208 INFO [main] org.apache.catalina.startup.HostConfig.deployDirectory Deploying web application directory [/home/alumne/proj/FIB-PTI/servlets/apache-tomcat-10.0.10/webapps/examples]
17-Feb-2025 01:39:42.359 INFO [main] org.apache.jasper.servlet.TldScanner.scanJars At least one JAR was scanned for TLDs yet contained no TLDs. Enable debug logging for this logger for a complete list of JARs that were scanned but no TLDs were found in them. Skipping unneeded JARs during scanning can improve startup time and JSP compilation time.
17-Feb-2025 01:39:42.369 INFO [main] org.apache.catalina.startup.HostConfig.deployDirectory Deployment of web application directory [/home/alumne/proj/FIB-PTI/servlets/apache-tomcat-10.0.10/webapps/examples] has finished in [161] ms
17-Feb-2025 01:39:42.372 INFO [main] org.apache.coyote.AbstractProtocol.start Starting ProtocolHandler ["http-nio-8080"]
17-Feb-2025 01:39:42.378 INFO [main] org.apache.catalina.startup.Catalina.start Server startup in [852] milliseconds
17-Feb-2025 01:40:23.369 INFO [main] org.apache.catalina.core.StandardServer.await A valid shutdown command was received via the shutdown port. Stopping the Server instance.
17-Feb-2025 01:40:23.369 INFO [main] org.apache.coyote.AbstractProtocol.pause Pausing ProtocolHandler ["http-nio-8080"]
17-Feb-2025 01:40:23.381 INFO [main] org.apache.catalina.core.StandardService.stopInternal Stopping service [Catalina]
17-Feb-2025 01:40:23.387 WARNING [main] org.apache.catalina.loader.WebappClassLoaderBase.clearReferencesObjectStreamClassCaches Failed to clear soft references from ObjectStreamClass$Caches for web application [ROOT]
	java.lang.ClassCastException: class java.io.ObjectStreamClass$Caches$1 cannot be cast to class java.util.Map (java.io.ObjectStreamClass$Caches$1 and java.util.Map are in module java.base of loader 'bootstrap')
		at org.apache.catalina.loader.WebappClassLoaderBase.clearCache(WebappClassLoaderBase.java:2363)
		at org.apache.catalina.loader.WebappClassLoaderBase.clearReferencesObjectStreamClassCaches(WebappClassLoaderBase.java:2338)
		at org.apache.catalina.loader.WebappClassLoaderBase.clearReferences(WebappClassLoaderBase.java:1706)
		at org.apache.catalina.loader.WebappClassLoaderBase.stop(WebappClassLoaderBase.java:1634)
		at org.apache.catalina.loader.WebappLoader.stopInternal(WebappLoader.java:429)
		at org.apache.catalina.util.LifecycleBase.stop(LifecycleBase.java:257)
		at org.apache.catalina.core.StandardContext.stopInternal(StandardContext.java:5464)
		at org.apache.catalina.util.LifecycleBase.stop(LifecycleBase.java:257)
		at org.apache.catalina.core.ContainerBase$StopChild.call(ContainerBase.java:1412)
		at org.apache.catalina.core.ContainerBase$StopChild.call(ContainerBase.java:1401)
		at java.base/java.util.concurrent.FutureTask.run(FutureTask.java:264)
		at org.apache.tomcat.util.threads.InlineExecutorService.execute(InlineExecutorService.java:75)
		at java.base/java.util.concurrent.AbstractExecutorService.submit(AbstractExecutorService.java:140)
		at org.apache.catalina.core.ContainerBase.stopInternal(ContainerBase.java:986)
		at org.apache.catalina.util.LifecycleBase.stop(LifecycleBase.java:257)
		at org.apache.catalina.core.ContainerBase$StopChild.call(ContainerBase.java:1412)
		at org.apache.catalina.core.ContainerBase$StopChild.call(ContainerBase.java:1401)
		at java.base/java.util.concurrent.FutureTask.run(FutureTask.java:264)
		at org.apache.tomcat.util.threads.InlineExecutorService.execute(InlineExecutorService.java:75)
		at java.base/java.util.concurrent.AbstractExecutorService.submit(AbstractExecutorService.java:140)
		at org.apache.catalina.core.ContainerBase.stopInternal(ContainerBase.java:986)
		at org.apache.catalina.util.LifecycleBase.stop(LifecycleBase.java:257)
		at org.apache.catalina.core.StandardService.stopInternal(StandardService.java:497)
		at org.apache.catalina.util.LifecycleBase.stop(LifecycleBase.java:257)
		at org.apache.catalina.core.StandardServer.stopInternal(StandardServer.java:979)
		at org.apache.catalina.util.LifecycleBase.stop(LifecycleBase.java:257)
		at org.apache.catalina.startup.Catalina.stop(Catalina.java:872)
		at org.apache.catalina.startup.Catalina.start(Catalina.java:834)
		at java.base/jdk.internal.reflect.NativeMethodAccessorImpl.invoke0(Native Method)
		at java.base/jdk.internal.reflect.NativeMethodAccessorImpl.invoke(NativeMethodAccessorImpl.java:62)
		at java.base/jdk.internal.reflect.DelegatingMethodAccessorImpl.invoke(DelegatingMethodAccessorImpl.java:43)
		at java.base/java.lang.reflect.Method.invoke(Method.java:566)
		at org.apache.catalina.startup.Bootstrap.start(Bootstrap.java:345)
		at org.apache.catalina.startup.Bootstrap.main(Bootstrap.java:476)
17-Feb-2025 01:40:23.393 WARNING [main] org.apache.catalina.loader.WebappClassLoaderBase.clearReferencesObjectStreamClassCaches Failed to clear soft references from ObjectStreamClass$Caches for web application [examples]
	java.lang.ClassCastException: class java.io.ObjectStreamClass$Caches$1 cannot be cast to class java.util.Map (java.io.ObjectStreamClass$Caches$1 and java.util.Map are in module java.base of loader 'bootstrap')
		at org.apache.catalina.loader.WebappClassLoaderBase.clearCache(WebappClassLoaderBase.java:2363)
		at org.apache.catalina.loader.WebappClassLoaderBase.clearReferencesObjectStreamClassCaches(WebappClassLoaderBase.java:2338)
		at org.apache.catalina.loader.WebappClassLoaderBase.clearReferences(WebappClassLoaderBase.java:1706)
		at org.apache.catalina.loader.WebappClassLoaderBase.stop(WebappClassLoaderBase.java:1634)
		at org.apache.catalina.loader.WebappLoader.stopInternal(WebappLoader.java:429)
		at org.apache.catalina.util.LifecycleBase.stop(LifecycleBase.java:257)
		at org.apache.catalina.core.StandardContext.stopInternal(StandardContext.java:5464)
		at org.apache.catalina.util.LifecycleBase.stop(LifecycleBase.java:257)
		at org.apache.catalina.core.ContainerBase$StopChild.call(ContainerBase.java:1412)
		at org.apache.catalina.core.ContainerBase$StopChild.call(ContainerBase.java:1401)
		at java.base/java.util.concurrent.FutureTask.run(FutureTask.java:264)
		at org.apache.tomcat.util.threads.InlineExecutorService.execute(InlineExecutorService.java:75)
		at java.base/java.util.concurrent.AbstractExecutorService.submit(AbstractExecutorService.java:140)
		at org.apache.catalina.core.ContainerBase.stopInternal(ContainerBase.java:986)
		at org.apache.catalina.util.LifecycleBase.stop(LifecycleBase.java:257)
		at org.apache.catalina.core.ContainerBase$StopChild.call(ContainerBase.java:1412)
		at org.apache.catalina.core.ContainerBase$StopChild.call(ContainerBase.java:1401)
		at java.base/java.util.concurrent.FutureTask.run(FutureTask.java:264)
		at org.apache.tomcat.util.threads.InlineExecutorService.execute(InlineExecutorService.java:75)
		at java.base/java.util.concurrent.AbstractExecutorService.submit(AbstractExecutorService.java:140)
		at org.apache.catalina.core.ContainerBase.stopInternal(ContainerBase.java:986)
		at org.apache.catalina.util.LifecycleBase.stop(LifecycleBase.java:257)
		at org.apache.catalina.core.StandardService.stopInternal(StandardService.java:497)
		at org.apache.catalina.util.LifecycleBase.stop(LifecycleBase.java:257)
		at org.apache.catalina.core.StandardServer.stopInternal(StandardServer.java:979)
		at org.apache.catalina.util.LifecycleBase.stop(LifecycleBase.java:257)
		at org.apache.catalina.startup.Catalina.stop(Catalina.java:872)
		at org.apache.catalina.startup.Catalina.start(Catalina.java:834)
		at java.base/jdk.internal.reflect.NativeMethodAccessorImpl.invoke0(Native Method)
		at java.base/jdk.internal.reflect.NativeMethodAccessorImpl.invoke(NativeMethodAccessorImpl.java:62)
		at java.base/jdk.internal.reflect.DelegatingMethodAccessorImpl.invoke(DelegatingMethodAccessorImpl.java:43)
		at java.base/java.lang.reflect.Method.invoke(Method.java:566)
		at org.apache.catalina.startup.Bootstrap.start(Bootstrap.java:345)
		at org.apache.catalina.startup.Bootstrap.main(Bootstrap.java:476)
17-Feb-2025 01:40:23.399 WARNING [main] org.apache.catalina.loader.WebappClassLoaderBase.clearReferencesObjectStreamClassCaches Failed to clear soft references from ObjectStreamClass$Caches for web application [host-manager]
	java.lang.ClassCastException: class java.io.ObjectStreamClass$Caches$1 cannot be cast to class java.util.Map (java.io.ObjectStreamClass$Caches$1 and java.util.Map are in module java.base of loader 'bootstrap')
		at org.apache.catalina.loader.WebappClassLoaderBase.clearCache(WebappClassLoaderBase.java:2363)
		at org.apache.catalina.loader.WebappClassLoaderBase.clearReferencesObjectStreamClassCaches(WebappClassLoaderBase.java:2338)
		at org.apache.catalina.loader.WebappClassLoaderBase.clearReferences(WebappClassLoaderBase.java:1706)
		at org.apache.catalina.loader.WebappClassLoaderBase.stop(WebappClassLoaderBase.java:1634)
		at org.apache.catalina.loader.WebappLoader.stopInternal(WebappLoader.java:429)
		at org.apache.catalina.util.LifecycleBase.stop(LifecycleBase.java:257)
		at org.apache.catalina.core.StandardContext.stopInternal(StandardContext.java:5464)
		at org.apache.catalina.util.LifecycleBase.stop(LifecycleBase.java:257)
		at org.apache.catalina.core.ContainerBase$StopChild.call(ContainerBase.java:1412)
		at org.apache.catalina.core.ContainerBase$StopChild.call(ContainerBase.java:1401)
		at java.base/java.util.concurrent.FutureTask.run(FutureTask.java:264)
		at org.apache.tomcat.util.threads.InlineExecutorService.execute(InlineExecutorService.java:75)
		at java.base/java.util.concurrent.AbstractExecutorService.submit(AbstractExecutorService.java:140)
		at org.apache.catalina.core.ContainerBase.stopInternal(ContainerBase.java:986)
		at org.apache.catalina.util.LifecycleBase.stop(LifecycleBase.java:257)
		at org.apache.catalina.core.ContainerBase$StopChild.call(ContainerBase.java:1412)
		at org.apache.catalina.core.ContainerBase$StopChild.call(ContainerBase.java:1401)
		at java.base/java.util.concurrent.FutureTask.run(FutureTask.java:264)
		at org.apache.tomcat.util.threads.InlineExecutorService.execute(InlineExecutorService.java:75)
		at java.base/java.util.concurrent.AbstractExecutorService.submit(AbstractExecutorService.java:140)
		at org.apache.catalina.core.ContainerBase.stopInternal(ContainerBase.java:986)
		at org.apache.catalina.util.LifecycleBase.stop(LifecycleBase.java:257)
		at org.apache.catalina.core.StandardService.stopInternal(StandardService.java:497)
		at org.apache.catalina.util.LifecycleBase.stop(LifecycleBase.java:257)
		at org.apache.catalina.core.StandardServer.stopInternal(StandardServer.java:979)
		at org.apache.catalina.util.LifecycleBase.stop(LifecycleBase.java:257)
		at org.apache.catalina.startup.Catalina.stop(Catalina.java:872)
		at org.apache.catalina.startup.Catalina.start(Catalina.java:834)
		at java.base/jdk.internal.reflect.NativeMethodAccessorImpl.invoke0(Native Method)
		at java.base/jdk.internal.reflect.NativeMethodAccessorImpl.invoke(NativeMethodAccessorImpl.java:62)
		at java.base/jdk.internal.reflect.DelegatingMethodAccessorImpl.invoke(DelegatingMethodAccessorImpl.java:43)
		at java.base/java.lang.reflect.Method.invoke(Method.java:566)
		at org.apache.catalina.startup.Bootstrap.start(Bootstrap.java:345)
		at org.apache.catalina.startup.Bootstrap.main(Bootstrap.java:476)
17-Feb-2025 01:40:23.401 WARNING [main] org.apache.catalina.loader.WebappClassLoaderBase.clearReferencesObjectStreamClassCaches Failed to clear soft references from ObjectStreamClass$Caches for web application [my_webapp]
	java.lang.ClassCastException: class java.io.ObjectStreamClass$Caches$1 cannot be cast to class java.util.Map (java.io.ObjectStreamClass$Caches$1 and java.util.Map are in module java.base of loader 'bootstrap')
		at org.apache.catalina.loader.WebappClassLoaderBase.clearCache(WebappClassLoaderBase.java:2363)
		at org.apache.catalina.loader.WebappClassLoaderBase.clearReferencesObjectStreamClassCaches(WebappClassLoaderBase.java:2338)
		at org.apache.catalina.loader.WebappClassLoaderBase.clearReferences(WebappClassLoaderBase.java:1706)
		at org.apache.catalina.loader.WebappClassLoaderBase.stop(WebappClassLoaderBase.java:1634)
		at org.apache.catalina.loader.WebappLoader.stopInternal(WebappLoader.java:429)
		at org.apache.catalina.util.LifecycleBase.stop(LifecycleBase.java:257)
		at org.apache.catalina.core.StandardContext.stopInternal(StandardContext.java:5464)
		at org.apache.catalina.util.LifecycleBase.stop(LifecycleBase.java:257)
		at org.apache.catalina.core.ContainerBase$StopChild.call(ContainerBase.java:1412)
		at org.apache.catalina.core.ContainerBase$StopChild.call(ContainerBase.java:1401)
		at java.base/java.util.concurrent.FutureTask.run(FutureTask.java:264)
		at org.apache.tomcat.util.threads.InlineExecutorService.execute(InlineExecutorService.java:75)
		at java.base/java.util.concurrent.AbstractExecutorService.submit(AbstractExecutorService.java:140)
		at org.apache.catalina.core.ContainerBase.stopInternal(ContainerBase.java:986)
		at org.apache.catalina.util.LifecycleBase.stop(LifecycleBase.java:257)
		at org.apache.catalina.core.ContainerBase$StopChild.call(ContainerBase.java:1412)
		at org.apache.catalina.core.ContainerBase$StopChild.call(ContainerBase.java:1401)
		at java.base/java.util.concurrent.FutureTask.run(FutureTask.java:264)
		at org.apache.tomcat.util.threads.InlineExecutorService.execute(InlineExecutorService.java:75)
		at java.base/java.util.concurrent.AbstractExecutorService.submit(AbstractExecutorService.java:140)
		at org.apache.catalina.core.ContainerBase.stopInternal(ContainerBase.java:986)
		at org.apache.catalina.util.LifecycleBase.stop(LifecycleBase.java:257)
		at org.apache.catalina.core.StandardService.stopInternal(StandardService.java:497)
		at org.apache.catalina.util.LifecycleBase.stop(LifecycleBase.java:257)
		at org.apache.catalina.core.StandardServer.stopInternal(StandardServer.java:979)
		at org.apache.catalina.util.LifecycleBase.stop(LifecycleBase.java:257)
		at org.apache.catalina.startup.Catalina.stop(Catalina.java:872)
		at org.apache.catalina.startup.Catalina.start(Catalina.java:834)
		at java.base/jdk.internal.reflect.NativeMethodAccessorImpl.invoke0(Native Method)
		at java.base/jdk.internal.reflect.NativeMethodAccessorImpl.invoke(NativeMethodAccessorImpl.java:62)
		at java.base/jdk.internal.reflect.DelegatingMethodAccessorImpl.invoke(DelegatingMethodAccessorImpl.java:43)
		at java.base/java.lang.reflect.Method.invoke(Method.java:566)
		at org.apache.catalina.startup.Bootstrap.start(Bootstrap.java:345)
		at org.apache.catalina.startup.Bootstrap.main(Bootstrap.java:476)
17-Feb-2025 01:40:23.404 WARNING [main] org.apache.catalina.loader.WebappClassLoaderBase.clearReferencesObjectStreamClassCaches Failed to clear soft references from ObjectStreamClass$Caches for web application [manager]
	java.lang.ClassCastException: class java.io.ObjectStreamClass$Caches$1 cannot be cast to class java.util.Map (java.io.ObjectStreamClass$Caches$1 and java.util.Map are in module java.base of loader 'bootstrap')
		at org.apache.catalina.loader.WebappClassLoaderBase.clearCache(WebappClassLoaderBase.java:2363)
		at org.apache.catalina.loader.WebappClassLoaderBase.clearReferencesObjectStreamClassCaches(WebappClassLoaderBase.java:2338)
		at org.apache.catalina.loader.WebappClassLoaderBase.clearReferences(WebappClassLoaderBase.java:1706)
		at org.apache.catalina.loader.WebappClassLoaderBase.stop(WebappClassLoaderBase.java:1634)
		at org.apache.catalina.loader.WebappLoader.stopInternal(WebappLoader.java:429)
		at org.apache.catalina.util.LifecycleBase.stop(LifecycleBase.java:257)
		at org.apache.catalina.core.StandardContext.stopInternal(StandardContext.java:5464)
		at org.apache.catalina.util.LifecycleBase.stop(LifecycleBase.java:257)
		at org.apache.catalina.core.ContainerBase$StopChild.call(ContainerBase.java:1412)
		at org.apache.catalina.core.ContainerBase$StopChild.call(ContainerBase.java:1401)
		at java.base/java.util.concurrent.FutureTask.run(FutureTask.java:264)
		at org.apache.tomcat.util.threads.InlineExecutorService.execute(InlineExecutorService.java:75)
		at java.base/java.util.concurrent.AbstractExecutorService.submit(AbstractExecutorService.java:140)
		at org.apache.catalina.core.ContainerBase.stopInternal(ContainerBase.java:986)
		at org.apache.catalina.util.LifecycleBase.stop(LifecycleBase.java:257)
		at org.apache.catalina.core.ContainerBase$StopChild.call(ContainerBase.java:1412)
		at org.apache.catalina.core.ContainerBase$StopChild.call(ContainerBase.java:1401)
		at java.base/java.util.concurrent.FutureTask.run(FutureTask.java:264)
		at org.apache.tomcat.util.threads.InlineExecutorService.execute(InlineExecutorService.java:75)
		at java.base/java.util.concurrent.AbstractExecutorService.submit(AbstractExecutorService.java:140)
		at org.apache.catalina.core.ContainerBase.stopInternal(ContainerBase.java:986)
		at org.apache.catalina.util.LifecycleBase.stop(LifecycleBase.java:257)
		at org.apache.catalina.core.StandardService.stopInternal(StandardService.java:497)
		at org.apache.catalina.util.LifecycleBase.stop(LifecycleBase.java:257)
		at org.apache.catalina.core.StandardServer.stopInternal(StandardServer.java:979)
		at org.apache.catalina.util.LifecycleBase.stop(LifecycleBase.java:257)
		at org.apache.catalina.startup.Catalina.stop(Catalina.java:872)
		at org.apache.catalina.startup.Catalina.start(Catalina.java:834)
		at java.base/jdk.internal.reflect.NativeMethodAccessorImpl.invoke0(Native Method)
		at java.base/jdk.internal.reflect.NativeMethodAccessorImpl.invoke(NativeMethodAccessorImpl.java:62)
		at java.base/jdk.internal.reflect.DelegatingMethodAccessorImpl.invoke(DelegatingMethodAccessorImpl.java:43)
		at java.base/java.lang.reflect.Method.invoke(Method.java:566)
		at org.apache.catalina.startup.Bootstrap.start(Bootstrap.java:345)
		at org.apache.catalina.startup.Bootstrap.main(Bootstrap.java:476)
17-Feb-2025 01:40:23.406 WARNING [main] org.apache.catalina.loader.WebappClassLoaderBase.clearReferencesObjectStreamClassCaches Failed to clear soft references from ObjectStreamClass$Caches for web application [docs]
	java.lang.ClassCastException: class java.io.ObjectStreamClass$Caches$1 cannot be cast to class java.util.Map (java.io.ObjectStreamClass$Caches$1 and java.util.Map are in module java.base of loader 'bootstrap')
		at org.apache.catalina.loader.WebappClassLoaderBase.clearCache(WebappClassLoaderBase.java:2363)
		at org.apache.catalina.loader.WebappClassLoaderBase.clearReferencesObjectStreamClassCaches(WebappClassLoaderBase.java:2338)
		at org.apache.catalina.loader.WebappClassLoaderBase.clearReferences(WebappClassLoaderBase.java:1706)
		at org.apache.catalina.loader.WebappClassLoaderBase.stop(WebappClassLoaderBase.java:1634)
		at org.apache.catalina.loader.WebappLoader.stopInternal(WebappLoader.java:429)
		at org.apache.catalina.util.LifecycleBase.stop(LifecycleBase.java:257)
		at org.apache.catalina.core.StandardContext.stopInternal(StandardContext.java:5464)
		at org.apache.catalina.util.LifecycleBase.stop(LifecycleBase.java:257)
		at org.apache.catalina.core.ContainerBase$StopChild.call(ContainerBase.java:1412)
		at org.apache.catalina.core.ContainerBase$StopChild.call(ContainerBase.java:1401)
		at java.base/java.util.concurrent.FutureTask.run(FutureTask.java:264)
		at org.apache.tomcat.util.threads.InlineExecutorService.execute(InlineExecutorService.java:75)
		at java.base/java.util.concurrent.AbstractExecutorService.submit(AbstractExecutorService.java:140)
		at org.apache.catalina.core.ContainerBase.stopInternal(ContainerBase.java:986)
		at org.apache.catalina.util.LifecycleBase.stop(LifecycleBase.java:257)
		at org.apache.catalina.core.ContainerBase$StopChild.call(ContainerBase.java:1412)
		at org.apache.catalina.core.ContainerBase$StopChild.call(ContainerBase.java:1401)
		at java.base/java.util.concurrent.FutureTask.run(FutureTask.java:264)
		at org.apache.tomcat.util.threads.InlineExecutorService.execute(InlineExecutorService.java:75)
		at java.base/java.util.concurrent.AbstractExecutorService.submit(AbstractExecutorService.java:140)
		at org.apache.catalina.core.ContainerBase.stopInternal(ContainerBase.java:986)
		at org.apache.catalina.util.LifecycleBase.stop(LifecycleBase.java:257)
		at org.apache.catalina.core.StandardService.stopInternal(StandardService.java:497)
		at org.apache.catalina.util.LifecycleBase.stop(LifecycleBase.java:257)
		at org.apache.catalina.core.StandardServer.stopInternal(StandardServer.java:979)
		at org.apache.catalina.util.LifecycleBase.stop(LifecycleBase.java:257)
		at org.apache.catalina.startup.Catalina.stop(Catalina.java:872)
		at org.apache.catalina.startup.Catalina.start(Catalina.java:834)
		at java.base/jdk.internal.reflect.NativeMethodAccessorImpl.invoke0(Native Method)
		at java.base/jdk.internal.reflect.NativeMethodAccessorImpl.invoke(NativeMethodAccessorImpl.java:62)
		at java.base/jdk.internal.reflect.DelegatingMethodAccessorImpl.invoke(DelegatingMethodAccessorImpl.java:43)
		at java.base/java.lang.reflect.Method.invoke(Method.java:566)
		at org.apache.catalina.startup.Bootstrap.start(Bootstrap.java:345)
		at org.apache.catalina.startup.Bootstrap.main(Bootstrap.java:476)
17-Feb-2025 01:40:23.408 INFO [main] org.apache.coyote.AbstractProtocol.stop Stopping ProtocolHandler ["http-nio-8080"]
17-Feb-2025 01:40:23.454 INFO [main] org.apache.coyote.AbstractProtocol.destroy Destroying ProtocolHandler ["http-nio-8080"]
17-Feb-2025 01:40:23.919 INFO [main] org.apache.catalina.startup.VersionLoggerListener.log Server version name:   Apache Tomcat/10.0.10
17-Feb-2025 01:40:23.924 INFO [main] org.apache.catalina.startup.VersionLoggerListener.log Server built:          Jul 30 2021 09:51:27 UTC
17-Feb-2025 01:40:23.924 INFO [main] org.apache.catalina.startup.VersionLoggerListener.log Server version number: 10.0.10.0
17-Feb-2025 01:40:23.924 INFO [main] org.apache.catalina.startup.VersionLoggerListener.log OS Name:               Linux
17-Feb-2025 01:40:23.924 INFO [main] org.apache.catalina.startup.VersionLoggerListener.log OS Version:            5.15.0-92-generic
17-Feb-2025 01:40:23.924 INFO [main] org.apache.catalina.startup.VersionLoggerListener.log Architecture:          amd64
17-Feb-2025 01:40:23.924 INFO [main] org.apache.catalina.startup.VersionLoggerListener.log Java Home:             /usr/lib/jvm/java-11-openjdk-amd64
17-Feb-2025 01:40:23.924 INFO [main] org.apache.catalina.startup.VersionLoggerListener.log JVM Version:           11.0.26+4-post-Ubuntu-1ubuntu122.04
17-Feb-2025 01:40:23.924 INFO [main] org.apache.catalina.startup.VersionLoggerListener.log JVM Vendor:            Ubuntu
17-Feb-2025 01:40:23.925 INFO [main] org.apache.catalina.startup.VersionLoggerListener.log CATALINA_BASE:         /home/alumne/proj/FIB-PTI/servlets/apache-tomcat-10.0.10
17-Feb-2025 01:40:23.925 INFO [main] org.apache.catalina.startup.VersionLoggerListener.log CATALINA_HOME:         /home/alumne/proj/FIB-PTI/servlets/apache-tomcat-10.0.10
17-Feb-2025 01:40:23.933 INFO [main] org.apache.catalina.startup.VersionLoggerListener.log Command line argument: --add-opens=java.base/java.lang=ALL-UNNAMED
17-Feb-2025 01:40:23.933 INFO [main] org.apache.catalina.startup.VersionLoggerListener.log Command line argument: --add-opens=java.base/java.io=ALL-UNNAMED
17-Feb-2025 01:40:23.933 INFO [main] org.apache.catalina.startup.VersionLoggerListener.log Command line argument: --add-opens=java.base/java.util=ALL-UNNAMED
17-Feb-2025 01:40:23.933 INFO [main] org.apache.catalina.startup.VersionLoggerListener.log Command line argument: --add-opens=java.base/java.util.concurrent=ALL-UNNAMED
17-Feb-2025 01:40:23.934 INFO [main] org.apache.catalina.startup.VersionLoggerListener.log Command line argument: --add-opens=java.rmi/sun.rmi.transport=ALL-UNNAMED
17-Feb-2025 01:40:23.934 INFO [main] org.apache.catalina.startup.VersionLoggerListener.log Command line argument: -Djava.util.logging.config.file=/home/alumne/proj/FIB-PTI/servlets/apache-tomcat-10.0.10/conf/logging.properties
17-Feb-2025 01:40:23.934 INFO [main] org.apache.catalina.startup.VersionLoggerListener.log Command line argument: -Djava.util.logging.manager=org.apache.juli.ClassLoaderLogManager
17-Feb-2025 01:40:23.934 INFO [main] org.apache.catalina.startup.VersionLoggerListener.log Command line argument: -Djdk.tls.ephemeralDHKeySize=2048
17-Feb-2025 01:40:23.934 INFO [main] org.apache.catalina.startup.VersionLoggerListener.log Command line argument: -Djava.protocol.handler.pkgs=org.apache.catalina.webresources
17-Feb-2025 01:40:23.934 INFO [main] org.apache.catalina.startup.VersionLoggerListener.log Command line argument: -Dorg.apache.catalina.security.SecurityListener.UMASK=0027
17-Feb-2025 01:40:23.934 INFO [main] org.apache.catalina.startup.VersionLoggerListener.log Command line argument: -Dignore.endorsed.dirs=
17-Feb-2025 01:40:23.934 INFO [main] org.apache.catalina.startup.VersionLoggerListener.log Command line argument: -Dcatalina.base=/home/alumne/proj/FIB-PTI/servlets/apache-tomcat-10.0.10
17-Feb-2025 01:40:23.934 INFO [main] org.apache.catalina.startup.VersionLoggerListener.log Command line argument: -Dcatalina.home=/home/alumne/proj/FIB-PTI/servlets/apache-tomcat-10.0.10
17-Feb-2025 01:40:23.934 INFO [main] org.apache.catalina.startup.VersionLoggerListener.log Command line argument: -Djava.io.tmpdir=/home/alumne/proj/FIB-PTI/servlets/apache-tomcat-10.0.10/temp
17-Feb-2025 01:40:23.939 INFO [main] org.apache.catalina.core.AprLifecycleListener.lifecycleEvent The Apache Tomcat Native library which allows using OpenSSL was not found on the java.library.path: [/home/alumne/catkin_ws/devel/lib:/opt/ros/noetic/lib:/tmp/.mount_cursora60JV6/usr/lib:/usr/java/packages/lib:/usr/lib/x86_64-linux-gnu/jni:/lib/x86_64-linux-gnu:/usr/lib/x86_64-linux-gnu:/usr/lib/jni:/lib:/usr/lib]
17-Feb-2025 01:40:24.202 INFO [main] org.apache.coyote.AbstractProtocol.init Initializing ProtocolHandler ["http-nio-8080"]
17-Feb-2025 01:40:24.240 INFO [main] org.apache.catalina.startup.Catalina.load Server initialization in [476] milliseconds
17-Feb-2025 01:40:24.315 INFO [main] org.apache.catalina.core.StandardService.startInternal Starting service [Catalina]
17-Feb-2025 01:40:24.315 INFO [main] org.apache.catalina.core.StandardEngine.startInternal Starting Servlet engine: [Apache Tomcat/10.0.10]
17-Feb-2025 01:40:24.324 INFO [main] org.apache.catalina.startup.HostConfig.deployDirectory Deploying web application directory [/home/alumne/proj/FIB-PTI/servlets/apache-tomcat-10.0.10/webapps/host-manager]
17-Feb-2025 01:40:24.635 INFO [main] org.apache.jasper.servlet.TldScanner.scanJars At least one JAR was scanned for TLDs yet contained no TLDs. Enable debug logging for this logger for a complete list of JARs that were scanned but no TLDs were found in them. Skipping unneeded JARs during scanning can improve startup time and JSP compilation time.
17-Feb-2025 01:40:24.689 INFO [main] org.apache.catalina.startup.HostConfig.deployDirectory Deployment of web application directory [/home/alumne/proj/FIB-PTI/servlets/apache-tomcat-10.0.10/webapps/host-manager] has finished in [365] ms
17-Feb-2025 01:40:24.690 INFO [main] org.apache.catalina.startup.HostConfig.deployDirectory Deploying web application directory [/home/alumne/proj/FIB-PTI/servlets/apache-tomcat-10.0.10/webapps/ROOT]
17-Feb-2025 01:40:24.754 INFO [main] org.apache.jasper.servlet.TldScanner.scanJars At least one JAR was scanned for TLDs yet contained no TLDs. Enable debug logging for this logger for a complete list of JARs that were scanned but no TLDs were found in them. Skipping unneeded JARs during scanning can improve startup time and JSP compilation time.
17-Feb-2025 01:40:24.765 INFO [main] org.apache.catalina.startup.HostConfig.deployDirectory Deployment of web application directory [/home/alumne/proj/FIB-PTI/servlets/apache-tomcat-10.0.10/webapps/ROOT] has finished in [74] ms
17-Feb-2025 01:40:24.765 INFO [main] org.apache.catalina.startup.HostConfig.deployDirectory Deploying web application directory [/home/alumne/proj/FIB-PTI/servlets/apache-tomcat-10.0.10/webapps/my_webapp]
17-Feb-2025 01:40:24.871 INFO [main] org.apache.jasper.servlet.TldScanner.scanJars At least one JAR was scanned for TLDs yet contained no TLDs. Enable debug logging for this logger for a complete list of JARs that were scanned but no TLDs were found in them. Skipping unneeded JARs during scanning can improve startup time and JSP compilation time.
17-Feb-2025 01:40:24.878 INFO [main] org.apache.catalina.startup.HostConfig.deployDirectory Deployment of web application directory [/home/alumne/proj/FIB-PTI/servlets/apache-tomcat-10.0.10/webapps/my_webapp] has finished in [113] ms
17-Feb-2025 01:40:24.879 INFO [main] org.apache.catalina.startup.HostConfig.deployDirectory Deploying web application directory [/home/alumne/proj/FIB-PTI/servlets/apache-tomcat-10.0.10/webapps/manager]
17-Feb-2025 01:40:24.916 INFO [main] org.apache.jasper.servlet.TldScanner.scanJars At least one JAR was scanned for TLDs yet contained no TLDs. Enable debug logging for this logger for a complete list of JARs that were scanned but no TLDs were found in them. Skipping unneeded JARs during scanning can improve startup time and JSP compilation time.
17-Feb-2025 01:40:24.919 INFO [main] org.apache.catalina.startup.HostConfig.deployDirectory Deployment of web application directory [/home/alumne/proj/FIB-PTI/servlets/apache-tomcat-10.0.10/webapps/manager] has finished in [40] ms
17-Feb-2025 01:40:24.919 INFO [main] org.apache.catalina.startup.HostConfig.deployDirectory Deploying web application directory [/home/alumne/proj/FIB-PTI/servlets/apache-tomcat-10.0.10/webapps/docs]
17-Feb-2025 01:40:24.932 INFO [main] org.apache.jasper.servlet.TldScanner.scanJars At least one JAR was scanned for TLDs yet contained no TLDs. Enable debug logging for this logger for a complete list of JARs that were scanned but no TLDs were found in them. Skipping unneeded JARs during scanning can improve startup time and JSP compilation time.
17-Feb-2025 01:40:24.934 INFO [main] org.apache.catalina.startup.HostConfig.deployDirectory Deployment of web application directory [/home/alumne/proj/FIB-PTI/servlets/apache-tomcat-10.0.10/webapps/docs] has finished in [14] ms
17-Feb-2025 01:40:24.934 INFO [main] org.apache.catalina.startup.HostConfig.deployDirectory Deploying web application directory [/home/alumne/proj/FIB-PTI/servlets/apache-tomcat-10.0.10/webapps/examples]
17-Feb-2025 01:40:25.040 INFO [main] org.apache.jasper.servlet.TldScanner.scanJars At least one JAR was scanned for TLDs yet contained no TLDs. Enable debug logging for this logger for a complete list of JARs that were scanned but no TLDs were found in them. Skipping unneeded JARs during scanning can improve startup time and JSP compilation time.
17-Feb-2025 01:40:25.059 INFO [main] org.apache.catalina.startup.HostConfig.deployDirectory Deployment of web application directory [/home/alumne/proj/FIB-PTI/servlets/apache-tomcat-10.0.10/webapps/examples] has finished in [125] ms
17-Feb-2025 01:40:25.069 INFO [main] org.apache.coyote.AbstractProtocol.start Starting ProtocolHandler ["http-nio-8080"]
17-Feb-2025 01:40:25.077 INFO [main] org.apache.catalina.startup.Catalina.start Server startup in [836] milliseconds
17-Feb-2025 01:41:50.416 INFO [main] org.apache.catalina.core.StandardServer.await A valid shutdown command was received via the shutdown port. Stopping the Server instance.
17-Feb-2025 01:41:50.417 INFO [main] org.apache.coyote.AbstractProtocol.pause Pausing ProtocolHandler ["http-nio-8080"]
17-Feb-2025 01:41:50.424 INFO [main] org.apache.catalina.core.StandardService.stopInternal Stopping service [Catalina]
17-Feb-2025 01:41:50.430 WARNING [main] org.apache.catalina.loader.WebappClassLoaderBase.clearReferencesObjectStreamClassCaches Failed to clear soft references from ObjectStreamClass$Caches for web application [ROOT]
	java.lang.ClassCastException: class java.io.ObjectStreamClass$Caches$1 cannot be cast to class java.util.Map (java.io.ObjectStreamClass$Caches$1 and java.util.Map are in module java.base of loader 'bootstrap')
		at org.apache.catalina.loader.WebappClassLoaderBase.clearCache(WebappClassLoaderBase.java:2363)
		at org.apache.catalina.loader.WebappClassLoaderBase.clearReferencesObjectStreamClassCaches(WebappClassLoaderBase.java:2338)
		at org.apache.catalina.loader.WebappClassLoaderBase.clearReferences(WebappClassLoaderBase.java:1706)
		at org.apache.catalina.loader.WebappClassLoaderBase.stop(WebappClassLoaderBase.java:1634)
		at org.apache.catalina.loader.WebappLoader.stopInternal(WebappLoader.java:429)
		at org.apache.catalina.util.LifecycleBase.stop(LifecycleBase.java:257)
		at org.apache.catalina.core.StandardContext.stopInternal(StandardContext.java:5464)
		at org.apache.catalina.util.LifecycleBase.stop(LifecycleBase.java:257)
		at org.apache.catalina.core.ContainerBase$StopChild.call(ContainerBase.java:1412)
		at org.apache.catalina.core.ContainerBase$StopChild.call(ContainerBase.java:1401)
		at java.base/java.util.concurrent.FutureTask.run(FutureTask.java:264)
		at org.apache.tomcat.util.threads.InlineExecutorService.execute(InlineExecutorService.java:75)
		at java.base/java.util.concurrent.AbstractExecutorService.submit(AbstractExecutorService.java:140)
		at org.apache.catalina.core.ContainerBase.stopInternal(ContainerBase.java:986)
		at org.apache.catalina.util.LifecycleBase.stop(LifecycleBase.java:257)
		at org.apache.catalina.core.ContainerBase$StopChild.call(ContainerBase.java:1412)
		at org.apache.catalina.core.ContainerBase$StopChild.call(ContainerBase.java:1401)
		at java.base/java.util.concurrent.FutureTask.run(FutureTask.java:264)
		at org.apache.tomcat.util.threads.InlineExecutorService.execute(InlineExecutorService.java:75)
		at java.base/java.util.concurrent.AbstractExecutorService.submit(AbstractExecutorService.java:140)
		at org.apache.catalina.core.ContainerBase.stopInternal(ContainerBase.java:986)
		at org.apache.catalina.util.LifecycleBase.stop(LifecycleBase.java:257)
		at org.apache.catalina.core.StandardService.stopInternal(StandardService.java:497)
		at org.apache.catalina.util.LifecycleBase.stop(LifecycleBase.java:257)
		at org.apache.catalina.core.StandardServer.stopInternal(StandardServer.java:979)
		at org.apache.catalina.util.LifecycleBase.stop(LifecycleBase.java:257)
		at org.apache.catalina.startup.Catalina.stop(Catalina.java:872)
		at org.apache.catalina.startup.Catalina.start(Catalina.java:834)
		at java.base/jdk.internal.reflect.NativeMethodAccessorImpl.invoke0(Native Method)
		at java.base/jdk.internal.reflect.NativeMethodAccessorImpl.invoke(NativeMethodAccessorImpl.java:62)
		at java.base/jdk.internal.reflect.DelegatingMethodAccessorImpl.invoke(DelegatingMethodAccessorImpl.java:43)
		at java.base/java.lang.reflect.Method.invoke(Method.java:566)
		at org.apache.catalina.startup.Bootstrap.start(Bootstrap.java:345)
		at org.apache.catalina.startup.Bootstrap.main(Bootstrap.java:476)
17-Feb-2025 01:41:50.435 WARNING [main] org.apache.catalina.loader.WebappClassLoaderBase.clearReferencesObjectStreamClassCaches Failed to clear soft references from ObjectStreamClass$Caches for web application [examples]
	java.lang.ClassCastException: class java.io.ObjectStreamClass$Caches$1 cannot be cast to class java.util.Map (java.io.ObjectStreamClass$Caches$1 and java.util.Map are in module java.base of loader 'bootstrap')
		at org.apache.catalina.loader.WebappClassLoaderBase.clearCache(WebappClassLoaderBase.java:2363)
		at org.apache.catalina.loader.WebappClassLoaderBase.clearReferencesObjectStreamClassCaches(WebappClassLoaderBase.java:2338)
		at org.apache.catalina.loader.WebappClassLoaderBase.clearReferences(WebappClassLoaderBase.java:1706)
		at org.apache.catalina.loader.WebappClassLoaderBase.stop(WebappClassLoaderBase.java:1634)
		at org.apache.catalina.loader.WebappLoader.stopInternal(WebappLoader.java:429)
		at org.apache.catalina.util.LifecycleBase.stop(LifecycleBase.java:257)
		at org.apache.catalina.core.StandardContext.stopInternal(StandardContext.java:5464)
		at org.apache.catalina.util.LifecycleBase.stop(LifecycleBase.java:257)
		at org.apache.catalina.core.ContainerBase$StopChild.call(ContainerBase.java:1412)
		at org.apache.catalina.core.ContainerBase$StopChild.call(ContainerBase.java:1401)
		at java.base/java.util.concurrent.FutureTask.run(FutureTask.java:264)
		at org.apache.tomcat.util.threads.InlineExecutorService.execute(InlineExecutorService.java:75)
		at java.base/java.util.concurrent.AbstractExecutorService.submit(AbstractExecutorService.java:140)
		at org.apache.catalina.core.ContainerBase.stopInternal(ContainerBase.java:986)
		at org.apache.catalina.util.LifecycleBase.stop(LifecycleBase.java:257)
		at org.apache.catalina.core.ContainerBase$StopChild.call(ContainerBase.java:1412)
		at org.apache.catalina.core.ContainerBase$StopChild.call(ContainerBase.java:1401)
		at java.base/java.util.concurrent.FutureTask.run(FutureTask.java:264)
		at org.apache.tomcat.util.threads.InlineExecutorService.execute(InlineExecutorService.java:75)
		at java.base/java.util.concurrent.AbstractExecutorService.submit(AbstractExecutorService.java:140)
		at org.apache.catalina.core.ContainerBase.stopInternal(ContainerBase.java:986)
		at org.apache.catalina.util.LifecycleBase.stop(LifecycleBase.java:257)
		at org.apache.catalina.core.StandardService.stopInternal(StandardService.java:497)
		at org.apache.catalina.util.LifecycleBase.stop(LifecycleBase.java:257)
		at org.apache.catalina.core.StandardServer.stopInternal(StandardServer.java:979)
		at org.apache.catalina.util.LifecycleBase.stop(LifecycleBase.java:257)
		at org.apache.catalina.startup.Catalina.stop(Catalina.java:872)
		at org.apache.catalina.startup.Catalina.start(Catalina.java:834)
		at java.base/jdk.internal.reflect.NativeMethodAccessorImpl.invoke0(Native Method)
		at java.base/jdk.internal.reflect.NativeMethodAccessorImpl.invoke(NativeMethodAccessorImpl.java:62)
		at java.base/jdk.internal.reflect.DelegatingMethodAccessorImpl.invoke(DelegatingMethodAccessorImpl.java:43)
		at java.base/java.lang.reflect.Method.invoke(Method.java:566)
		at org.apache.catalina.startup.Bootstrap.start(Bootstrap.java:345)
		at org.apache.catalina.startup.Bootstrap.main(Bootstrap.java:476)
17-Feb-2025 01:41:50.437 WARNING [main] org.apache.catalina.loader.WebappClassLoaderBase.clearReferencesObjectStreamClassCaches Failed to clear soft references from ObjectStreamClass$Caches for web application [host-manager]
	java.lang.ClassCastException: class java.io.ObjectStreamClass$Caches$1 cannot be cast to class java.util.Map (java.io.ObjectStreamClass$Caches$1 and java.util.Map are in module java.base of loader 'bootstrap')
		at org.apache.catalina.loader.WebappClassLoaderBase.clearCache(WebappClassLoaderBase.java:2363)
		at org.apache.catalina.loader.WebappClassLoaderBase.clearReferencesObjectStreamClassCaches(WebappClassLoaderBase.java:2338)
		at org.apache.catalina.loader.WebappClassLoaderBase.clearReferences(WebappClassLoaderBase.java:1706)
		at org.apache.catalina.loader.WebappClassLoaderBase.stop(WebappClassLoaderBase.java:1634)
		at org.apache.catalina.loader.WebappLoader.stopInternal(WebappLoader.java:429)
		at org.apache.catalina.util.LifecycleBase.stop(LifecycleBase.java:257)
		at org.apache.catalina.core.StandardContext.stopInternal(StandardContext.java:5464)
		at org.apache.catalina.util.LifecycleBase.stop(LifecycleBase.java:257)
		at org.apache.catalina.core.ContainerBase$StopChild.call(ContainerBase.java:1412)
		at org.apache.catalina.core.ContainerBase$StopChild.call(ContainerBase.java:1401)
		at java.base/java.util.concurrent.FutureTask.run(FutureTask.java:264)
		at org.apache.tomcat.util.threads.InlineExecutorService.execute(InlineExecutorService.java:75)
		at java.base/java.util.concurrent.AbstractExecutorService.submit(AbstractExecutorService.java:140)
		at org.apache.catalina.core.ContainerBase.stopInternal(ContainerBase.java:986)
		at org.apache.catalina.util.LifecycleBase.stop(LifecycleBase.java:257)
		at org.apache.catalina.core.ContainerBase$StopChild.call(ContainerBase.java:1412)
		at org.apache.catalina.core.ContainerBase$StopChild.call(ContainerBase.java:1401)
		at java.base/java.util.concurrent.FutureTask.run(FutureTask.java:264)
		at org.apache.tomcat.util.threads.InlineExecutorService.execute(InlineExecutorService.java:75)
		at java.base/java.util.concurrent.AbstractExecutorService.submit(AbstractExecutorService.java:140)
		at org.apache.catalina.core.ContainerBase.stopInternal(ContainerBase.java:986)
		at org.apache.catalina.util.LifecycleBase.stop(LifecycleBase.java:257)
		at org.apache.catalina.core.StandardService.stopInternal(StandardService.java:497)
		at org.apache.catalina.util.LifecycleBase.stop(LifecycleBase.java:257)
		at org.apache.catalina.core.StandardServer.stopInternal(StandardServer.java:979)
		at org.apache.catalina.util.LifecycleBase.stop(LifecycleBase.java:257)
		at org.apache.catalina.startup.Catalina.stop(Catalina.java:872)
		at org.apache.catalina.startup.Catalina.start(Catalina.java:834)
		at java.base/jdk.internal.reflect.NativeMethodAccessorImpl.invoke0(Native Method)
		at java.base/jdk.internal.reflect.NativeMethodAccessorImpl.invoke(NativeMethodAccessorImpl.java:62)
		at java.base/jdk.internal.reflect.DelegatingMethodAccessorImpl.invoke(DelegatingMethodAccessorImpl.java:43)
		at java.base/java.lang.reflect.Method.invoke(Method.java:566)
		at org.apache.catalina.startup.Bootstrap.start(Bootstrap.java:345)
		at org.apache.catalina.startup.Bootstrap.main(Bootstrap.java:476)
17-Feb-2025 01:41:50.439 WARNING [main] org.apache.catalina.loader.WebappClassLoaderBase.clearReferencesObjectStreamClassCaches Failed to clear soft references from ObjectStreamClass$Caches for web application [my_webapp]
	java.lang.ClassCastException: class java.io.ObjectStreamClass$Caches$1 cannot be cast to class java.util.Map (java.io.ObjectStreamClass$Caches$1 and java.util.Map are in module java.base of loader 'bootstrap')
		at org.apache.catalina.loader.WebappClassLoaderBase.clearCache(WebappClassLoaderBase.java:2363)
		at org.apache.catalina.loader.WebappClassLoaderBase.clearReferencesObjectStreamClassCaches(WebappClassLoaderBase.java:2338)
		at org.apache.catalina.loader.WebappClassLoaderBase.clearReferences(WebappClassLoaderBase.java:1706)
		at org.apache.catalina.loader.WebappClassLoaderBase.stop(WebappClassLoaderBase.java:1634)
		at org.apache.catalina.loader.WebappLoader.stopInternal(WebappLoader.java:429)
		at org.apache.catalina.util.LifecycleBase.stop(LifecycleBase.java:257)
		at org.apache.catalina.core.StandardContext.stopInternal(StandardContext.java:5464)
		at org.apache.catalina.util.LifecycleBase.stop(LifecycleBase.java:257)
		at org.apache.catalina.core.ContainerBase$StopChild.call(ContainerBase.java:1412)
		at org.apache.catalina.core.ContainerBase$StopChild.call(ContainerBase.java:1401)
		at java.base/java.util.concurrent.FutureTask.run(FutureTask.java:264)
		at org.apache.tomcat.util.threads.InlineExecutorService.execute(InlineExecutorService.java:75)
		at java.base/java.util.concurrent.AbstractExecutorService.submit(AbstractExecutorService.java:140)
		at org.apache.catalina.core.ContainerBase.stopInternal(ContainerBase.java:986)
		at org.apache.catalina.util.LifecycleBase.stop(LifecycleBase.java:257)
		at org.apache.catalina.core.ContainerBase$StopChild.call(ContainerBase.java:1412)
		at org.apache.catalina.core.ContainerBase$StopChild.call(ContainerBase.java:1401)
		at java.base/java.util.concurrent.FutureTask.run(FutureTask.java:264)
		at org.apache.tomcat.util.threads.InlineExecutorService.execute(InlineExecutorService.java:75)
		at java.base/java.util.concurrent.AbstractExecutorService.submit(AbstractExecutorService.java:140)
		at org.apache.catalina.core.ContainerBase.stopInternal(ContainerBase.java:986)
		at org.apache.catalina.util.LifecycleBase.stop(LifecycleBase.java:257)
		at org.apache.catalina.core.StandardService.stopInternal(StandardService.java:497)
		at org.apache.catalina.util.LifecycleBase.stop(LifecycleBase.java:257)
		at org.apache.catalina.core.StandardServer.stopInternal(StandardServer.java:979)
		at org.apache.catalina.util.LifecycleBase.stop(LifecycleBase.java:257)
		at org.apache.catalina.startup.Catalina.stop(Catalina.java:872)
		at org.apache.catalina.startup.Catalina.start(Catalina.java:834)
		at java.base/jdk.internal.reflect.NativeMethodAccessorImpl.invoke0(Native Method)
		at java.base/jdk.internal.reflect.NativeMethodAccessorImpl.invoke(NativeMethodAccessorImpl.java:62)
		at java.base/jdk.internal.reflect.DelegatingMethodAccessorImpl.invoke(DelegatingMethodAccessorImpl.java:43)
		at java.base/java.lang.reflect.Method.invoke(Method.java:566)
		at org.apache.catalina.startup.Bootstrap.start(Bootstrap.java:345)
		at org.apache.catalina.startup.Bootstrap.main(Bootstrap.java:476)
17-Feb-2025 01:41:50.441 WARNING [main] org.apache.catalina.loader.WebappClassLoaderBase.clearReferencesObjectStreamClassCaches Failed to clear soft references from ObjectStreamClass$Caches for web application [manager]
	java.lang.ClassCastException: class java.io.ObjectStreamClass$Caches$1 cannot be cast to class java.util.Map (java.io.ObjectStreamClass$Caches$1 and java.util.Map are in module java.base of loader 'bootstrap')
		at org.apache.catalina.loader.WebappClassLoaderBase.clearCache(WebappClassLoaderBase.java:2363)
		at org.apache.catalina.loader.WebappClassLoaderBase.clearReferencesObjectStreamClassCaches(WebappClassLoaderBase.java:2338)
		at org.apache.catalina.loader.WebappClassLoaderBase.clearReferences(WebappClassLoaderBase.java:1706)
		at org.apache.catalina.loader.WebappClassLoaderBase.stop(WebappClassLoaderBase.java:1634)
		at org.apache.catalina.loader.WebappLoader.stopInternal(WebappLoader.java:429)
		at org.apache.catalina.util.LifecycleBase.stop(LifecycleBase.java:257)
		at org.apache.catalina.core.StandardContext.stopInternal(StandardContext.java:5464)
		at org.apache.catalina.util.LifecycleBase.stop(LifecycleBase.java:257)
		at org.apache.catalina.core.ContainerBase$StopChild.call(ContainerBase.java:1412)
		at org.apache.catalina.core.ContainerBase$StopChild.call(ContainerBase.java:1401)
		at java.base/java.util.concurrent.FutureTask.run(FutureTask.java:264)
		at org.apache.tomcat.util.threads.InlineExecutorService.execute(InlineExecutorService.java:75)
		at java.base/java.util.concurrent.AbstractExecutorService.submit(AbstractExecutorService.java:140)
		at org.apache.catalina.core.ContainerBase.stopInternal(ContainerBase.java:986)
		at org.apache.catalina.util.LifecycleBase.stop(LifecycleBase.java:257)
		at org.apache.catalina.core.ContainerBase$StopChild.call(ContainerBase.java:1412)
		at org.apache.catalina.core.ContainerBase$StopChild.call(ContainerBase.java:1401)
		at java.base/java.util.concurrent.FutureTask.run(FutureTask.java:264)
		at org.apache.tomcat.util.threads.InlineExecutorService.execute(InlineExecutorService.java:75)
		at java.base/java.util.concurrent.AbstractExecutorService.submit(AbstractExecutorService.java:140)
		at org.apache.catalina.core.ContainerBase.stopInternal(ContainerBase.java:986)
		at org.apache.catalina.util.LifecycleBase.stop(LifecycleBase.java:257)
		at org.apache.catalina.core.StandardService.stopInternal(StandardService.java:497)
		at org.apache.catalina.util.LifecycleBase.stop(LifecycleBase.java:257)
		at org.apache.catalina.core.StandardServer.stopInternal(StandardServer.java:979)
		at org.apache.catalina.util.LifecycleBase.stop(LifecycleBase.java:257)
		at org.apache.catalina.startup.Catalina.stop(Catalina.java:872)
		at org.apache.catalina.startup.Catalina.start(Catalina.java:834)
		at java.base/jdk.internal.reflect.NativeMethodAccessorImpl.invoke0(Native Method)
		at java.base/jdk.internal.reflect.NativeMethodAccessorImpl.invoke(NativeMethodAccessorImpl.java:62)
		at java.base/jdk.internal.reflect.DelegatingMethodAccessorImpl.invoke(DelegatingMethodAccessorImpl.java:43)
		at java.base/java.lang.reflect.Method.invoke(Method.java:566)
		at org.apache.catalina.startup.Bootstrap.start(Bootstrap.java:345)
		at org.apache.catalina.startup.Bootstrap.main(Bootstrap.java:476)
17-Feb-2025 01:41:50.443 WARNING [main] org.apache.catalina.loader.WebappClassLoaderBase.clearReferencesObjectStreamClassCaches Failed to clear soft references from ObjectStreamClass$Caches for web application [docs]
	java.lang.ClassCastException: class java.io.ObjectStreamClass$Caches$1 cannot be cast to class java.util.Map (java.io.ObjectStreamClass$Caches$1 and java.util.Map are in module java.base of loader 'bootstrap')
		at org.apache.catalina.loader.WebappClassLoaderBase.clearCache(WebappClassLoaderBase.java:2363)
		at org.apache.catalina.loader.WebappClassLoaderBase.clearReferencesObjectStreamClassCaches(WebappClassLoaderBase.java:2338)
		at org.apache.catalina.loader.WebappClassLoaderBase.clearReferences(WebappClassLoaderBase.java:1706)
		at org.apache.catalina.loader.WebappClassLoaderBase.stop(WebappClassLoaderBase.java:1634)
		at org.apache.catalina.loader.WebappLoader.stopInternal(WebappLoader.java:429)
		at org.apache.catalina.util.LifecycleBase.stop(LifecycleBase.java:257)
		at org.apache.catalina.core.StandardContext.stopInternal(StandardContext.java:5464)
		at org.apache.catalina.util.LifecycleBase.stop(LifecycleBase.java:257)
		at org.apache.catalina.core.ContainerBase$StopChild.call(ContainerBase.java:1412)
		at org.apache.catalina.core.ContainerBase$StopChild.call(ContainerBase.java:1401)
		at java.base/java.util.concurrent.FutureTask.run(FutureTask.java:264)
		at org.apache.tomcat.util.threads.InlineExecutorService.execute(InlineExecutorService.java:75)
		at java.base/java.util.concurrent.AbstractExecutorService.submit(AbstractExecutorService.java:140)
		at org.apache.catalina.core.ContainerBase.stopInternal(ContainerBase.java:986)
		at org.apache.catalina.util.LifecycleBase.stop(LifecycleBase.java:257)
		at org.apache.catalina.core.ContainerBase$StopChild.call(ContainerBase.java:1412)
		at org.apache.catalina.core.ContainerBase$StopChild.call(ContainerBase.java:1401)
		at java.base/java.util.concurrent.FutureTask.run(FutureTask.java:264)
		at org.apache.tomcat.util.threads.InlineExecutorService.execute(InlineExecutorService.java:75)
		at java.base/java.util.concurrent.AbstractExecutorService.submit(AbstractExecutorService.java:140)
		at org.apache.catalina.core.ContainerBase.stopInternal(ContainerBase.java:986)
		at org.apache.catalina.util.LifecycleBase.stop(LifecycleBase.java:257)
		at org.apache.catalina.core.StandardService.stopInternal(StandardService.java:497)
		at org.apache.catalina.util.LifecycleBase.stop(LifecycleBase.java:257)
		at org.apache.catalina.core.StandardServer.stopInternal(StandardServer.java:979)
		at org.apache.catalina.util.LifecycleBase.stop(LifecycleBase.java:257)
		at org.apache.catalina.startup.Catalina.stop(Catalina.java:872)
		at org.apache.catalina.startup.Catalina.start(Catalina.java:834)
		at java.base/jdk.internal.reflect.NativeMethodAccessorImpl.invoke0(Native Method)
		at java.base/jdk.internal.reflect.NativeMethodAccessorImpl.invoke(NativeMethodAccessorImpl.java:62)
		at java.base/jdk.internal.reflect.DelegatingMethodAccessorImpl.invoke(DelegatingMethodAccessorImpl.java:43)
		at java.base/java.lang.reflect.Method.invoke(Method.java:566)
		at org.apache.catalina.startup.Bootstrap.start(Bootstrap.java:345)
		at org.apache.catalina.startup.Bootstrap.main(Bootstrap.java:476)
17-Feb-2025 01:41:50.444 INFO [main] org.apache.coyote.AbstractProtocol.stop Stopping ProtocolHandler ["http-nio-8080"]
17-Feb-2025 01:41:50.484 INFO [main] org.apache.coyote.AbstractProtocol.destroy Destroying ProtocolHandler ["http-nio-8080"]
17-Feb-2025 01:41:51.194 INFO [main] org.apache.catalina.startup.VersionLoggerListener.log Server version name:   Apache Tomcat/10.0.10
17-Feb-2025 01:41:51.204 INFO [main] org.apache.catalina.startup.VersionLoggerListener.log Server built:          Jul 30 2021 09:51:27 UTC
17-Feb-2025 01:41:51.204 INFO [main] org.apache.catalina.startup.VersionLoggerListener.log Server version number: 10.0.10.0
17-Feb-2025 01:41:51.204 INFO [main] org.apache.catalina.startup.VersionLoggerListener.log OS Name:               Linux
17-Feb-2025 01:41:51.204 INFO [main] org.apache.catalina.startup.VersionLoggerListener.log OS Version:            5.15.0-92-generic
17-Feb-2025 01:41:51.204 INFO [main] org.apache.catalina.startup.VersionLoggerListener.log Architecture:          amd64
17-Feb-2025 01:41:51.204 INFO [main] org.apache.catalina.startup.VersionLoggerListener.log Java Home:             /usr/lib/jvm/java-11-openjdk-amd64
17-Feb-2025 01:41:51.204 INFO [main] org.apache.catalina.startup.VersionLoggerListener.log JVM Version:           11.0.26+4-post-Ubuntu-1ubuntu122.04
17-Feb-2025 01:41:51.204 INFO [main] org.apache.catalina.startup.VersionLoggerListener.log JVM Vendor:            Ubuntu
17-Feb-2025 01:41:51.205 INFO [main] org.apache.catalina.startup.VersionLoggerListener.log CATALINA_BASE:         /home/alumne/proj/FIB-PTI/servlets/apache-tomcat-10.0.10
17-Feb-2025 01:41:51.205 INFO [main] org.apache.catalina.startup.VersionLoggerListener.log CATALINA_HOME:         /home/alumne/proj/FIB-PTI/servlets/apache-tomcat-10.0.10
17-Feb-2025 01:41:51.219 INFO [main] org.apache.catalina.startup.VersionLoggerListener.log Command line argument: --add-opens=java.base/java.lang=ALL-UNNAMED
17-Feb-2025 01:41:51.219 INFO [main] org.apache.catalina.startup.VersionLoggerListener.log Command line argument: --add-opens=java.base/java.io=ALL-UNNAMED
17-Feb-2025 01:41:51.219 INFO [main] org.apache.catalina.startup.VersionLoggerListener.log Command line argument: --add-opens=java.base/java.util=ALL-UNNAMED
17-Feb-2025 01:41:51.219 INFO [main] org.apache.catalina.startup.VersionLoggerListener.log Command line argument: --add-opens=java.base/java.util.concurrent=ALL-UNNAMED
17-Feb-2025 01:41:51.219 INFO [main] org.apache.catalina.startup.VersionLoggerListener.log Command line argument: --add-opens=java.rmi/sun.rmi.transport=ALL-UNNAMED
17-Feb-2025 01:41:51.219 INFO [main] org.apache.catalina.startup.VersionLoggerListener.log Command line argument: -Djava.util.logging.config.file=/home/alumne/proj/FIB-PTI/servlets/apache-tomcat-10.0.10/conf/logging.properties
17-Feb-2025 01:41:51.219 INFO [main] org.apache.catalina.startup.VersionLoggerListener.log Command line argument: -Djava.util.logging.manager=org.apache.juli.ClassLoaderLogManager
17-Feb-2025 01:41:51.219 INFO [main] org.apache.catalina.startup.VersionLoggerListener.log Command line argument: -Djdk.tls.ephemeralDHKeySize=2048
17-Feb-2025 01:41:51.219 INFO [main] org.apache.catalina.startup.VersionLoggerListener.log Command line argument: -Djava.protocol.handler.pkgs=org.apache.catalina.webresources
17-Feb-2025 01:41:51.219 INFO [main] org.apache.catalina.startup.VersionLoggerListener.log Command line argument: -Dorg.apache.catalina.security.SecurityListener.UMASK=0027
17-Feb-2025 01:41:51.220 INFO [main] org.apache.catalina.startup.VersionLoggerListener.log Command line argument: -Dignore.endorsed.dirs=
17-Feb-2025 01:41:51.220 INFO [main] org.apache.catalina.startup.VersionLoggerListener.log Command line argument: -Dcatalina.base=/home/alumne/proj/FIB-PTI/servlets/apache-tomcat-10.0.10
17-Feb-2025 01:41:51.220 INFO [main] org.apache.catalina.startup.VersionLoggerListener.log Command line argument: -Dcatalina.home=/home/alumne/proj/FIB-PTI/servlets/apache-tomcat-10.0.10
17-Feb-2025 01:41:51.220 INFO [main] org.apache.catalina.startup.VersionLoggerListener.log Command line argument: -Djava.io.tmpdir=/home/alumne/proj/FIB-PTI/servlets/apache-tomcat-10.0.10/temp
17-Feb-2025 01:41:51.223 INFO [main] org.apache.catalina.core.AprLifecycleListener.lifecycleEvent The Apache Tomcat Native library which allows using OpenSSL was not found on the java.library.path: [/home/alumne/catkin_ws/devel/lib:/opt/ros/noetic/lib:/tmp/.mount_cursora60JV6/usr/lib:/usr/java/packages/lib:/usr/lib/x86_64-linux-gnu/jni:/lib/x86_64-linux-gnu:/usr/lib/x86_64-linux-gnu:/usr/lib/jni:/lib:/usr/lib]
17-Feb-2025 01:41:51.396 INFO [main] org.apache.coyote.AbstractProtocol.init Initializing ProtocolHandler ["http-nio-8080"]
17-Feb-2025 01:41:51.412 INFO [main] org.apache.catalina.startup.Catalina.load Server initialization in [401] milliseconds
17-Feb-2025 01:41:51.454 INFO [main] org.apache.catalina.core.StandardService.startInternal Starting service [Catalina]
17-Feb-2025 01:41:51.455 INFO [main] org.apache.catalina.core.StandardEngine.startInternal Starting Servlet engine: [Apache Tomcat/10.0.10]
17-Feb-2025 01:41:51.460 INFO [main] org.apache.catalina.startup.HostConfig.deployDirectory Deploying web application directory [/home/alumne/proj/FIB-PTI/servlets/apache-tomcat-10.0.10/webapps/host-manager]
17-Feb-2025 01:41:51.609 INFO [main] org.apache.jasper.servlet.TldScanner.scanJars At least one JAR was scanned for TLDs yet contained no TLDs. Enable debug logging for this logger for a complete list of JARs that were scanned but no TLDs were found in them. Skipping unneeded JARs during scanning can improve startup time and JSP compilation time.
17-Feb-2025 01:41:51.636 INFO [main] org.apache.catalina.startup.HostConfig.deployDirectory Deployment of web application directory [/home/alumne/proj/FIB-PTI/servlets/apache-tomcat-10.0.10/webapps/host-manager] has finished in [175] ms
17-Feb-2025 01:41:51.636 INFO [main] org.apache.catalina.startup.HostConfig.deployDirectory Deploying web application directory [/home/alumne/proj/FIB-PTI/servlets/apache-tomcat-10.0.10/webapps/ROOT]
17-Feb-2025 01:41:51.650 INFO [main] org.apache.jasper.servlet.TldScanner.scanJars At least one JAR was scanned for TLDs yet contained no TLDs. Enable debug logging for this logger for a complete list of JARs that were scanned but no TLDs were found in them. Skipping unneeded JARs during scanning can improve startup time and JSP compilation time.
17-Feb-2025 01:41:51.651 INFO [main] org.apache.catalina.startup.HostConfig.deployDirectory Deployment of web application directory [/home/alumne/proj/FIB-PTI/servlets/apache-tomcat-10.0.10/webapps/ROOT] has finished in [15] ms
17-Feb-2025 01:41:51.652 INFO [main] org.apache.catalina.startup.HostConfig.deployDirectory Deploying web application directory [/home/alumne/proj/FIB-PTI/servlets/apache-tomcat-10.0.10/webapps/my_webapp]
17-Feb-2025 01:41:51.674 INFO [main] org.apache.jasper.servlet.TldScanner.scanJars At least one JAR was scanned for TLDs yet contained no TLDs. Enable debug logging for this logger for a complete list of JARs that were scanned but no TLDs were found in them. Skipping unneeded JARs during scanning can improve startup time and JSP compilation time.
17-Feb-2025 01:41:51.678 INFO [main] org.apache.catalina.startup.HostConfig.deployDirectory Deployment of web application directory [/home/alumne/proj/FIB-PTI/servlets/apache-tomcat-10.0.10/webapps/my_webapp] has finished in [27] ms
17-Feb-2025 01:41:51.678 INFO [main] org.apache.catalina.startup.HostConfig.deployDirectory Deploying web application directory [/home/alumne/proj/FIB-PTI/servlets/apache-tomcat-10.0.10/webapps/manager]
17-Feb-2025 01:41:51.696 INFO [main] org.apache.jasper.servlet.TldScanner.scanJars At least one JAR was scanned for TLDs yet contained no TLDs. Enable debug logging for this logger for a complete list of JARs that were scanned but no TLDs were found in them. Skipping unneeded JARs during scanning can improve startup time and JSP compilation time.
17-Feb-2025 01:41:51.697 INFO [main] org.apache.catalina.startup.HostConfig.deployDirectory Deployment of web application directory [/home/alumne/proj/FIB-PTI/servlets/apache-tomcat-10.0.10/webapps/manager] has finished in [19] ms
17-Feb-2025 01:41:51.697 INFO [main] org.apache.catalina.startup.HostConfig.deployDirectory Deploying web application directory [/home/alumne/proj/FIB-PTI/servlets/apache-tomcat-10.0.10/webapps/docs]
17-Feb-2025 01:41:51.708 INFO [main] org.apache.jasper.servlet.TldScanner.scanJars At least one JAR was scanned for TLDs yet contained no TLDs. Enable debug logging for this logger for a complete list of JARs that were scanned but no TLDs were found in them. Skipping unneeded JARs during scanning can improve startup time and JSP compilation time.
17-Feb-2025 01:41:51.709 INFO [main] org.apache.catalina.startup.HostConfig.deployDirectory Deployment of web application directory [/home/alumne/proj/FIB-PTI/servlets/apache-tomcat-10.0.10/webapps/docs] has finished in [12] ms
17-Feb-2025 01:41:51.709 INFO [main] org.apache.catalina.startup.HostConfig.deployDirectory Deploying web application directory [/home/alumne/proj/FIB-PTI/servlets/apache-tomcat-10.0.10/webapps/examples]
17-Feb-2025 01:41:51.809 INFO [main] org.apache.jasper.servlet.TldScanner.scanJars At least one JAR was scanned for TLDs yet contained no TLDs. Enable debug logging for this logger for a complete list of JARs that were scanned but no TLDs were found in them. Skipping unneeded JARs during scanning can improve startup time and JSP compilation time.
17-Feb-2025 01:41:51.818 INFO [main] org.apache.catalina.startup.HostConfig.deployDirectory Deployment of web application directory [/home/alumne/proj/FIB-PTI/servlets/apache-tomcat-10.0.10/webapps/examples] has finished in [109] ms
17-Feb-2025 01:41:51.838 INFO [main] org.apache.coyote.AbstractProtocol.start Starting ProtocolHandler ["http-nio-8080"]
17-Feb-2025 01:41:51.856 INFO [main] org.apache.catalina.startup.Catalina.start Server startup in [443] milliseconds
